{
  "type": "FeatureCollection",
  "features": [
    {
      "type": "Feature",
      "properties": {
        "id": 26862464,
        "name": "Aiguilles Rouges d'Arolla",
        "type": "peak",
        "elevation": 3646,
        "sort_elevation": 3646,
        "website": "",
        "description": "",
        "osm_id": 26862464
      },
      "geometry": {
        "type": "Point",
        "coordinates": [
          7.434648,
          46.0567725
        ]
      }
    },
    {
      "type": "Feature",
      "properties": {
        "id": 26862537,
        "name": "Becca di Luseney",
        "type": "peak",
        "elevation": 3504,
        "sort_elevation": 3504,
        "website": "",
        "description": "",
        "osm_id": 26862537
      },
      "geometry": {
        "type": "Point",
        "coordinates": [
          7.4908648,
          45.8705972
        ]
      }
    },
    {
      "type": "Feature",
      "properties": {
        "id": 26862701,
        "name": "Cima di Capezzone",
        "type": "peak",
        "elevation": 2421,
        "sort_elevation": 2421,
        "website": "",
        "description": "",
        "osm_id": 26862701
      },
      "geometry": {
        "type": "Point",
        "coordinates": [
          8.208915,
          45.9450746
        ]
      }
    },
    {
      "type": "Feature",
      "properties": {
        "id": 26862776,
        "name": "Dent d'Hérens",
        "type": "peak",
        "elevation": 4171,
        "sort_elevation": 4171,
        "website": "",
        "description": "",
        "osm_id": 26862776
      },
      "geometry": {
        "type": "Point",
        "coordinates": [
          7.6050349,
          45.9699788
        ]
      }
    },
    {
      "type": "Feature",
      "properties": {
        "id": 26863472,
        "name": "L'Evêque",
        "type": "peak",
        "elevation": 3716,
        "sort_elevation": 3716,
        "website": "",
        "description": "",
        "osm_id": 26863472
      },
      "geometry": {
        "type": "Point",
        "coordinates": [
          7.5027502,
          45.9644075
        ]
      }
    },
    {
      "type": "Feature",
      "properties": {
        "id": 26863486,
        "name": "La Ruinette",
        "type": "peak",
        "elevation": 3875,
        "sort_elevation": 3875,
        "website": "",
        "description": "",
        "osm_id": 26863486
      },
      "geometry": {
        "type": "Point",
        "coordinates": [
          7.400272,
          45.9791686
        ]
      }
    },
    {
      "type": "Feature",
      "properties": {
        "id": 26863664,
        "name": "Matterhorn",
        "type": "peak",
        "elevation": 4478,
        "sort_elevation": 4478,
        "website": "",
        "description": "",
        "osm_id": 26863664
      },
      "geometry": {
        "type": "Point",
        "coordinates": [
          7.6586024,
          45.9764263
        ]
      }
    },
    {
      "type": "Feature",
      "properties": {
        "id": 26863752,
        "name": "Mont'Orfano",
        "type": "peak",
        "elevation": 794,
        "sort_elevation": 794,
        "website": "",
        "description": "",
        "osm_id": 26863752
      },
      "geometry": {
        "type": "Point",
        "coordinates": [
          8.4529147,
          45.9456683
        ]
      }
    },
    {
      "type": "Feature",
      "properties": {
        "id": 26863887,
        "name": "Monte Limidario",
        "type": "peak",
        "elevation": 2189,
        "sort_elevation": 2189,
        "website": "",
        "description": "",
        "osm_id": 26863887
      },
      "geometry": {
        "type": "Point",
        "coordinates": [
          8.6480764,
          46.123383
        ]
      }
    },
    {
      "type": "Feature",
      "properties": {
        "id": 26863907,
        "name": "Mottarone",
        "type": "peak",
        "elevation": 1491,
        "sort_elevation": 1491,
        "website": "",
        "description": "",
        "osm_id": 26863907
      },
      "geometry": {
        "type": "Point",
        "coordinates": [
          8.453891,
          45.8815402
        ]
      }
    },
    {
      "type": "Feature",
      "properties": {
        "id": 26863911,
        "name": "Mont Nery / Becca Frudiera",
        "type": "peak",
        "elevation": 3075,
        "sort_elevation": 3075,
        "website": "",
        "description": "",
        "osm_id": 26863911
      },
      "geometry": {
        "type": "Point",
        "coordinates": [
          7.8202957,
          45.7156339
        ]
      }
    },
    {
      "type": "Feature",
      "properties": {
        "id": 26863913,
        "name": "Monte Nudo",
        "type": "peak",
        "elevation": 1237,
        "sort_elevation": 1237,
        "website": "",
        "description": "",
        "osm_id": 26863913
      },
      "geometry": {
        "type": "Point",
        "coordinates": [
          8.6893619,
          45.9226253
        ]
      }
    },
    {
      "type": "Feature",
      "properties": {
        "id": 26863982,
        "name": "Monte Tagliaferro",
        "type": "peak",
        "elevation": 2964,
        "sort_elevation": 2964,
        "website": "",
        "description": "",
        "osm_id": 26863982
      },
      "geometry": {
        "type": "Point",
        "coordinates": [
          7.9706991,
          45.8730129
        ]
      }
    },
    {
      "type": "Feature",
      "properties": {
        "id": 26864324,
        "name": "Pizzo Giezza",
        "type": "peak",
        "elevation": 2658,
        "sort_elevation": 2658,
        "website": "",
        "description": "",
        "osm_id": 26864324
      },
      "geometry": {
        "type": "Point",
        "coordinates": [
          8.1965938,
          46.1792743
        ]
      }
    },
    {
      "type": "Feature",
      "properties": {
        "id": 26864385,
        "name": "Punta Tersiva",
        "type": "peak",
        "elevation": 3513,
        "sort_elevation": 3513,
        "website": "",
        "description": "",
        "osm_id": 26864385
      },
      "geometry": {
        "type": "Point",
        "coordinates": [
          7.4761238,
          45.6203085
        ]
      }
    },
    {
      "type": "Feature",
      "properties": {
        "id": 26864448,
        "name": "Rimpfischhorn",
        "type": "peak",
        "elevation": 4198,
        "sort_elevation": 4198,
        "website": "",
        "description": "",
        "osm_id": 26864448
      },
      "geometry": {
        "type": "Point",
        "coordinates": [
          7.8839609,
          46.0231331
        ]
      }
    },
    {
      "type": "Feature",
      "properties": {
        "id": 26864564,
        "name": "Seehorn",
        "type": "peak",
        "elevation": 2439,
        "sort_elevation": 2439,
        "website": "",
        "description": "",
        "osm_id": 26864564
      },
      "geometry": {
        "type": "Point",
        "coordinates": [
          8.1158628,
          46.1823812
        ]
      }
    },
    {
      "type": "Feature",
      "properties": {
        "id": 26864791,
        "name": "Stellihorn",
        "type": "peak",
        "elevation": 3436,
        "sort_elevation": 3436,
        "website": "",
        "description": "",
        "osm_id": 26864791
      },
      "geometry": {
        "type": "Point",
        "coordinates": [
          8.0010375,
          46.0360722
        ]
      }
    },
    {
      "type": "Feature",
      "properties": {
        "id": 26864911,
        "name": "Testa Grigia",
        "type": "peak",
        "elevation": 3314,
        "sort_elevation": 3314,
        "website": "",
        "description": "",
        "osm_id": 26864911
      },
      "geometry": {
        "type": "Point",
        "coordinates": [
          7.7866155,
          45.8308025
        ]
      }
    },
    {
      "type": "Feature",
      "properties": {
        "id": 26865133,
        "name": "Weissmies",
        "type": "peak",
        "elevation": 4011,
        "sort_elevation": 4011,
        "website": "",
        "description": "",
        "osm_id": 26865133
      },
      "geometry": {
        "type": "Point",
        "coordinates": [
          8.0120569,
          46.127633
        ]
      }
    },
    {
      "type": "Feature",
      "properties": {
        "id": 241018682,
        "name": "Hohtälli",
        "type": "peak",
        "elevation": 3286,
        "sort_elevation": 3286,
        "website": "",
        "description": "",
        "osm_id": 241018682
      },
      "geometry": {
        "type": "Point",
        "coordinates": [
          7.8022288,
          45.9890139
        ]
      }
    },
    {
      "type": "Feature",
      "properties": {
        "id": 241018688,
        "name": "Klein Matterhorn",
        "type": "peak",
        "elevation": 3883,
        "sort_elevation": 3883,
        "website": "",
        "description": "",
        "osm_id": 241018688
      },
      "geometry": {
        "type": "Point",
        "coordinates": [
          7.7298888,
          45.9383601
        ]
      }
    },
    {
      "type": "Feature",
      "properties": {
        "id": 251403227,
        "name": "Mischabelhütte",
        "type": "hut",
        "elevation": 3340,
        "sort_elevation": 3340,
        "website": "https://www.mischabelhuette.ch/",
        "description": "",
        "osm_id": 251403227
      },
      "geometry": {
        "type": "Point",
        "coordinates": [
          7.8888023,
          46.1094153
        ]
      }
    },
    {
      "type": "Feature",
      "properties": {
        "id": 251403667,
        "name": "Hohberghorn",
        "type": "peak",
        "elevation": 4219,
        "sort_elevation": 4219,
        "website": "",
        "description": "",
        "osm_id": 251403667
      },
      "geometry": {
        "type": "Point",
        "coordinates": [
          7.8538829,
          46.1125484
        ]
      }
    },
    {
      "type": "Feature",
      "properties": {
        "id": 251404315,
        "name": "Ulrichshorn",
        "type": "peak",
        "elevation": 3925,
        "sort_elevation": 3925,
        "website": "",
        "description": "",
        "osm_id": 251404315
      },
      "geometry": {
        "type": "Point",
        "coordinates": [
          7.8765309,
          46.1177635
        ]
      }
    },
    {
      "type": "Feature",
      "properties": {
        "id": 260547778,
        "name": "Monte Faierone",
        "type": "peak",
        "elevation": 1715,
        "sort_elevation": 1715,
        "website": "",
        "description": "",
        "osm_id": 260547778
      },
      "geometry": {
        "type": "Point",
        "coordinates": [
          8.6570331,
          46.0990291
        ]
      }
    },
    {
      "type": "Feature",
      "properties": {
        "id": 260547797,
        "name": "Monte Zuccaro",
        "type": "peak",
        "elevation": 1683,
        "sort_elevation": 1683,
        "website": "",
        "description": "",
        "osm_id": 260547797
      },
      "geometry": {
        "type": "Point",
        "coordinates": [
          8.6205351,
          46.1011098
        ]
      }
    },
    {
      "type": "Feature",
      "properties": {
        "id": 260547800,
        "name": "Monte Riga",
        "type": "peak",
        "elevation": 1290,
        "sort_elevation": 1290,
        "website": "",
        "description": "",
        "osm_id": 260547800
      },
      "geometry": {
        "type": "Point",
        "coordinates": [
          8.5834639,
          46.0820828
        ]
      }
    },
    {
      "type": "Feature",
      "properties": {
        "id": 260547807,
        "name": "Monte Carza",
        "type": "peak",
        "elevation": 1116,
        "sort_elevation": 1116,
        "website": "",
        "description": "",
        "osm_id": 260547807
      },
      "geometry": {
        "type": "Point",
        "coordinates": [
          8.6804608,
          46.0424372
        ]
      }
    },
    {
      "type": "Feature",
      "properties": {
        "id": 260547951,
        "name": "Cima della Laurasca",
        "type": "peak",
        "elevation": 2193,
        "sort_elevation": 2193,
        "website": "",
        "description": "",
        "osm_id": 260547951
      },
      "geometry": {
        "type": "Point",
        "coordinates": [
          8.4757338,
          46.0581908
        ]
      }
    },
    {
      "type": "Feature",
      "properties": {
        "id": 278891915,
        "name": "San Quirico",
        "type": "peak",
        "elevation": 400,
        "sort_elevation": 400,
        "website": "",
        "description": "",
        "osm_id": 278891915
      },
      "geometry": {
        "type": "Point",
        "coordinates": [
          8.5730261,
          45.786238
        ]
      }
    },
    {
      "type": "Feature",
      "properties": {
        "id": 285907064,
        "name": "Testa della Nouva",
        "type": "peak",
        "elevation": 3034,
        "sort_elevation": 3034,
        "website": "",
        "description": "",
        "osm_id": 285907064
      },
      "geometry": {
        "type": "Point",
        "coordinates": [
          7.4851534,
          45.5820934
        ]
      }
    },
    {
      "type": "Feature",
      "properties": {
        "id": 285907239,
        "name": "Cima di Peradzà",
        "type": "peak",
        "elevation": 3021,
        "sort_elevation": 3021,
        "website": "",
        "description": "",
        "osm_id": 285907239
      },
      "geometry": {
        "type": "Point",
        "coordinates": [
          7.4991345,
          45.5833566
        ]
      }
    },
    {
      "type": "Feature",
      "properties": {
        "id": 285908323,
        "name": "Torre Ponton",
        "type": "peak",
        "elevation": 3101,
        "sort_elevation": 3101,
        "website": "",
        "description": "",
        "osm_id": 285908323
      },
      "geometry": {
        "type": "Point",
        "coordinates": [
          7.4945385,
          45.6036353
        ]
      }
    },
    {
      "type": "Feature",
      "properties": {
        "id": 285909628,
        "name": "Mont Glacier",
        "type": "peak",
        "elevation": 3185,
        "sort_elevation": 3185,
        "website": "",
        "description": "",
        "osm_id": 285909628
      },
      "geometry": {
        "type": "Point",
        "coordinates": [
          7.539424,
          45.6314756
        ]
      }
    },
    {
      "type": "Feature",
      "properties": {
        "id": 290497839,
        "name": "Pigne d'Arolla",
        "type": "peak",
        "elevation": 3787,
        "sort_elevation": 3787,
        "website": "",
        "description": "",
        "osm_id": 290497839
      },
      "geometry": {
        "type": "Point",
        "coordinates": [
          7.4551458,
          45.9913431
        ]
      }
    },
    {
      "type": "Feature",
      "properties": {
        "id": 290522955,
        "name": "Mont Collon",
        "type": "peak",
        "elevation": 3637,
        "sort_elevation": 3637,
        "website": "",
        "description": "",
        "osm_id": 290522955
      },
      "geometry": {
        "type": "Point",
        "coordinates": [
          7.50772,
          45.9772815
        ]
      }
    },
    {
      "type": "Feature",
      "properties": {
        "id": 294171060,
        "name": "Berggasthaus Trift",
        "type": "hut",
        "elevation": 2337,
        "sort_elevation": 2337,
        "website": "http://www.zermatt.ch/trift",
        "description": "",
        "osm_id": 294171060
      },
      "geometry": {
        "type": "Point",
        "coordinates": [
          7.7210708,
          46.0300393
        ]
      }
    },
    {
      "type": "Feature",
      "properties": {
        "id": 300982974,
        "name": "Bec d'Épicoune",
        "type": "peak",
        "elevation": 3531,
        "sort_elevation": 3531,
        "website": "",
        "description": "",
        "osm_id": 300982974
      },
      "geometry": {
        "type": "Point",
        "coordinates": [
          7.4223093,
          45.9145811
        ]
      }
    },
    {
      "type": "Feature",
      "properties": {
        "id": 303116097,
        "name": "Pizzo Marona",
        "type": "peak",
        "elevation": 2051,
        "sort_elevation": 2051,
        "website": "",
        "description": "",
        "osm_id": 303116097
      },
      "geometry": {
        "type": "Point",
        "coordinates": [
          8.5319178,
          46.0326705
        ]
      }
    },
    {
      "type": "Feature",
      "properties": {
        "id": 307153980,
        "name": "Cima Morticci",
        "type": "peak",
        "elevation": 2726,
        "sort_elevation": 2726,
        "website": "",
        "description": "",
        "osm_id": 307153980
      },
      "geometry": {
        "type": "Point",
        "coordinates": [
          7.9304552,
          45.7420532
        ]
      }
    },
    {
      "type": "Feature",
      "properties": {
        "id": 307196932,
        "name": "Punta Gnifetti / Signalkuppe",
        "type": "peak",
        "elevation": 4554,
        "sort_elevation": 4554,
        "website": "",
        "description": "",
        "osm_id": 307196932
      },
      "geometry": {
        "type": "Point",
        "coordinates": [
          7.8770798,
          45.9272119
        ]
      }
    },
    {
      "type": "Feature",
      "properties": {
        "id": 307218738,
        "name": "Joderhorn",
        "type": "peak",
        "elevation": 3036,
        "sort_elevation": 3036,
        "website": "",
        "description": "",
        "osm_id": 307218738
      },
      "geometry": {
        "type": "Point",
        "coordinates": [
          7.989027,
          45.9960011
        ]
      }
    },
    {
      "type": "Feature",
      "properties": {
        "id": 307219462,
        "name": "Schwarzberghorn",
        "type": "peak",
        "elevation": 3609,
        "sort_elevation": 3609,
        "website": "",
        "description": "",
        "osm_id": 307219462
      },
      "geometry": {
        "type": "Point",
        "coordinates": [
          7.908696,
          45.9969671
        ]
      }
    },
    {
      "type": "Feature",
      "properties": {
        "id": 307224472,
        "name": "Ofentalhorn",
        "type": "peak",
        "elevation": 3059,
        "sort_elevation": 3059,
        "website": "",
        "description": "",
        "osm_id": 307224472
      },
      "geometry": {
        "type": "Point",
        "coordinates": [
          8.0123972,
          46.0119878
        ]
      }
    },
    {
      "type": "Feature",
      "properties": {
        "id": 307242905,
        "name": "Pizzo d'Andolla",
        "type": "peak",
        "elevation": 3654,
        "sort_elevation": 3654,
        "website": "",
        "description": "",
        "osm_id": 307242905
      },
      "geometry": {
        "type": "Point",
        "coordinates": [
          8.0347232,
          46.1008515
        ]
      }
    },
    {
      "type": "Feature",
      "properties": {
        "id": 309758417,
        "name": "Cabane de Bertol CAS",
        "type": "hut",
        "elevation": 3311,
        "sort_elevation": 3311,
        "website": "http://www.bertol.ch",
        "description": "",
        "osm_id": 309758417
      },
      "geometry": {
        "type": "Point",
        "coordinates": [
          7.5276735,
          46.0060198
        ]
      }
    },
    {
      "type": "Feature",
      "properties": {
        "id": 316985701,
        "name": "Britanniahütte",
        "type": "hut",
        "elevation": 3030,
        "sort_elevation": 3030,
        "website": "https://www.britannia.ch/",
        "description": "",
        "osm_id": 316985701
      },
      "geometry": {
        "type": "Point",
        "coordinates": [
          7.9350236,
          46.0600605
        ]
      }
    },
    {
      "type": "Feature",
      "properties": {
        "id": 316985761,
        "name": "Strahlhorn",
        "type": "peak",
        "elevation": 4190,
        "sort_elevation": 4190,
        "website": "",
        "description": "",
        "osm_id": 316985761
      },
      "geometry": {
        "type": "Point",
        "coordinates": [
          7.9021703,
          46.0131498
        ]
      }
    },
    {
      "type": "Feature",
      "properties": {
        "id": 316985775,
        "name": "Allalinhorn",
        "type": "peak",
        "elevation": 4027,
        "sort_elevation": 4027,
        "website": "",
        "description": "",
        "osm_id": 316985775
      },
      "geometry": {
        "type": "Point",
        "coordinates": [
          7.8945842,
          46.0460858
        ]
      }
    },
    {
      "type": "Feature",
      "properties": {
        "id": 330088724,
        "name": "Tsoume des Boucs",
        "type": "peak",
        "elevation": 3263,
        "sort_elevation": 3263,
        "website": "",
        "description": "",
        "osm_id": 330088724
      },
      "geometry": {
        "type": "Point",
        "coordinates": [
          7.4023024,
          45.9135115
        ]
      }
    },
    {
      "type": "Feature",
      "properties": {
        "id": 348652049,
        "name": "Cardada",
        "type": "peak",
        "elevation": 1340,
        "sort_elevation": 1340,
        "website": "",
        "description": "",
        "osm_id": 348652049
      },
      "geometry": {
        "type": "Point",
        "coordinates": [
          8.7830021,
          46.191624
        ]
      }
    },
    {
      "type": "Feature",
      "properties": {
        "id": 353049715,
        "name": "Rifugio del Misérin",
        "type": "hut",
        "elevation": 2582,
        "sort_elevation": 2582,
        "website": "https://www.miserinespritlibre.it/",
        "description": "",
        "osm_id": 353049715
      },
      "geometry": {
        "type": "Point",
        "coordinates": [
          7.5214985,
          45.6027461
        ]
      }
    },
    {
      "type": "Feature",
      "properties": {
        "id": 353049719,
        "name": "Rifugio Barbustel",
        "type": "hut",
        "elevation": 2132,
        "sort_elevation": 2132,
        "website": "",
        "description": "",
        "osm_id": 353049719
      },
      "geometry": {
        "type": "Point",
        "coordinates": [
          7.5884154,
          45.6491892
        ]
      }
    },
    {
      "type": "Feature",
      "properties": {
        "id": 353049747,
        "name": "Rifugio Gabiet",
        "type": "hut",
        "elevation": 2370,
        "sort_elevation": 2370,
        "website": "",
        "description": "",
        "osm_id": 353049747
      },
      "geometry": {
        "type": "Point",
        "coordinates": [
          7.8496032,
          45.8543498
        ]
      }
    },
    {
      "type": "Feature",
      "properties": {
        "id": 353049753,
        "name": "Orestes Hütte",
        "type": "hut",
        "elevation": 2625,
        "sort_elevation": 2625,
        "website": "",
        "description": "",
        "osm_id": 353049753
      },
      "geometry": {
        "type": "Point",
        "coordinates": [
          7.8500386,
          45.8743718
        ]
      }
    },
    {
      "type": "Feature",
      "properties": {
        "id": 353049771,
        "name": "Rifugio Alpenzu Grande",
        "type": "hut",
        "elevation": 1779,
        "sort_elevation": 1779,
        "website": "http://www.rifugioalpenzu.it/",
        "description": "",
        "osm_id": 353049771
      },
      "geometry": {
        "type": "Point",
        "coordinates": [
          7.8161253,
          45.7991516
        ]
      }
    },
    {
      "type": "Feature",
      "properties": {
        "id": 353049781,
        "name": "Rifugio Arp",
        "type": "hut",
        "elevation": 2439,
        "sort_elevation": 2439,
        "website": "https://rifugioarp.com/",
        "description": "",
        "osm_id": 353049781
      },
      "geometry": {
        "type": "Point",
        "coordinates": [
          7.7771534,
          45.7872819
        ]
      }
    },
    {
      "type": "Feature",
      "properties": {
        "id": 353049783,
        "name": "Rifugio Ottorino Mezzalama",
        "type": "hut",
        "elevation": 3036,
        "sort_elevation": 3036,
        "website": "",
        "description": "",
        "osm_id": 353049783
      },
      "geometry": {
        "type": "Point",
        "coordinates": [
          7.7594328,
          45.9137046
        ]
      }
    },
    {
      "type": "Feature",
      "properties": {
        "id": 353049786,
        "name": "Rifugio Guide d'Ayas",
        "type": "hut",
        "elevation": 3388,
        "sort_elevation": 3388,
        "website": "http://guidechampoluc.com/il-rifugio/",
        "description": "",
        "osm_id": 353049786
      },
      "geometry": {
        "type": "Point",
        "coordinates": [
          7.7671383,
          45.9206025
        ]
      }
    },
    {
      "type": "Feature",
      "properties": {
        "id": 353049798,
        "name": "Rifugio Vieux Crest",
        "type": "hut",
        "elevation": 1934,
        "sort_elevation": 1934,
        "website": "https://www.refugevieuxcrest.com/",
        "description": "",
        "osm_id": 353049798
      },
      "geometry": {
        "type": "Point",
        "coordinates": [
          7.7392614,
          45.8333523
        ]
      }
    },
    {
      "type": "Feature",
      "properties": {
        "id": 353049800,
        "name": "Rifugio G.B. Ferraro",
        "type": "hut",
        "elevation": 2077,
        "sort_elevation": 2077,
        "website": "https://www.rifugioferraro.com/",
        "description": "",
        "osm_id": 353049800
      },
      "geometry": {
        "type": "Point",
        "coordinates": [
          7.7398828,
          45.866023
        ]
      }
    },
    {
      "type": "Feature",
      "properties": {
        "id": 353049803,
        "name": "Rifugio Guide di Frachey",
        "type": "hut",
        "elevation": 2072,
        "sort_elevation": 2072,
        "website": "www.rifugioguidefrachey.it",
        "description": "",
        "osm_id": 353049803
      },
      "geometry": {
        "type": "Point",
        "coordinates": [
          7.7393751,
          45.8657804
        ]
      }
    },
    {
      "type": "Feature",
      "properties": {
        "id": 353049806,
        "name": "Rifugio L'Ermitage",
        "type": "hut",
        "elevation": 1922,
        "sort_elevation": 1922,
        "website": "http://www.rifugioermitage.com/",
        "description": "",
        "osm_id": 353049806
      },
      "geometry": {
        "type": "Point",
        "coordinates": [
          7.6168909,
          45.8417512
        ]
      }
    },
    {
      "type": "Feature",
      "properties": {
        "id": 353049808,
        "name": "Rifugio Grand Tournalin",
        "type": "hut",
        "elevation": 2550,
        "sort_elevation": 2550,
        "website": "https://www.rifugiograndtournalin.com/en/",
        "description": "",
        "osm_id": 353049808
      },
      "geometry": {
        "type": "Point",
        "coordinates": [
          7.6938018,
          45.8585089
        ]
      }
    },
    {
      "type": "Feature",
      "properties": {
        "id": 353049817,
        "name": "Rifugio Jean Barmasse",
        "type": "hut",
        "elevation": 2165,
        "sort_elevation": 2165,
        "website": "https://www.rifugiocuney.it/it/il-rifugio-barmasse/",
        "description": "",
        "osm_id": 353049817
      },
      "geometry": {
        "type": "Point",
        "coordinates": [
          7.5933535,
          45.8766866
        ]
      }
    },
    {
      "type": "Feature",
      "properties": {
        "id": 353049825,
        "name": "Rifugio Prarayer",
        "type": "hut",
        "elevation": 2005,
        "sort_elevation": 2005,
        "website": "http://www.rifugio-prarayer.it/",
        "description": "",
        "osm_id": 353049825
      },
      "geometry": {
        "type": "Point",
        "coordinates": [
          7.5329516,
          45.921088
        ]
      }
    },
    {
      "type": "Feature",
      "properties": {
        "id": 353049828,
        "name": "Rifugio Nacamuli al col Collon",
        "type": "hut",
        "elevation": 2818,
        "sort_elevation": 2818,
        "website": "https://www.caitorino.it/rifugi/nacamuli/",
        "description": "",
        "osm_id": 353049828
      },
      "geometry": {
        "type": "Point",
        "coordinates": [
          7.500523,
          45.9484535
        ]
      }
    },
    {
      "type": "Feature",
      "properties": {
        "id": 353049833,
        "name": "Rifugio Aosta",
        "type": "hut",
        "elevation": 2785,
        "sort_elevation": 2785,
        "website": "https://www.rifugioaosta.it/",
        "description": "",
        "osm_id": 353049833
      },
      "geometry": {
        "type": "Point",
        "coordinates": [
          7.5614355,
          45.9695538
        ]
      }
    },
    {
      "type": "Feature",
      "properties": {
        "id": 353049844,
        "name": "Rifugio Oratorio di Cuney",
        "type": "hut",
        "elevation": 2655,
        "sort_elevation": 2655,
        "website": "http://www.rifugiocuney.it/",
        "description": "",
        "osm_id": 353049844
      },
      "geometry": {
        "type": "Point",
        "coordinates": [
          7.4841751,
          45.8415305
        ]
      }
    },
    {
      "type": "Feature",
      "properties": {
        "id": 355336844,
        "name": "Bivacco Gastaldi",
        "type": "bivouac",
        "elevation": 2630,
        "sort_elevation": 2630,
        "website": "http://www.msmountain.it/aroundw/rifugi/bivacco_gastaldi.html",
        "description": "",
        "osm_id": 355336844
      },
      "geometry": {
        "type": "Point",
        "coordinates": [
          7.8522162,
          45.8267033
        ]
      }
    },
    {
      "type": "Feature",
      "properties": {
        "id": 359935435,
        "name": "Nadelhorn",
        "type": "peak",
        "elevation": 4327,
        "sort_elevation": 4327,
        "website": "",
        "description": "",
        "osm_id": 359935435
      },
      "geometry": {
        "type": "Point",
        "coordinates": [
          7.8640606,
          46.1088792
        ]
      }
    },
    {
      "type": "Feature",
      "properties": {
        "id": 359937155,
        "name": "Täschhorn",
        "type": "peak",
        "elevation": 4490,
        "sort_elevation": 4490,
        "website": "",
        "description": "",
        "osm_id": 359937155
      },
      "geometry": {
        "type": "Point",
        "coordinates": [
          7.8571946,
          46.0834343
        ]
      }
    },
    {
      "type": "Feature",
      "properties": {
        "id": 359938396,
        "name": "Dirruhorn",
        "type": "peak",
        "elevation": 4035,
        "sort_elevation": 4035,
        "website": "",
        "description": "",
        "osm_id": 359938396
      },
      "geometry": {
        "type": "Point",
        "coordinates": [
          7.8482252,
          46.1196501
        ]
      }
    },
    {
      "type": "Feature",
      "properties": {
        "id": 361179471,
        "name": "Pointe de Masserey",
        "type": "peak",
        "elevation": 2841,
        "sort_elevation": 2841,
        "website": "",
        "description": "",
        "osm_id": 361179471
      },
      "geometry": {
        "type": "Point",
        "coordinates": [
          7.4913816,
          46.1828864
        ]
      }
    },
    {
      "type": "Feature",
      "properties": {
        "id": 361367417,
        "name": "Corno Nero",
        "type": "peak",
        "elevation": 4322,
        "sort_elevation": 4322,
        "website": "",
        "description": "",
        "osm_id": 361367417
      },
      "geometry": {
        "type": "Point",
        "coordinates": [
          7.8619768,
          45.914971
        ]
      }
    },
    {
      "type": "Feature",
      "properties": {
        "id": 364072386,
        "name": "Castor",
        "type": "peak",
        "elevation": 4228,
        "sort_elevation": 4228,
        "website": "",
        "description": "",
        "osm_id": 364072386
      },
      "geometry": {
        "type": "Point",
        "coordinates": [
          7.7932734,
          45.9208491
        ]
      }
    },
    {
      "type": "Feature",
      "properties": {
        "id": 364072387,
        "name": "Pollux",
        "type": "peak",
        "elevation": 4092,
        "sort_elevation": 4092,
        "website": "",
        "description": "",
        "osm_id": 364072387
      },
      "geometry": {
        "type": "Point",
        "coordinates": [
          7.7853104,
          45.9278079
        ]
      }
    },
    {
      "type": "Feature",
      "properties": {
        "id": 364956853,
        "name": "Zinalrothorn",
        "type": "peak",
        "elevation": 4221,
        "sort_elevation": 4221,
        "website": "",
        "description": "",
        "osm_id": 364956853
      },
      "geometry": {
        "type": "Point",
        "coordinates": [
          7.6901238,
          46.0648271
        ]
      }
    },
    {
      "type": "Feature",
      "properties": {
        "id": 365064161,
        "name": "Breithorn Occidentale / Westgipfel",
        "type": "peak",
        "elevation": 4164,
        "sort_elevation": 4164,
        "website": "",
        "description": "",
        "osm_id": 365064161
      },
      "geometry": {
        "type": "Point",
        "coordinates": [
          7.7476801,
          45.9410548
        ]
      }
    },
    {
      "type": "Feature",
      "properties": {
        "id": 365064325,
        "name": "Zumsteinspitze",
        "type": "peak",
        "elevation": 4562,
        "sort_elevation": 4562,
        "website": "",
        "description": "",
        "osm_id": 365064325
      },
      "geometry": {
        "type": "Point",
        "coordinates": [
          7.8714077,
          45.9321656
        ]
      }
    },
    {
      "type": "Feature",
      "properties": {
        "id": 381026879,
        "name": "Corne de Sorebois",
        "type": "peak",
        "elevation": 2895,
        "sort_elevation": 2895,
        "website": "",
        "description": "",
        "osm_id": 381026879
      },
      "geometry": {
        "type": "Point",
        "coordinates": [
          7.5866098,
          46.1508701
        ]
      }
    },
    {
      "type": "Feature",
      "properties": {
        "id": 393165511,
        "name": "Adlerhorn",
        "type": "peak",
        "elevation": 3988,
        "sort_elevation": 3988,
        "website": "",
        "description": "",
        "osm_id": 393165511
      },
      "geometry": {
        "type": "Point",
        "coordinates": [
          7.8889603,
          46.0091826
        ]
      }
    },
    {
      "type": "Feature",
      "properties": {
        "id": 393165629,
        "name": "Riffelhorn",
        "type": "peak",
        "elevation": 2927,
        "sort_elevation": 2927,
        "website": "",
        "description": "",
        "osm_id": 393165629
      },
      "geometry": {
        "type": "Point",
        "coordinates": [
          7.757785,
          45.9811426
        ]
      }
    },
    {
      "type": "Feature",
      "properties": {
        "id": 393165636,
        "name": "Gugle",
        "type": "peak",
        "elevation": 2721,
        "sort_elevation": 2721,
        "website": "",
        "description": "",
        "osm_id": 393165636
      },
      "geometry": {
        "type": "Point",
        "coordinates": [
          7.7680179,
          45.9980302
        ]
      }
    },
    {
      "type": "Feature",
      "properties": {
        "id": 393167833,
        "name": "Mettelhorn",
        "type": "peak",
        "elevation": 3410,
        "sort_elevation": 3410,
        "website": "",
        "description": "",
        "osm_id": 393167833
      },
      "geometry": {
        "type": "Point",
        "coordinates": [
          7.7416766,
          46.0556697
        ]
      }
    },
    {
      "type": "Feature",
      "properties": {
        "id": 393169560,
        "name": "Trifthorn",
        "type": "peak",
        "elevation": 3737,
        "sort_elevation": 3737,
        "website": "",
        "description": "",
        "osm_id": 393169560
      },
      "geometry": {
        "type": "Point",
        "coordinates": [
          7.6782953,
          46.0514575
        ]
      }
    },
    {
      "type": "Feature",
      "properties": {
        "id": 393169561,
        "name": "Ober Gabelhorn",
        "type": "peak",
        "elevation": 4073,
        "sort_elevation": 4073,
        "website": "",
        "description": "",
        "osm_id": 393169561
      },
      "geometry": {
        "type": "Point",
        "coordinates": [
          7.6680403,
          46.0385988
        ]
      }
    },
    {
      "type": "Feature",
      "properties": {
        "id": 393169562,
        "name": "Mont Durand",
        "type": "peak",
        "elevation": 3712,
        "sort_elevation": 3712,
        "website": "",
        "description": "",
        "osm_id": 393169562
      },
      "geometry": {
        "type": "Point",
        "coordinates": [
          7.6505095,
          46.0337197
        ]
      }
    },
    {
      "type": "Feature",
      "properties": {
        "id": 393169563,
        "name": "Pointe de Zinal",
        "type": "peak",
        "elevation": 3790,
        "sort_elevation": 3790,
        "website": "",
        "description": "",
        "osm_id": 393169563
      },
      "geometry": {
        "type": "Point",
        "coordinates": [
          7.6304632,
          46.0272094
        ]
      }
    },
    {
      "type": "Feature",
      "properties": {
        "id": 393169669,
        "name": "Tête Blanche",
        "type": "peak",
        "elevation": 3710,
        "sort_elevation": 3710,
        "website": "",
        "description": "",
        "osm_id": 393169669
      },
      "geometry": {
        "type": "Point",
        "coordinates": [
          7.5753265,
          45.9865879
        ]
      }
    },
    {
      "type": "Feature",
      "properties": {
        "id": 393169860,
        "name": "Stockje",
        "type": "peak",
        "elevation": 3097,
        "sort_elevation": 3097,
        "website": "",
        "description": "",
        "osm_id": 393169860
      },
      "geometry": {
        "type": "Point",
        "coordinates": [
          7.6104401,
          45.9943975
        ]
      }
    },
    {
      "type": "Feature",
      "properties": {
        "id": 393171421,
        "name": "Liskamm Westgipfel",
        "type": "peak",
        "elevation": 4479,
        "sort_elevation": 4479,
        "website": "",
        "description": "",
        "osm_id": 393171421
      },
      "geometry": {
        "type": "Point",
        "coordinates": [
          7.8232487,
          45.9264813
        ]
      }
    },
    {
      "type": "Feature",
      "properties": {
        "id": 393172218,
        "name": "Pointe de Bricolla",
        "type": "peak",
        "elevation": 3573,
        "sort_elevation": 3573,
        "website": "",
        "description": "",
        "osm_id": 393172218
      },
      "geometry": {
        "type": "Point",
        "coordinates": [
          7.5917457,
          46.0625036
        ]
      }
    },
    {
      "type": "Feature",
      "properties": {
        "id": 393172219,
        "name": "Grand Cornier",
        "type": "peak",
        "elevation": 3969,
        "sort_elevation": 3969,
        "website": "",
        "description": "",
        "osm_id": 393172219
      },
      "geometry": {
        "type": "Point",
        "coordinates": [
          7.6115672,
          46.0521309
        ]
      }
    },
    {
      "type": "Feature",
      "properties": {
        "id": 393192159,
        "name": "Unter Gabelhorn",
        "type": "peak",
        "elevation": 3398,
        "sort_elevation": 3398,
        "website": "",
        "description": "",
        "osm_id": 393192159
      },
      "geometry": {
        "type": "Point",
        "coordinates": [
          7.6967811,
          46.026192
        ]
      }
    },
    {
      "type": "Feature",
      "properties": {
        "id": 393192181,
        "name": "Oberrothorn",
        "type": "peak",
        "elevation": 3413,
        "sort_elevation": 3413,
        "website": "",
        "description": "",
        "osm_id": 393192181
      },
      "geometry": {
        "type": "Point",
        "coordinates": [
          7.8127956,
          46.0275389
        ]
      }
    },
    {
      "type": "Feature",
      "properties": {
        "id": 393192182,
        "name": "Bösentrift",
        "type": "peak",
        "elevation": 3253,
        "sort_elevation": 3253,
        "website": "",
        "description": "",
        "osm_id": 393192182
      },
      "geometry": {
        "type": "Point",
        "coordinates": [
          7.8029684,
          46.0382802
        ]
      }
    },
    {
      "type": "Feature",
      "properties": {
        "id": 401234276,
        "name": "Theodulhorn",
        "type": "peak",
        "elevation": 3472,
        "sort_elevation": 3472,
        "website": "",
        "description": "",
        "osm_id": 401234276
      },
      "geometry": {
        "type": "Point",
        "coordinates": [
          7.7084189,
          45.9493215
        ]
      }
    },
    {
      "type": "Feature",
      "properties": {
        "id": 401234279,
        "name": "Pizzo Bianco",
        "type": "peak",
        "elevation": 3215,
        "sort_elevation": 3215,
        "website": "",
        "description": "",
        "osm_id": 401234279
      },
      "geometry": {
        "type": "Point",
        "coordinates": [
          7.9397421,
          45.9371819
        ]
      }
    },
    {
      "type": "Feature",
      "properties": {
        "id": 401234280,
        "name": "Ludwigshöhe",
        "type": "peak",
        "elevation": 4342,
        "sort_elevation": 4342,
        "website": "",
        "description": "",
        "osm_id": 401234280
      },
      "geometry": {
        "type": "Point",
        "coordinates": [
          7.8634831,
          45.916714
        ]
      }
    },
    {
      "type": "Feature",
      "properties": {
        "id": 401234281,
        "name": "Parrotspitze / Punta Parrot",
        "type": "peak",
        "elevation": 4443,
        "sort_elevation": 4443,
        "website": "",
        "description": "",
        "osm_id": 401234281
      },
      "geometry": {
        "type": "Point",
        "coordinates": [
          7.8714139,
          45.9198893
        ]
      }
    },
    {
      "type": "Feature",
      "properties": {
        "id": 401234364,
        "name": "Jägerhorn",
        "type": "peak",
        "elevation": 3970,
        "sort_elevation": 3970,
        "website": "",
        "description": "",
        "osm_id": 401234364
      },
      "geometry": {
        "type": "Point",
        "coordinates": [
          7.8771753,
          45.9525641
        ]
      }
    },
    {
      "type": "Feature",
      "properties": {
        "id": 401234365,
        "name": "Blattje",
        "type": "peak",
        "elevation": 3361,
        "sort_elevation": 3361,
        "website": "",
        "description": "",
        "osm_id": 401234365
      },
      "geometry": {
        "type": "Point",
        "coordinates": [
          7.8304021,
          45.9497663
        ]
      }
    },
    {
      "type": "Feature",
      "properties": {
        "id": 401234366,
        "name": "Fluchthorn",
        "type": "peak",
        "elevation": 3802,
        "sort_elevation": 3802,
        "website": "",
        "description": "",
        "osm_id": 401234366
      },
      "geometry": {
        "type": "Point",
        "coordinates": [
          7.9154777,
          46.021213
        ]
      }
    },
    {
      "type": "Feature",
      "properties": {
        "id": 401234368,
        "name": "Stockhorn",
        "type": "peak",
        "elevation": 3532,
        "sort_elevation": 3532,
        "website": "",
        "description": "",
        "osm_id": 401234368
      },
      "geometry": {
        "type": "Point",
        "coordinates": [
          7.8378157,
          45.9856544
        ]
      }
    },
    {
      "type": "Feature",
      "properties": {
        "id": 401234369,
        "name": "Monte Moro",
        "type": "peak",
        "elevation": 2985,
        "sort_elevation": 2985,
        "website": "",
        "description": "",
        "osm_id": 401234369
      },
      "geometry": {
        "type": "Point",
        "coordinates": [
          7.974963,
          45.9992259
        ]
      }
    },
    {
      "type": "Feature",
      "properties": {
        "id": 412877074,
        "name": "Monte Pian Bello",
        "type": "peak",
        "elevation": 1325,
        "sort_elevation": 1325,
        "website": "",
        "description": "",
        "osm_id": 412877074
      },
      "geometry": {
        "type": "Point",
        "coordinates": [
          8.6483856,
          46.0453716
        ]
      }
    },
    {
      "type": "Feature",
      "properties": {
        "id": 413448231,
        "name": "Mittaghorn",
        "type": "peak",
        "elevation": 3143,
        "sort_elevation": 3143,
        "website": "",
        "description": "",
        "osm_id": 413448231
      },
      "geometry": {
        "type": "Point",
        "coordinates": [
          7.9377276,
          46.0845852
        ]
      }
    },
    {
      "type": "Feature",
      "properties": {
        "id": 414760065,
        "name": "Dufourspitze",
        "type": "peak",
        "elevation": 4634,
        "sort_elevation": 4634,
        "website": "",
        "description": "",
        "osm_id": 414760065
      },
      "geometry": {
        "type": "Point",
        "coordinates": [
          7.866757,
          45.9369238
        ]
      }
    },
    {
      "type": "Feature",
      "properties": {
        "id": 444277135,
        "name": "Platthorn",
        "type": "peak",
        "elevation": 3345,
        "sort_elevation": 3345,
        "website": "",
        "description": "",
        "osm_id": 444277135
      },
      "geometry": {
        "type": "Point",
        "coordinates": [
          7.736399,
          46.053706
        ]
      }
    },
    {
      "type": "Feature",
      "properties": {
        "id": 456920789,
        "name": "Testa Grigia",
        "type": "peak",
        "elevation": 3480,
        "sort_elevation": 3480,
        "website": "",
        "description": "",
        "osm_id": 456920789
      },
      "geometry": {
        "type": "Point",
        "coordinates": [
          7.708073,
          45.9341356
        ]
      }
    },
    {
      "type": "Feature",
      "properties": {
        "id": 458278706,
        "name": "Mont Blanc de Cheilon",
        "type": "peak",
        "elevation": 3870,
        "sort_elevation": 3870,
        "website": "",
        "description": "",
        "osm_id": 458278706
      },
      "geometry": {
        "type": "Point",
        "coordinates": [
          7.4172293,
          45.9935705
        ]
      }
    },
    {
      "type": "Feature",
      "properties": {
        "id": 458861318,
        "name": "Sex Quinaudoz",
        "type": "peak",
        "elevation": 3209,
        "sort_elevation": 3209,
        "website": "",
        "description": "",
        "osm_id": 458861318
      },
      "geometry": {
        "type": "Point",
        "coordinates": [
          7.4031843,
          46.0191115
        ]
      }
    },
    {
      "type": "Feature",
      "properties": {
        "id": 458861333,
        "name": "Pointe de Vouasson",
        "type": "peak",
        "elevation": 3490,
        "sort_elevation": 3490,
        "website": "",
        "description": "",
        "osm_id": 458861333
      },
      "geometry": {
        "type": "Point",
        "coordinates": [
          7.4254333,
          46.0715008
        ]
      }
    },
    {
      "type": "Feature",
      "properties": {
        "id": 459849508,
        "name": "Mont Gautier",
        "type": "peak",
        "elevation": 2696,
        "sort_elevation": 2696,
        "website": "",
        "description": "",
        "osm_id": 459849508
      },
      "geometry": {
        "type": "Point",
        "coordinates": [
          7.4924517,
          46.1973751
        ]
      }
    },
    {
      "type": "Feature",
      "properties": {
        "id": 459849510,
        "name": "La Bréchette",
        "type": "peak",
        "elevation": 2661,
        "sort_elevation": 2661,
        "website": "",
        "description": "",
        "osm_id": 459849510
      },
      "geometry": {
        "type": "Point",
        "coordinates": [
          7.4893419,
          46.1936689
        ]
      }
    },
    {
      "type": "Feature",
      "properties": {
        "id": 459849513,
        "name": "Becca di Lovegno",
        "type": "peak",
        "elevation": 2821,
        "sort_elevation": 2821,
        "website": "",
        "description": "",
        "osm_id": 459849513
      },
      "geometry": {
        "type": "Point",
        "coordinates": [
          7.4886689,
          46.1788367
        ]
      }
    },
    {
      "type": "Feature",
      "properties": {
        "id": 459849525,
        "name": "Palanche de la Cretta",
        "type": "peak",
        "elevation": 2926,
        "sort_elevation": 2926,
        "website": "",
        "description": "",
        "osm_id": 459849525
      },
      "geometry": {
        "type": "Point",
        "coordinates": [
          7.464524,
          46.0942374
        ]
      }
    },
    {
      "type": "Feature",
      "properties": {
        "id": 459849530,
        "name": "Le Troûco",
        "type": "peak",
        "elevation": 2549,
        "sort_elevation": 2549,
        "website": "",
        "description": "",
        "osm_id": 459849530
      },
      "geometry": {
        "type": "Point",
        "coordinates": [
          7.4703921,
          46.0440957
        ]
      }
    },
    {
      "type": "Feature",
      "properties": {
        "id": 459849536,
        "name": "Mont de l'Étoile",
        "type": "peak",
        "elevation": 3370,
        "sort_elevation": 3370,
        "website": "",
        "description": "",
        "osm_id": 459849536
      },
      "geometry": {
        "type": "Point",
        "coordinates": [
          7.4501665,
          46.0739311
        ]
      }
    },
    {
      "type": "Feature",
      "properties": {
        "id": 459849545,
        "name": "La Roussette",
        "type": "peak",
        "elevation": 3262,
        "sort_elevation": 3262,
        "website": "",
        "description": "",
        "osm_id": 459849545
      },
      "geometry": {
        "type": "Point",
        "coordinates": [
          7.4468705,
          46.036843
        ]
      }
    },
    {
      "type": "Feature",
      "properties": {
        "id": 459849555,
        "name": "Monts Rouges",
        "type": "peak",
        "elevation": 3167,
        "sort_elevation": 3167,
        "website": "",
        "description": "",
        "osm_id": 459849555
      },
      "geometry": {
        "type": "Point",
        "coordinates": [
          7.4323724,
          46.0243118
        ]
      }
    },
    {
      "type": "Feature",
      "properties": {
        "id": 460379074,
        "name": "Klein Allalin",
        "type": "peak",
        "elevation": 3070,
        "sort_elevation": 3070,
        "website": "",
        "description": "",
        "osm_id": 460379074
      },
      "geometry": {
        "type": "Point",
        "coordinates": [
          7.93739,
          46.059597
        ]
      }
    },
    {
      "type": "Feature",
      "properties": {
        "id": 465246661,
        "name": "Monte Sirti",
        "type": "peak",
        "elevation": 1343,
        "sort_elevation": 1343,
        "website": "",
        "description": "",
        "osm_id": 465246661
      },
      "geometry": {
        "type": "Point",
        "coordinates": [
          8.7846689,
          46.0781289
        ]
      }
    },
    {
      "type": "Feature",
      "properties": {
        "id": 465246662,
        "name": "Monte Cadrigna",
        "type": "peak",
        "elevation": 1303,
        "sort_elevation": 1303,
        "website": "",
        "description": "",
        "osm_id": 465246662
      },
      "geometry": {
        "type": "Point",
        "coordinates": [
          8.7689655,
          46.0715283
        ]
      }
    },
    {
      "type": "Feature",
      "properties": {
        "id": 465246663,
        "name": "Monte Bedea",
        "type": "peak",
        "elevation": 665,
        "sort_elevation": 665,
        "website": "",
        "description": "",
        "osm_id": 465246663
      },
      "geometry": {
        "type": "Point",
        "coordinates": [
          8.7768453,
          46.0106486
        ]
      }
    },
    {
      "type": "Feature",
      "properties": {
        "id": 465246664,
        "name": "Monte Clivio",
        "type": "peak",
        "elevation": 739,
        "sort_elevation": 739,
        "website": "",
        "description": "",
        "osm_id": 465246664
      },
      "geometry": {
        "type": "Point",
        "coordinates": [
          8.794823,
          46.0135173
        ]
      }
    },
    {
      "type": "Feature",
      "properties": {
        "id": 465246667,
        "name": "Monte Gradisea",
        "type": "peak",
        "elevation": 1050,
        "sort_elevation": 1050,
        "website": "",
        "description": "",
        "osm_id": 465246667
      },
      "geometry": {
        "type": "Point",
        "coordinates": [
          8.7952298,
          46.0465128
        ]
      }
    },
    {
      "type": "Feature",
      "properties": {
        "id": 465246668,
        "name": "Monte Colmegnino",
        "type": "peak",
        "elevation": 1019,
        "sort_elevation": 1019,
        "website": "",
        "description": "",
        "osm_id": 465246668
      },
      "geometry": {
        "type": "Point",
        "coordinates": [
          8.7981695,
          46.0342552
        ]
      }
    },
    {
      "type": "Feature",
      "properties": {
        "id": 465246670,
        "name": "Monte Borgna",
        "type": "peak",
        "elevation": 1163,
        "sort_elevation": 1163,
        "website": "",
        "description": "",
        "osm_id": 465246670
      },
      "geometry": {
        "type": "Point",
        "coordinates": [
          8.7470446,
          46.0778645
        ]
      }
    },
    {
      "type": "Feature",
      "properties": {
        "id": 465275697,
        "name": "Punta di Orino",
        "type": "peak",
        "elevation": 1139,
        "sort_elevation": 1139,
        "website": "",
        "description": "",
        "osm_id": 465275697
      },
      "geometry": {
        "type": "Point",
        "coordinates": [
          8.7372245,
          45.8730475
        ]
      }
    },
    {
      "type": "Feature",
      "properties": {
        "id": 465507028,
        "name": "Sasso Meree",
        "type": "peak",
        "elevation": 479,
        "sort_elevation": 479,
        "website": "",
        "description": "",
        "osm_id": 465507028
      },
      "geometry": {
        "type": "Point",
        "coordinates": [
          8.7834574,
          45.907644
        ]
      }
    },
    {
      "type": "Feature",
      "properties": {
        "id": 465507046,
        "name": "Monte Pian Nave",
        "type": "peak",
        "elevation": 1060,
        "sort_elevation": 1060,
        "website": "",
        "description": "",
        "osm_id": 465507046
      },
      "geometry": {
        "type": "Point",
        "coordinates": [
          8.7220504,
          45.950016
        ]
      }
    },
    {
      "type": "Feature",
      "properties": {
        "id": 465507077,
        "name": "La Motta d'Oro",
        "type": "peak",
        "elevation": 520,
        "sort_elevation": 520,
        "website": "",
        "description": "",
        "osm_id": 465507077
      },
      "geometry": {
        "type": "Point",
        "coordinates": [
          8.7302746,
          45.8481748
        ]
      }
    },
    {
      "type": "Feature",
      "properties": {
        "id": 465507094,
        "name": "Monti di Castelvecchio",
        "type": "peak",
        "elevation": 622,
        "sort_elevation": 622,
        "website": "",
        "description": "",
        "osm_id": 465507094
      },
      "geometry": {
        "type": "Point",
        "coordinates": [
          8.7973782,
          45.9488179
        ]
      }
    },
    {
      "type": "Feature",
      "properties": {
        "id": 465507139,
        "name": "Monte Scirlago",
        "type": "peak",
        "elevation": 321,
        "sort_elevation": 321,
        "website": "",
        "description": "",
        "osm_id": 465507139
      },
      "geometry": {
        "type": "Point",
        "coordinates": [
          8.6747863,
          45.8905972
        ]
      }
    },
    {
      "type": "Feature",
      "properties": {
        "id": 465507147,
        "name": "Monte Legnone",
        "type": "peak",
        "elevation": 868,
        "sort_elevation": 868,
        "website": "",
        "description": "",
        "osm_id": 465507147
      },
      "geometry": {
        "type": "Point",
        "coordinates": [
          8.7956743,
          45.8754195
        ]
      }
    },
    {
      "type": "Feature",
      "properties": {
        "id": 465507216,
        "name": "Monte Brianza",
        "type": "peak",
        "elevation": 316,
        "sort_elevation": 316,
        "website": "",
        "description": "",
        "osm_id": 465507216
      },
      "geometry": {
        "type": "Point",
        "coordinates": [
          8.6119993,
          45.9044913
        ]
      }
    },
    {
      "type": "Feature",
      "properties": {
        "id": 465507245,
        "name": "Monte della Colonna",
        "type": "peak",
        "elevation": 1199,
        "sort_elevation": 1199,
        "website": "",
        "description": "",
        "osm_id": 465507245
      },
      "geometry": {
        "type": "Point",
        "coordinates": [
          8.7222845,
          45.9291839
        ]
      }
    },
    {
      "type": "Feature",
      "properties": {
        "id": 465507252,
        "name": "Monte Rossel",
        "type": "peak",
        "elevation": 978,
        "sort_elevation": 978,
        "website": "",
        "description": "",
        "osm_id": 465507252
      },
      "geometry": {
        "type": "Point",
        "coordinates": [
          8.7213995,
          45.9226413
        ]
      }
    },
    {
      "type": "Feature",
      "properties": {
        "id": 465507265,
        "name": "Monte Morto",
        "type": "peak",
        "elevation": 721,
        "sort_elevation": 721,
        "website": "",
        "description": "",
        "osm_id": 465507265
      },
      "geometry": {
        "type": "Point",
        "coordinates": [
          8.7205165,
          45.8646204
        ]
      }
    },
    {
      "type": "Feature",
      "properties": {
        "id": 465507279,
        "name": "Monte della Rocca",
        "type": "peak",
        "elevation": 470,
        "sort_elevation": 470,
        "website": "",
        "description": "",
        "osm_id": 465507279
      },
      "geometry": {
        "type": "Point",
        "coordinates": [
          8.6984333,
          45.8667934
        ]
      }
    },
    {
      "type": "Feature",
      "properties": {
        "id": 465507293,
        "name": "Monte La Teggia",
        "type": "peak",
        "elevation": 1103,
        "sort_elevation": 1103,
        "website": "",
        "description": "",
        "osm_id": 465507293
      },
      "geometry": {
        "type": "Point",
        "coordinates": [
          8.6693587,
          45.9277973
        ]
      }
    },
    {
      "type": "Feature",
      "properties": {
        "id": 465507381,
        "name": "Sasso del Ferro",
        "type": "peak",
        "elevation": 1062,
        "sort_elevation": 1062,
        "website": "",
        "description": "",
        "osm_id": 465507381
      },
      "geometry": {
        "type": "Point",
        "coordinates": [
          8.6432856,
          45.9116031
        ]
      }
    },
    {
      "type": "Feature",
      "properties": {
        "id": 465507385,
        "name": "Pizzoni di Laveno",
        "type": "peak",
        "elevation": 1035,
        "sort_elevation": 1035,
        "website": "",
        "description": "",
        "osm_id": 465507385
      },
      "geometry": {
        "type": "Point",
        "coordinates": [
          8.6609932,
          45.927675
        ]
      }
    },
    {
      "type": "Feature",
      "properties": {
        "id": 465507395,
        "name": "Pizzo di Cuvignone",
        "type": "peak",
        "elevation": 1017,
        "sort_elevation": 1017,
        "website": "",
        "description": "",
        "osm_id": 465507395
      },
      "geometry": {
        "type": "Point",
        "coordinates": [
          8.6725434,
          45.9316938
        ]
      }
    },
    {
      "type": "Feature",
      "properties": {
        "id": 465507399,
        "name": "Monte Ganna",
        "type": "peak",
        "elevation": 1096,
        "sort_elevation": 1096,
        "website": "",
        "description": "",
        "osm_id": 465507399
      },
      "geometry": {
        "type": "Point",
        "coordinates": [
          8.7153591,
          45.9307892
        ]
      }
    },
    {
      "type": "Feature",
      "properties": {
        "id": 465507405,
        "name": "Monte Martinello",
        "type": "peak",
        "elevation": 619,
        "sort_elevation": 619,
        "website": "",
        "description": "",
        "osm_id": 465507405
      },
      "geometry": {
        "type": "Point",
        "coordinates": [
          8.7522172,
          45.8939424
        ]
      }
    },
    {
      "type": "Feature",
      "properties": {
        "id": 465507413,
        "name": "Punta Merigetto",
        "type": "peak",
        "elevation": 1164,
        "sort_elevation": 1164,
        "website": "",
        "description": "",
        "osm_id": 465507413
      },
      "geometry": {
        "type": "Point",
        "coordinates": [
          8.7499262,
          45.8692479
        ]
      }
    },
    {
      "type": "Feature",
      "properties": {
        "id": 465507417,
        "name": "Sacro Monte di Varese",
        "type": "peak",
        "elevation": 880,
        "sort_elevation": 880,
        "website": "",
        "description": "",
        "osm_id": 465507417
      },
      "geometry": {
        "type": "Point",
        "coordinates": [
          8.7923357,
          45.8617627
        ]
      }
    },
    {
      "type": "Feature",
      "properties": {
        "id": 465507429,
        "name": "Monte Sette Termini",
        "type": "peak",
        "elevation": 976,
        "sort_elevation": 976,
        "website": "",
        "description": "",
        "osm_id": 465507429
      },
      "geometry": {
        "type": "Point",
        "coordinates": [
          8.7993081,
          45.9723087
        ]
      }
    },
    {
      "type": "Feature",
      "properties": {
        "id": 465507492,
        "name": "Monte Tre Croci",
        "type": "peak",
        "elevation": 1111,
        "sort_elevation": 1111,
        "website": "",
        "description": "",
        "osm_id": 465507492
      },
      "geometry": {
        "type": "Point",
        "coordinates": [
          8.7804973,
          45.8660404
        ]
      }
    },
    {
      "type": "Feature",
      "properties": {
        "id": 465507504,
        "name": "Monte Pizzelle",
        "type": "peak",
        "elevation": 940,
        "sort_elevation": 940,
        "website": "",
        "description": "",
        "osm_id": 465507504
      },
      "geometry": {
        "type": "Point",
        "coordinates": [
          8.7873675,
          45.8690536
        ]
      }
    },
    {
      "type": "Feature",
      "properties": {
        "id": 465507512,
        "name": "Punta Paradiso",
        "type": "peak",
        "elevation": 1226,
        "sort_elevation": 1226,
        "website": "",
        "description": "",
        "osm_id": 465507512
      },
      "geometry": {
        "type": "Point",
        "coordinates": [
          8.7704052,
          45.8685377
        ]
      }
    },
    {
      "type": "Feature",
      "properties": {
        "id": 470207602,
        "name": "Monte Cregno",
        "type": "peak",
        "elevation": 684,
        "sort_elevation": 684,
        "website": "",
        "description": "",
        "osm_id": 470207602
      },
      "geometry": {
        "type": "Point",
        "coordinates": [
          8.3789912,
          45.8567482
        ]
      }
    },
    {
      "type": "Feature",
      "properties": {
        "id": 470327180,
        "name": "Monte della Guardia",
        "type": "peak",
        "elevation": 328,
        "sort_elevation": 328,
        "website": "",
        "description": "",
        "osm_id": 470327180
      },
      "geometry": {
        "type": "Point",
        "coordinates": [
          8.7260811,
          45.7012737
        ]
      }
    },
    {
      "type": "Feature",
      "properties": {
        "id": 470327181,
        "name": "Monte Martino",
        "type": "peak",
        "elevation": 339,
        "sort_elevation": 339,
        "website": "",
        "description": "",
        "osm_id": 470327181
      },
      "geometry": {
        "type": "Point",
        "coordinates": [
          8.7658254,
          45.714233
        ]
      }
    },
    {
      "type": "Feature",
      "properties": {
        "id": 470327191,
        "name": "Monte Rogorella",
        "type": "peak",
        "elevation": 402,
        "sort_elevation": 402,
        "website": "",
        "description": "",
        "osm_id": 470327191
      },
      "geometry": {
        "type": "Point",
        "coordinates": [
          8.7454881,
          45.7770499
        ]
      }
    },
    {
      "type": "Feature",
      "properties": {
        "id": 470327210,
        "name": "Monte Brano",
        "type": "peak",
        "elevation": 321,
        "sort_elevation": 321,
        "website": "",
        "description": "",
        "osm_id": 470327210
      },
      "geometry": {
        "type": "Point",
        "coordinates": [
          8.7217322,
          45.7069336
        ]
      }
    },
    {
      "type": "Feature",
      "properties": {
        "id": 470327239,
        "name": "Monte Cucco",
        "type": "peak",
        "elevation": 296,
        "sort_elevation": 296,
        "website": "",
        "description": "",
        "osm_id": 470327239
      },
      "geometry": {
        "type": "Point",
        "coordinates": [
          8.7143522,
          45.709386
        ]
      }
    },
    {
      "type": "Feature",
      "properties": {
        "id": 470327273,
        "name": "Monte Carbonaro",
        "type": "peak",
        "elevation": 351,
        "sort_elevation": 351,
        "website": "",
        "description": "",
        "osm_id": 470327273
      },
      "geometry": {
        "type": "Point",
        "coordinates": [
          8.7210455,
          45.7533693
        ]
      }
    },
    {
      "type": "Feature",
      "properties": {
        "id": 470327366,
        "name": "Monte Pelada",
        "type": "peak",
        "elevation": 472,
        "sort_elevation": 472,
        "website": "",
        "description": "",
        "osm_id": 470327366
      },
      "geometry": {
        "type": "Point",
        "coordinates": [
          8.669066,
          45.7758685
        ]
      }
    },
    {
      "type": "Feature",
      "properties": {
        "id": 470327389,
        "name": "Monte Marino",
        "type": "peak",
        "elevation": 294,
        "sort_elevation": 294,
        "website": "",
        "description": "",
        "osm_id": 470327389
      },
      "geometry": {
        "type": "Point",
        "coordinates": [
          8.768383,
          45.6769798
        ]
      }
    },
    {
      "type": "Feature",
      "properties": {
        "id": 470327410,
        "name": "Monte Diviso",
        "type": "peak",
        "elevation": 307,
        "sort_elevation": 307,
        "website": "",
        "description": "",
        "osm_id": 470327410
      },
      "geometry": {
        "type": "Point",
        "coordinates": [
          8.7857667,
          45.6879316
        ]
      }
    },
    {
      "type": "Feature",
      "properties": {
        "id": 470327426,
        "name": "Monte Capro",
        "type": "peak",
        "elevation": 308,
        "sort_elevation": 308,
        "website": "",
        "description": "",
        "osm_id": 470327426
      },
      "geometry": {
        "type": "Point",
        "coordinates": [
          8.7740806,
          45.6818156
        ]
      }
    },
    {
      "type": "Feature",
      "properties": {
        "id": 470327430,
        "name": "Monte Cuore",
        "type": "peak",
        "elevation": 294,
        "sort_elevation": 294,
        "website": "",
        "description": "",
        "osm_id": 470327430
      },
      "geometry": {
        "type": "Point",
        "coordinates": [
          8.7672725,
          45.6820135
        ]
      }
    },
    {
      "type": "Feature",
      "properties": {
        "id": 470327432,
        "name": "Monte Pino",
        "type": "peak",
        "elevation": 305,
        "sort_elevation": 305,
        "website": "",
        "description": "",
        "osm_id": 470327432
      },
      "geometry": {
        "type": "Point",
        "coordinates": [
          8.7804898,
          45.6863645
        ]
      }
    },
    {
      "type": "Feature",
      "properties": {
        "id": 470327435,
        "name": "Monte Gagliasco",
        "type": "peak",
        "elevation": 300,
        "sort_elevation": 300,
        "website": "",
        "description": "",
        "osm_id": 470327435
      },
      "geometry": {
        "type": "Point",
        "coordinates": [
          8.6657512,
          45.7074406
        ]
      }
    },
    {
      "type": "Feature",
      "properties": {
        "id": 470327439,
        "name": "Monte Tabor",
        "type": "peak",
        "elevation": 310,
        "sort_elevation": 310,
        "website": "",
        "description": "",
        "osm_id": 470327439
      },
      "geometry": {
        "type": "Point",
        "coordinates": [
          8.6560364,
          45.6939854
        ]
      }
    },
    {
      "type": "Feature",
      "properties": {
        "id": 470327441,
        "name": "Monte del Porto",
        "type": "peak",
        "elevation": 418,
        "sort_elevation": 418,
        "website": "",
        "description": "",
        "osm_id": 470327441
      },
      "geometry": {
        "type": "Point",
        "coordinates": [
          8.6605535,
          45.7512494
        ]
      }
    },
    {
      "type": "Feature",
      "properties": {
        "id": 470327443,
        "name": "Monte Motta",
        "type": "peak",
        "elevation": 305,
        "sort_elevation": 305,
        "website": "",
        "description": "",
        "osm_id": 470327443
      },
      "geometry": {
        "type": "Point",
        "coordinates": [
          8.6640776,
          45.702192
        ]
      }
    },
    {
      "type": "Feature",
      "properties": {
        "id": 470327445,
        "name": "Monte di Tordimonte",
        "type": "peak",
        "elevation": 347,
        "sort_elevation": 347,
        "website": "",
        "description": "",
        "osm_id": 470327445
      },
      "geometry": {
        "type": "Point",
        "coordinates": [
          8.760765,
          45.7534519
        ]
      }
    },
    {
      "type": "Feature",
      "properties": {
        "id": 470327447,
        "name": "Monte La Torre",
        "type": "peak",
        "elevation": 328,
        "sort_elevation": 328,
        "website": "",
        "description": "",
        "osm_id": 470327447
      },
      "geometry": {
        "type": "Point",
        "coordinates": [
          8.7558377,
          45.7441303
        ]
      }
    },
    {
      "type": "Feature",
      "properties": {
        "id": 470327449,
        "name": "Monte Perada",
        "type": "peak",
        "elevation": 421,
        "sort_elevation": 421,
        "website": "",
        "description": "",
        "osm_id": 470327449
      },
      "geometry": {
        "type": "Point",
        "coordinates": [
          8.7944153,
          45.7694334
        ]
      }
    },
    {
      "type": "Feature",
      "properties": {
        "id": 470327450,
        "name": "Poggio d'Oriano",
        "type": "peak",
        "elevation": 327,
        "sort_elevation": 327,
        "website": "",
        "description": "",
        "osm_id": 470327450
      },
      "geometry": {
        "type": "Point",
        "coordinates": [
          8.653026,
          45.7444539
        ]
      }
    },
    {
      "type": "Feature",
      "properties": {
        "id": 470327456,
        "name": "Monte della Croce",
        "type": "peak",
        "elevation": 448,
        "sort_elevation": 448,
        "website": "",
        "description": "",
        "osm_id": 470327456
      },
      "geometry": {
        "type": "Point",
        "coordinates": [
          8.6542787,
          45.7552674
        ]
      }
    },
    {
      "type": "Feature",
      "properties": {
        "id": 470327459,
        "name": "Monte Ameno",
        "type": "peak",
        "elevation": 314,
        "sort_elevation": 314,
        "website": "",
        "description": "",
        "osm_id": 470327459
      },
      "geometry": {
        "type": "Point",
        "coordinates": [
          8.7097974,
          45.6953981
        ]
      }
    },
    {
      "type": "Feature",
      "properties": {
        "id": 470327469,
        "name": "Monte Belvedere",
        "type": "peak",
        "elevation": 258,
        "sort_elevation": 258,
        "website": "",
        "description": "",
        "osm_id": 470327469
      },
      "geometry": {
        "type": "Point",
        "coordinates": [
          8.6856912,
          45.6743149
        ]
      }
    },
    {
      "type": "Feature",
      "properties": {
        "id": 470327506,
        "name": "Il Monte",
        "type": "peak",
        "elevation": 410,
        "sort_elevation": 410,
        "website": "",
        "description": "",
        "osm_id": 470327506
      },
      "geometry": {
        "type": "Point",
        "coordinates": [
          8.7943271,
          45.7438956
        ]
      }
    },
    {
      "type": "Feature",
      "properties": {
        "id": 470327509,
        "name": "Monte Asei",
        "type": "peak",
        "elevation": 327,
        "sort_elevation": 327,
        "website": "",
        "description": "",
        "osm_id": 470327509
      },
      "geometry": {
        "type": "Point",
        "coordinates": [
          8.7666768,
          45.731237
        ]
      }
    },
    {
      "type": "Feature",
      "properties": {
        "id": 470327511,
        "name": "Monte Marello",
        "type": "peak",
        "elevation": 390,
        "sort_elevation": 390,
        "website": "",
        "description": "",
        "osm_id": 470327511
      },
      "geometry": {
        "type": "Point",
        "coordinates": [
          8.7854009,
          45.7627214
        ]
      }
    },
    {
      "type": "Feature",
      "properties": {
        "id": 470327513,
        "name": "Monte della Croce",
        "type": "peak",
        "elevation": 360,
        "sort_elevation": 360,
        "website": "",
        "description": "",
        "osm_id": 470327513
      },
      "geometry": {
        "type": "Point",
        "coordinates": [
          8.6226029,
          45.7685196
        ]
      }
    },
    {
      "type": "Feature",
      "properties": {
        "id": 470327514,
        "name": "Monte Le Casacce",
        "type": "peak",
        "elevation": 333,
        "sort_elevation": 333,
        "website": "",
        "description": "",
        "osm_id": 470327514
      },
      "geometry": {
        "type": "Point",
        "coordinates": [
          8.6378088,
          45.7626059
        ]
      }
    },
    {
      "type": "Feature",
      "properties": {
        "id": 470327515,
        "name": "Monte San Giacomo",
        "type": "peak",
        "elevation": 427,
        "sort_elevation": 427,
        "website": "",
        "description": "",
        "osm_id": 470327515
      },
      "geometry": {
        "type": "Point",
        "coordinates": [
          8.7014715,
          45.7472159
        ]
      }
    },
    {
      "type": "Feature",
      "properties": {
        "id": 470327519,
        "name": "Monte Vermatte",
        "type": "peak",
        "elevation": 373,
        "sort_elevation": 373,
        "website": "",
        "description": "",
        "osm_id": 470327519
      },
      "geometry": {
        "type": "Point",
        "coordinates": [
          8.711398,
          45.7460802
        ]
      }
    },
    {
      "type": "Feature",
      "properties": {
        "id": 470327520,
        "name": "Monte Bertone",
        "type": "peak",
        "elevation": 335,
        "sort_elevation": 335,
        "website": "",
        "description": "",
        "osm_id": 470327520
      },
      "geometry": {
        "type": "Point",
        "coordinates": [
          8.6742219,
          45.713572
        ]
      }
    },
    {
      "type": "Feature",
      "properties": {
        "id": 470327522,
        "name": "Monte Valli Rosse",
        "type": "peak",
        "elevation": 341,
        "sort_elevation": 341,
        "website": "",
        "description": "",
        "osm_id": 470327522
      },
      "geometry": {
        "type": "Point",
        "coordinates": [
          8.6779205,
          45.7152656
        ]
      }
    },
    {
      "type": "Feature",
      "properties": {
        "id": 470327524,
        "name": "Monte Gennaio",
        "type": "peak",
        "elevation": 292,
        "sort_elevation": 292,
        "website": "",
        "description": "",
        "osm_id": 470327524
      },
      "geometry": {
        "type": "Point",
        "coordinates": [
          8.6822546,
          45.7307409
        ]
      }
    },
    {
      "type": "Feature",
      "properties": {
        "id": 470327525,
        "name": "Monte della Rovina",
        "type": "peak",
        "elevation": 332,
        "sort_elevation": 332,
        "website": "",
        "description": "",
        "osm_id": 470327525
      },
      "geometry": {
        "type": "Point",
        "coordinates": [
          8.6771942,
          45.7125364
        ]
      }
    },
    {
      "type": "Feature",
      "properties": {
        "id": 470327526,
        "name": "Monte Vigano",
        "type": "peak",
        "elevation": 411,
        "sort_elevation": 411,
        "website": "",
        "description": "",
        "osm_id": 470327526
      },
      "geometry": {
        "type": "Point",
        "coordinates": [
          8.6988562,
          45.7423555
        ]
      }
    },
    {
      "type": "Feature",
      "properties": {
        "id": 475012573,
        "name": "Sacro Monte di Orta",
        "type": "peak",
        "elevation": "N/D",
        "sort_elevation": 0,
        "website": "",
        "description": "",
        "osm_id": 475012573
      },
      "geometry": {
        "type": "Point",
        "coordinates": [
          8.4106173,
          45.7968221
        ]
      }
    },
    {
      "type": "Feature",
      "properties": {
        "id": 479094152,
        "name": "Tossenhorn",
        "type": "peak",
        "elevation": 3225,
        "sort_elevation": 3225,
        "website": "",
        "description": "",
        "osm_id": 479094152
      },
      "geometry": {
        "type": "Point",
        "coordinates": [
          8.0480354,
          46.1253496
        ]
      }
    },
    {
      "type": "Feature",
      "properties": {
        "id": 479094154,
        "name": "Dri Horlini",
        "type": "peak",
        "elevation": 3209,
        "sort_elevation": 3209,
        "website": "",
        "description": "",
        "osm_id": 479094154
      },
      "geometry": {
        "type": "Point",
        "coordinates": [
          8.0093655,
          46.1130771
        ]
      }
    },
    {
      "type": "Feature",
      "properties": {
        "id": 479094156,
        "name": "Schijenhorn",
        "type": "peak",
        "elevation": 2980,
        "sort_elevation": 2980,
        "website": "",
        "description": "",
        "osm_id": 479094156
      },
      "geometry": {
        "type": "Point",
        "coordinates": [
          8.0692823,
          46.1284495
        ]
      }
    },
    {
      "type": "Feature",
      "properties": {
        "id": 480356996,
        "name": "Les Lauchellets",
        "type": "peak",
        "elevation": 2178,
        "sort_elevation": 2178,
        "website": "",
        "description": "",
        "osm_id": 480356996
      },
      "geometry": {
        "type": "Point",
        "coordinates": [
          7.5696866,
          46.1568227
        ]
      }
    },
    {
      "type": "Feature",
      "properties": {
        "id": 485937772,
        "name": "Monveso di Forzo",
        "type": "peak",
        "elevation": 3322,
        "sort_elevation": 3322,
        "website": "",
        "description": "",
        "osm_id": 485937772
      },
      "geometry": {
        "type": "Point",
        "coordinates": [
          7.4169517,
          45.5378467
        ]
      }
    },
    {
      "type": "Feature",
      "properties": {
        "id": 498118139,
        "name": "Cima Sasso",
        "type": "peak",
        "elevation": 1916,
        "sort_elevation": 1916,
        "website": "",
        "description": "",
        "osm_id": 498118139
      },
      "geometry": {
        "type": "Point",
        "coordinates": [
          8.4658866,
          46.0303843
        ]
      }
    },
    {
      "type": "Feature",
      "properties": {
        "id": 502559748,
        "name": "Refuge des Bouquetins CAS",
        "type": "hut",
        "elevation": 2980,
        "sort_elevation": 2980,
        "website": "http://www.cas-valdejoux.ch",
        "description": "",
        "osm_id": 502559748
      },
      "geometry": {
        "type": "Point",
        "coordinates": [
          7.5305159,
          45.9708752
        ]
      }
    },
    {
      "type": "Feature",
      "properties": {
        "id": 502559811,
        "name": "Col de la Dent Blanche CAS Bivouac",
        "type": "hut",
        "elevation": 3540,
        "sort_elevation": 3540,
        "website": "https://www.cas-jaman.ch/cabanes/bivouac-de-la-dent-blanche",
        "description": "",
        "osm_id": 502559811
      },
      "geometry": {
        "type": "Point",
        "coordinates": [
          7.6070861,
          46.041928
        ]
      }
    },
    {
      "type": "Feature",
      "properties": {
        "id": 502559916,
        "name": "Mischabeljochbiwak SAC",
        "type": "bivouac",
        "elevation": 3847,
        "sort_elevation": 3847,
        "website": "",
        "description": "",
        "osm_id": 502559916
      },
      "geometry": {
        "type": "Point",
        "coordinates": [
          7.8658153,
          46.0742104
        ]
      }
    },
    {
      "type": "Feature",
      "properties": {
        "id": 502559963,
        "name": "Täschhütte",
        "type": "hut",
        "elevation": 2701,
        "sort_elevation": 2701,
        "website": "https://www.taeschhuette.ch",
        "description": "",
        "osm_id": 502559963
      },
      "geometry": {
        "type": "Point",
        "coordinates": [
          7.8300141,
          46.0515706
        ]
      }
    },
    {
      "type": "Feature",
      "properties": {
        "id": 502559966,
        "name": "L'Aiguillette à la Singla CAS Bivouac",
        "type": "hut",
        "elevation": 3179,
        "sort_elevation": 3179,
        "website": "https://cas-chasseron.ch/",
        "description": "",
        "osm_id": 502559966
      },
      "geometry": {
        "type": "Point",
        "coordinates": [
          7.4540817,
          45.9414738
        ]
      }
    },
    {
      "type": "Feature",
      "properties": {
        "id": 502559977,
        "name": "Weisshornhütte SAC",
        "type": "hut",
        "elevation": 2932,
        "sort_elevation": 2932,
        "website": "https://www.sac-basel.ch/huetten/weisshornhuette",
        "description": "",
        "osm_id": 502559977
      },
      "geometry": {
        "type": "Point",
        "coordinates": [
          7.7435851,
          46.0859641
        ]
      }
    },
    {
      "type": "Feature",
      "properties": {
        "id": 512050064,
        "name": "Bishorn",
        "type": "peak",
        "elevation": 4149,
        "sort_elevation": 4149,
        "website": "",
        "description": "",
        "osm_id": 512050064
      },
      "geometry": {
        "type": "Point",
        "coordinates": [
          7.7149611,
          46.1179218
        ]
      }
    },
    {
      "type": "Feature",
      "properties": {
        "id": 512696415,
        "name": "Alphubel",
        "type": "peak",
        "elevation": 4206,
        "sort_elevation": 4206,
        "website": "",
        "description": "",
        "osm_id": 512696415
      },
      "geometry": {
        "type": "Point",
        "coordinates": [
          7.8638549,
          46.0628767
        ]
      }
    },
    {
      "type": "Feature",
      "properties": {
        "id": 520306764,
        "name": "Pizzo Leone",
        "type": "peak",
        "elevation": 1659,
        "sort_elevation": 1659,
        "website": "",
        "description": "",
        "osm_id": 520306764
      },
      "geometry": {
        "type": "Point",
        "coordinates": [
          8.6770978,
          46.1408647
        ]
      }
    },
    {
      "type": "Feature",
      "properties": {
        "id": 523106436,
        "name": "Monte del Falò",
        "type": "peak",
        "elevation": 1080,
        "sort_elevation": 1080,
        "website": "",
        "description": "",
        "osm_id": 523106436
      },
      "geometry": {
        "type": "Point",
        "coordinates": [
          8.481713,
          45.8471105
        ]
      }
    },
    {
      "type": "Feature",
      "properties": {
        "id": 540969155,
        "name": "Monte Torriggia",
        "type": "peak",
        "elevation": 1703,
        "sort_elevation": 1703,
        "website": "",
        "description": "",
        "osm_id": 540969155
      },
      "geometry": {
        "type": "Point",
        "coordinates": [
          8.578331,
          46.1118877
        ]
      }
    },
    {
      "type": "Feature",
      "properties": {
        "id": 541473828,
        "name": "Monte Faiè",
        "type": "peak",
        "elevation": 1352,
        "sort_elevation": 1352,
        "website": "",
        "description": "",
        "osm_id": 541473828
      },
      "geometry": {
        "type": "Point",
        "coordinates": [
          8.4527235,
          45.9873622
        ]
      }
    },
    {
      "type": "Feature",
      "properties": {
        "id": 552421501,
        "name": "Rifugio Piana del Ponte",
        "type": "hut",
        "elevation": 1050,
        "sort_elevation": 1050,
        "website": "https://rifugiopianadelponte.wixsite.com",
        "description": "",
        "osm_id": 552421501
      },
      "geometry": {
        "type": "Point",
        "coordinates": [
          8.0646695,
          45.6760593
        ]
      }
    },
    {
      "type": "Feature",
      "properties": {
        "id": 559539852,
        "name": "Rifugio del Pian Vadà",
        "type": "bivouac",
        "elevation": 1711,
        "sort_elevation": 1711,
        "website": "",
        "description": "chiedere la chiave all'Ente Parco Val Grande (032487540)",
        "osm_id": 559539852
      },
      "geometry": {
        "type": "Point",
        "coordinates": [
          8.5638434,
          46.0430472
        ]
      }
    },
    {
      "type": "Feature",
      "properties": {
        "id": 559552375,
        "name": "Cima di Morissolo",
        "type": "peak",
        "elevation": 1311,
        "sort_elevation": 1311,
        "website": "",
        "description": "",
        "osm_id": 559552375
      },
      "geometry": {
        "type": "Point",
        "coordinates": [
          8.6455783,
          46.0215317
        ]
      }
    },
    {
      "type": "Feature",
      "properties": {
        "id": 559612412,
        "name": "La Cima",
        "type": "peak",
        "elevation": 1810,
        "sort_elevation": 1810,
        "website": "",
        "description": "",
        "osm_id": 559612412
      },
      "geometry": {
        "type": "Point",
        "coordinates": [
          8.4927057,
          46.1040744
        ]
      }
    },
    {
      "type": "Feature",
      "properties": {
        "id": 559626693,
        "name": "i Balmit",
        "type": "peak",
        "elevation": 1667,
        "sort_elevation": 1667,
        "website": "",
        "description": "",
        "osm_id": 559626693
      },
      "geometry": {
        "type": "Point",
        "coordinates": [
          8.5403257,
          46.0160411
        ]
      }
    },
    {
      "type": "Feature",
      "properties": {
        "id": 564838696,
        "name": "Corona dei Pinci",
        "type": "peak",
        "elevation": 1291,
        "sort_elevation": 1291,
        "website": "",
        "description": "",
        "osm_id": 564838696
      },
      "geometry": {
        "type": "Point",
        "coordinates": [
          8.7166451,
          46.1548976
        ]
      }
    },
    {
      "type": "Feature",
      "properties": {
        "id": 566646168,
        "name": "Grabenhorn",
        "type": "peak",
        "elevation": 3372,
        "sort_elevation": 3372,
        "website": "",
        "description": "",
        "osm_id": 566646168
      },
      "geometry": {
        "type": "Point",
        "coordinates": [
          7.8203901,
          46.093522
        ]
      }
    },
    {
      "type": "Feature",
      "properties": {
        "id": 566646172,
        "name": "Hohgwächte",
        "type": "peak",
        "elevation": 3740,
        "sort_elevation": 3740,
        "website": "",
        "description": "",
        "osm_id": 566646172
      },
      "geometry": {
        "type": "Point",
        "coordinates": [
          7.8410631,
          46.1036359
        ]
      }
    },
    {
      "type": "Feature",
      "properties": {
        "id": 566646173,
        "name": "Stecknadelhorn",
        "type": "peak",
        "elevation": 4241,
        "sort_elevation": 4241,
        "website": "",
        "description": "",
        "osm_id": 566646173
      },
      "geometry": {
        "type": "Point",
        "coordinates": [
          7.8595021,
          46.1114995
        ]
      }
    },
    {
      "type": "Feature",
      "properties": {
        "id": 566646174,
        "name": "Chli Dirruhorn",
        "type": "peak",
        "elevation": 3890,
        "sort_elevation": 3890,
        "website": "",
        "description": "",
        "osm_id": 566646174
      },
      "geometry": {
        "type": "Point",
        "coordinates": [
          7.8471761,
          46.12226
        ]
      }
    },
    {
      "type": "Feature",
      "properties": {
        "id": 566646175,
        "name": "Gugla",
        "type": "peak",
        "elevation": 3377,
        "sort_elevation": 3377,
        "website": "",
        "description": "",
        "osm_id": 566646175
      },
      "geometry": {
        "type": "Point",
        "coordinates": [
          7.8318641,
          46.133783
        ]
      }
    },
    {
      "type": "Feature",
      "properties": {
        "id": 566646177,
        "name": "Eggfluh",
        "type": "peak",
        "elevation": 3429,
        "sort_elevation": 3429,
        "website": "",
        "description": "",
        "osm_id": 566646177
      },
      "geometry": {
        "type": "Point",
        "coordinates": [
          7.8838941,
          46.1036799
        ]
      }
    },
    {
      "type": "Feature",
      "properties": {
        "id": 566646178,
        "name": "Schwarzhorn",
        "type": "peak",
        "elevation": 3619,
        "sort_elevation": 3619,
        "website": "",
        "description": "",
        "osm_id": 566646178
      },
      "geometry": {
        "type": "Point",
        "coordinates": [
          7.8824771,
          46.1095853
        ]
      }
    },
    {
      "type": "Feature",
      "properties": {
        "id": 566646179,
        "name": "Guglen",
        "type": "peak",
        "elevation": 2966,
        "sort_elevation": 2966,
        "website": "",
        "description": "",
        "osm_id": 566646179
      },
      "geometry": {
        "type": "Point",
        "coordinates": [
          7.8932431,
          46.100404
        ]
      }
    },
    {
      "type": "Feature",
      "properties": {
        "id": 566646180,
        "name": "Oberes Distelhorn",
        "type": "peak",
        "elevation": 2806,
        "sort_elevation": 2806,
        "website": "",
        "description": "",
        "osm_id": 566646180
      },
      "geometry": {
        "type": "Point",
        "coordinates": [
          7.8993331,
          46.109555
        ]
      }
    },
    {
      "type": "Feature",
      "properties": {
        "id": 566646181,
        "name": "Unteres Distelhorn",
        "type": "peak",
        "elevation": 2638,
        "sort_elevation": 2638,
        "website": "",
        "description": "",
        "osm_id": 566646181
      },
      "geometry": {
        "type": "Point",
        "coordinates": [
          7.9014531,
          46.107837
        ]
      }
    },
    {
      "type": "Feature",
      "properties": {
        "id": 566646183,
        "name": "Tällihorn",
        "type": "peak",
        "elevation": 2749,
        "sort_elevation": 2749,
        "website": "",
        "description": "",
        "osm_id": 566646183
      },
      "geometry": {
        "type": "Point",
        "coordinates": [
          7.8992951,
          46.112658
        ]
      }
    },
    {
      "type": "Feature",
      "properties": {
        "id": 566646184,
        "name": "Mällig",
        "type": "peak",
        "elevation": 2700,
        "sort_elevation": 2700,
        "website": "",
        "description": "",
        "osm_id": 566646184
      },
      "geometry": {
        "type": "Point",
        "coordinates": [
          7.9092401,
          46.118555
        ]
      }
    },
    {
      "type": "Feature",
      "properties": {
        "id": 566646185,
        "name": "Gemshorn",
        "type": "peak",
        "elevation": 3548,
        "sort_elevation": 3548,
        "website": "",
        "description": "",
        "osm_id": 566646185
      },
      "geometry": {
        "type": "Point",
        "coordinates": [
          7.8871501,
          46.122198
        ]
      }
    },
    {
      "type": "Feature",
      "properties": {
        "id": 566646187,
        "name": "Senggflüe",
        "type": "peak",
        "elevation": 2764,
        "sort_elevation": 2764,
        "website": "",
        "description": "",
        "osm_id": 566646187
      },
      "geometry": {
        "type": "Point",
        "coordinates": [
          7.9045401,
          46.122532
        ]
      }
    },
    {
      "type": "Feature",
      "properties": {
        "id": 566646194,
        "name": "Chäste",
        "type": "peak",
        "elevation": 2855,
        "sort_elevation": 2855,
        "website": "",
        "description": "",
        "osm_id": 566646194
      },
      "geometry": {
        "type": "Point",
        "coordinates": [
          7.8985821,
          46.143166
        ]
      }
    },
    {
      "type": "Feature",
      "properties": {
        "id": 566646195,
        "name": "Schilthorn",
        "type": "peak",
        "elevation": 3402,
        "sort_elevation": 3402,
        "website": "",
        "description": "",
        "osm_id": 566646195
      },
      "geometry": {
        "type": "Point",
        "coordinates": [
          7.8905411,
          46.148991
        ]
      }
    },
    {
      "type": "Feature",
      "properties": {
        "id": 566646196,
        "name": "Guglu",
        "type": "peak",
        "elevation": 2951,
        "sort_elevation": 2951,
        "website": "",
        "description": "",
        "osm_id": 566646196
      },
      "geometry": {
        "type": "Point",
        "coordinates": [
          7.9007161,
          46.150749
        ]
      }
    },
    {
      "type": "Feature",
      "properties": {
        "id": 637084824,
        "name": "Pointe du Tsaté",
        "type": "peak",
        "elevation": 3078,
        "sort_elevation": 3078,
        "website": "",
        "description": "",
        "osm_id": 637084824
      },
      "geometry": {
        "type": "Point",
        "coordinates": [
          7.5491381,
          46.1092309
        ]
      }
    },
    {
      "type": "Feature",
      "properties": {
        "id": 647370017,
        "name": "Üssers Barrhorn",
        "type": "peak",
        "elevation": 3610,
        "sort_elevation": 3610,
        "website": "",
        "description": "",
        "osm_id": 647370017
      },
      "geometry": {
        "type": "Point",
        "coordinates": [
          7.7340924,
          46.1559086
        ]
      }
    },
    {
      "type": "Feature",
      "properties": {
        "id": 647370211,
        "name": "Inners Barrhorn",
        "type": "peak",
        "elevation": 3583,
        "sort_elevation": 3583,
        "website": "",
        "description": "",
        "osm_id": 647370211
      },
      "geometry": {
        "type": "Point",
        "coordinates": [
          7.7372766,
          46.149717
        ]
      }
    },
    {
      "type": "Feature",
      "properties": {
        "id": 665115543,
        "name": "Becca d'Aran",
        "type": "peak",
        "elevation": 2953,
        "sort_elevation": 2953,
        "website": "",
        "description": "",
        "osm_id": 665115543
      },
      "geometry": {
        "type": "Point",
        "coordinates": [
          7.6627437,
          45.8774596
        ]
      }
    },
    {
      "type": "Feature",
      "properties": {
        "id": 692973189,
        "name": "Rote Nase",
        "type": "peak",
        "elevation": 3247,
        "sort_elevation": 3247,
        "website": "",
        "description": "",
        "osm_id": 692973189
      },
      "geometry": {
        "type": "Point",
        "coordinates": [
          7.8124531,
          45.9871412
        ]
      }
    },
    {
      "type": "Feature",
      "properties": {
        "id": 692973202,
        "name": "Stockhorn",
        "type": "peak",
        "elevation": 3405,
        "sort_elevation": 3405,
        "website": "",
        "description": "",
        "osm_id": 692973202
      },
      "geometry": {
        "type": "Point",
        "coordinates": [
          7.8234036,
          45.9866428
        ]
      }
    },
    {
      "type": "Feature",
      "properties": {
        "id": 707814625,
        "name": "Roc d'Orzival",
        "type": "peak",
        "elevation": 2852,
        "sort_elevation": 2852,
        "website": "",
        "description": "",
        "osm_id": 707814625
      },
      "geometry": {
        "type": "Point",
        "coordinates": [
          7.5380426,
          46.1952152
        ]
      }
    },
    {
      "type": "Feature",
      "properties": {
        "id": 722854678,
        "name": "Monte Lyan",
        "type": "peak",
        "elevation": 2178,
        "sort_elevation": 2178,
        "website": "",
        "description": "",
        "osm_id": 722854678
      },
      "geometry": {
        "type": "Point",
        "coordinates": [
          7.627882,
          45.7054826
        ]
      }
    },
    {
      "type": "Feature",
      "properties": {
        "id": 722854691,
        "name": "Testa Del Filone",
        "type": "peak",
        "elevation": 1928,
        "sort_elevation": 1928,
        "website": "",
        "description": "",
        "osm_id": 722854691
      },
      "geometry": {
        "type": "Point",
        "coordinates": [
          7.6312907,
          45.6988672
        ]
      }
    },
    {
      "type": "Feature",
      "properties": {
        "id": 726043277,
        "name": "Cima Piana",
        "type": "peak",
        "elevation": 2512,
        "sort_elevation": 2512,
        "website": "",
        "description": "",
        "osm_id": 726043277
      },
      "geometry": {
        "type": "Point",
        "coordinates": [
          7.6092161,
          45.6460718
        ]
      }
    },
    {
      "type": "Feature",
      "properties": {
        "id": 726043441,
        "name": "Monte Grimon",
        "type": "peak",
        "elevation": 2523,
        "sort_elevation": 2523,
        "website": "",
        "description": "",
        "osm_id": 726043441
      },
      "geometry": {
        "type": "Point",
        "coordinates": [
          7.6090144,
          45.6501154
        ]
      }
    },
    {
      "type": "Feature",
      "properties": {
        "id": 726043523,
        "name": "Bec di Nona",
        "type": "peak",
        "elevation": 2331,
        "sort_elevation": 2331,
        "website": "",
        "description": "",
        "osm_id": 726043523
      },
      "geometry": {
        "type": "Point",
        "coordinates": [
          7.6101591,
          45.659951
        ]
      }
    },
    {
      "type": "Feature",
      "properties": {
        "id": 726043917,
        "name": "Monte Belpla",
        "type": "peak",
        "elevation": 2829,
        "sort_elevation": 2829,
        "website": "",
        "description": "",
        "osm_id": 726043917
      },
      "geometry": {
        "type": "Point",
        "coordinates": [
          7.5520999,
          45.6528103
        ]
      }
    },
    {
      "type": "Feature",
      "properties": {
        "id": 726043999,
        "name": "Mont Avic",
        "type": "peak",
        "elevation": 3007,
        "sort_elevation": 3007,
        "website": "",
        "description": "",
        "osm_id": 726043999
      },
      "geometry": {
        "type": "Point",
        "coordinates": [
          7.555119,
          45.6767791
        ]
      }
    },
    {
      "type": "Feature",
      "properties": {
        "id": 726044049,
        "name": "Monte Orso",
        "type": "peak",
        "elevation": 2717,
        "sort_elevation": 2717,
        "website": "",
        "description": "",
        "osm_id": 726044049
      },
      "geometry": {
        "type": "Point",
        "coordinates": [
          7.5629741,
          45.6556765
        ]
      }
    },
    {
      "type": "Feature",
      "properties": {
        "id": 726044063,
        "name": "Mont Pertse",
        "type": "peak",
        "elevation": 2408,
        "sort_elevation": 2408,
        "website": "",
        "description": "",
        "osm_id": 726044063
      },
      "geometry": {
        "type": "Point",
        "coordinates": [
          7.6087038,
          45.6540768
        ]
      }
    },
    {
      "type": "Feature",
      "properties": {
        "id": 726044089,
        "name": "Monte Iverta",
        "type": "peak",
        "elevation": 2939,
        "sort_elevation": 2939,
        "website": "",
        "description": "",
        "osm_id": 726044089
      },
      "geometry": {
        "type": "Point",
        "coordinates": [
          7.5453463,
          45.662346
        ]
      }
    },
    {
      "type": "Feature",
      "properties": {
        "id": 726133503,
        "name": "Monte Giron",
        "type": "peak",
        "elevation": 2699,
        "sort_elevation": 2699,
        "website": "",
        "description": "",
        "osm_id": 726133503
      },
      "geometry": {
        "type": "Point",
        "coordinates": [
          7.5663671,
          45.6969597
        ]
      }
    },
    {
      "type": "Feature",
      "properties": {
        "id": 726133678,
        "name": "Monte Ruvic",
        "type": "peak",
        "elevation": 2922,
        "sort_elevation": 2922,
        "website": "",
        "description": "",
        "osm_id": 726133678
      },
      "geometry": {
        "type": "Point",
        "coordinates": [
          7.5647698,
          45.6888687
        ]
      }
    },
    {
      "type": "Feature",
      "properties": {
        "id": 726133727,
        "name": "Monte Barbeston",
        "type": "peak",
        "elevation": 2482,
        "sort_elevation": 2482,
        "website": "",
        "description": "",
        "osm_id": 726133727
      },
      "geometry": {
        "type": "Point",
        "coordinates": [
          7.5978967,
          45.7023102
        ]
      }
    },
    {
      "type": "Feature",
      "properties": {
        "id": 726133837,
        "name": "Raye Chevrère",
        "type": "peak",
        "elevation": 2837,
        "sort_elevation": 2837,
        "website": "",
        "description": "",
        "osm_id": 726133837
      },
      "geometry": {
        "type": "Point",
        "coordinates": [
          7.542658,
          45.6717828
        ]
      }
    },
    {
      "type": "Feature",
      "properties": {
        "id": 726133892,
        "name": "Cima Nera",
        "type": "peak",
        "elevation": 2698,
        "sort_elevation": 2698,
        "website": "",
        "description": "",
        "osm_id": 726133892
      },
      "geometry": {
        "type": "Point",
        "coordinates": [
          7.5689815,
          45.7009819
        ]
      }
    },
    {
      "type": "Feature",
      "properties": {
        "id": 726133925,
        "name": "Monte Bec",
        "type": "peak",
        "elevation": 2088,
        "sort_elevation": 2088,
        "website": "",
        "description": "",
        "osm_id": 726133925
      },
      "geometry": {
        "type": "Point",
        "coordinates": [
          7.6266084,
          45.7099381
        ]
      }
    },
    {
      "type": "Feature",
      "properties": {
        "id": 737217708,
        "name": "Bivacco Colma di Premosello",
        "type": "bivouac",
        "elevation": 1728,
        "sort_elevation": 1728,
        "website": "",
        "description": "",
        "osm_id": 737217708
      },
      "geometry": {
        "type": "Point",
        "coordinates": [
          8.3771029,
          46.0307716
        ]
      }
    },
    {
      "type": "Feature",
      "properties": {
        "id": 737275983,
        "name": "Bivacco Alpe Pian di Boit",
        "type": "bivouac",
        "elevation": 1122,
        "sort_elevation": 1122,
        "website": "",
        "description": "",
        "osm_id": 737275983
      },
      "geometry": {
        "type": "Point",
        "coordinates": [
          8.5122724,
          46.0514548
        ]
      }
    },
    {
      "type": "Feature",
      "properties": {
        "id": 766609422,
        "name": "Monte Barone",
        "type": "peak",
        "elevation": 2044,
        "sort_elevation": 2044,
        "website": "",
        "description": "",
        "osm_id": 766609422
      },
      "geometry": {
        "type": "Point",
        "coordinates": [
          8.1544968,
          45.7338836
        ]
      }
    },
    {
      "type": "Feature",
      "properties": {
        "id": 771333889,
        "name": "Pizzo Ruscada",
        "type": "peak",
        "elevation": 2014,
        "sort_elevation": 2014,
        "website": "",
        "description": "",
        "osm_id": 771333889
      },
      "geometry": {
        "type": "Point",
        "coordinates": [
          8.5927536,
          46.1773681
        ]
      }
    },
    {
      "type": "Feature",
      "properties": {
        "id": 793554875,
        "name": "Monte Mucrone",
        "type": "peak",
        "elevation": 2335,
        "sort_elevation": 2335,
        "website": "",
        "description": "",
        "osm_id": 793554875
      },
      "geometry": {
        "type": "Point",
        "coordinates": [
          7.9446609,
          45.6203155
        ]
      }
    },
    {
      "type": "Feature",
      "properties": {
        "id": 793555120,
        "name": "Monte Camino",
        "type": "peak",
        "elevation": 2391,
        "sort_elevation": 2391,
        "website": "",
        "description": "",
        "osm_id": 793555120
      },
      "geometry": {
        "type": "Point",
        "coordinates": [
          7.9443325,
          45.6448286
        ]
      }
    },
    {
      "type": "Feature",
      "properties": {
        "id": 793595070,
        "name": "Monte Rosso",
        "type": "peak",
        "elevation": 2374,
        "sort_elevation": 2374,
        "website": "",
        "description": "",
        "osm_id": 793595070
      },
      "geometry": {
        "type": "Point",
        "coordinates": [
          7.9362679,
          45.6356161
        ]
      }
    },
    {
      "type": "Feature",
      "properties": {
        "id": 804913107,
        "name": "Feechopf",
        "type": "peak",
        "elevation": 3888,
        "sort_elevation": 3888,
        "website": "",
        "description": "",
        "osm_id": 804913107
      },
      "geometry": {
        "type": "Point",
        "coordinates": [
          7.8833854,
          46.0486158
        ]
      }
    },
    {
      "type": "Feature",
      "properties": {
        "id": 813879778,
        "name": "Aiguille de la Tsa",
        "type": "peak",
        "elevation": 3668,
        "sort_elevation": 3668,
        "website": "",
        "description": "",
        "osm_id": 813879778
      },
      "geometry": {
        "type": "Point",
        "coordinates": [
          7.522321,
          46.0214288
        ]
      }
    },
    {
      "type": "Feature",
      "properties": {
        "id": 813879781,
        "name": "Pointe de Tsalion",
        "type": "peak",
        "elevation": 3512,
        "sort_elevation": 3512,
        "website": "",
        "description": "",
        "osm_id": 813879781
      },
      "geometry": {
        "type": "Point",
        "coordinates": [
          7.5227986,
          46.0286021
        ]
      }
    },
    {
      "type": "Feature",
      "properties": {
        "id": 813879784,
        "name": "Dent de Tsalion",
        "type": "peak",
        "elevation": 3589,
        "sort_elevation": 3589,
        "website": "",
        "description": "",
        "osm_id": 813879784
      },
      "geometry": {
        "type": "Point",
        "coordinates": [
          7.5232187,
          46.0241176
        ]
      }
    },
    {
      "type": "Feature",
      "properties": {
        "id": 831944801,
        "name": "Rifugio Blitz",
        "type": "hut",
        "elevation": 1250,
        "sort_elevation": 1250,
        "website": "",
        "description": "",
        "osm_id": 831944801
      },
      "geometry": {
        "type": "Point",
        "coordinates": [
          8.5363762,
          46.1449454
        ]
      }
    },
    {
      "type": "Feature",
      "properties": {
        "id": 840391121,
        "name": "Pizzoni di Laveno",
        "type": "peak",
        "elevation": 1018,
        "sort_elevation": 1018,
        "website": "",
        "description": "",
        "osm_id": 840391121
      },
      "geometry": {
        "type": "Point",
        "coordinates": [
          8.6503377,
          45.9264899
        ]
      }
    },
    {
      "type": "Feature",
      "properties": {
        "id": 851657819,
        "name": "Pic d'Artsinol",
        "type": "peak",
        "elevation": 2998,
        "sort_elevation": 2998,
        "website": "",
        "description": "",
        "osm_id": 851657819
      },
      "geometry": {
        "type": "Point",
        "coordinates": [
          7.4270041,
          46.1152111
        ]
      }
    },
    {
      "type": "Feature",
      "properties": {
        "id": 852632164,
        "name": "Cima di Scoperta",
        "type": "peak",
        "elevation": 4335,
        "sort_elevation": 4335,
        "website": "",
        "description": "",
        "osm_id": 852632164
      },
      "geometry": {
        "type": "Point",
        "coordinates": [
          7.8436885,
          45.9217384
        ]
      }
    },
    {
      "type": "Feature",
      "properties": {
        "id": 852677837,
        "name": "Liskamm Ostgipfel",
        "type": "peak",
        "elevation": 4527,
        "sort_elevation": 4527,
        "website": "",
        "description": "",
        "osm_id": 852677837
      },
      "geometry": {
        "type": "Point",
        "coordinates": [
          7.8355694,
          45.9224807
        ]
      }
    },
    {
      "type": "Feature",
      "properties": {
        "id": 885143239,
        "name": "Rifugio San Bernardo",
        "type": "hut",
        "elevation": "N/D",
        "sort_elevation": 0,
        "website": "",
        "description": "",
        "osm_id": 885143239
      },
      "geometry": {
        "type": "Point",
        "coordinates": [
          8.1933186,
          46.1516533
        ]
      }
    },
    {
      "type": "Feature",
      "properties": {
        "id": 895804189,
        "name": "Monte Mazzoccone",
        "type": "peak",
        "elevation": 1424,
        "sort_elevation": 1424,
        "website": "",
        "description": "",
        "osm_id": 895804189
      },
      "geometry": {
        "type": "Point",
        "coordinates": [
          8.3510226,
          45.8865718
        ]
      }
    },
    {
      "type": "Feature",
      "properties": {
        "id": 913644941,
        "name": "Becs de Bosson",
        "type": "peak",
        "elevation": 3143,
        "sort_elevation": 3143,
        "website": "",
        "description": "",
        "osm_id": 913644941
      },
      "geometry": {
        "type": "Point",
        "coordinates": [
          7.518985,
          46.1682158
        ]
      }
    },
    {
      "type": "Feature",
      "properties": {
        "id": 917996634,
        "name": "Piramide Vincent",
        "type": "peak",
        "elevation": 4215,
        "sort_elevation": 4215,
        "website": "",
        "description": "",
        "osm_id": 917996634
      },
      "geometry": {
        "type": "Point",
        "coordinates": [
          7.8613073,
          45.908111
        ]
      }
    },
    {
      "type": "Feature",
      "properties": {
        "id": 918819227,
        "name": "Punta Giordani",
        "type": "peak",
        "elevation": 4046,
        "sort_elevation": 4046,
        "website": "",
        "description": "",
        "osm_id": 918819227
      },
      "geometry": {
        "type": "Point",
        "coordinates": [
          7.8678048,
          45.9057584
        ]
      }
    },
    {
      "type": "Feature",
      "properties": {
        "id": 918915761,
        "name": "Egginer",
        "type": "peak",
        "elevation": 3367,
        "sort_elevation": 3367,
        "website": "",
        "description": "",
        "osm_id": 918915761
      },
      "geometry": {
        "type": "Point",
        "coordinates": [
          7.9301291,
          46.0751825
        ]
      }
    },
    {
      "type": "Feature",
      "properties": {
        "id": 918916064,
        "name": "Nadelhorn Vorgipfel",
        "type": "peak",
        "elevation": 4325,
        "sort_elevation": 4325,
        "website": "",
        "description": "",
        "osm_id": 918916064
      },
      "geometry": {
        "type": "Point",
        "coordinates": [
          7.8640083,
          46.1090264
        ]
      }
    },
    {
      "type": "Feature",
      "properties": {
        "id": 918917322,
        "name": "Schwarzbergschopf",
        "type": "peak",
        "elevation": 2870,
        "sort_elevation": 2870,
        "website": "",
        "description": "",
        "osm_id": 918917322
      },
      "geometry": {
        "type": "Point",
        "coordinates": [
          7.9427307,
          46.0435985
        ]
      }
    },
    {
      "type": "Feature",
      "properties": {
        "id": 918917610,
        "name": "Üssere Turu",
        "type": "peak",
        "elevation": 3030,
        "sort_elevation": 3030,
        "website": "",
        "description": "",
        "osm_id": 918917610
      },
      "geometry": {
        "type": "Point",
        "coordinates": [
          7.9365702,
          46.0411616
        ]
      }
    },
    {
      "type": "Feature",
      "properties": {
        "id": 925963035,
        "name": "Il Paretone - sommet",
        "type": "peak",
        "elevation": "N/D",
        "sort_elevation": 0,
        "website": "",
        "description": "",
        "osm_id": 925963035
      },
      "geometry": {
        "type": "Point",
        "coordinates": [
          7.7353175,
          45.6339888
        ]
      }
    },
    {
      "type": "Feature",
      "properties": {
        "id": 943819446,
        "name": "Monte Poudzo",
        "type": "peak",
        "elevation": 3094,
        "sort_elevation": 3094,
        "website": "",
        "description": "",
        "osm_id": 943819446
      },
      "geometry": {
        "type": "Point",
        "coordinates": [
          7.5256606,
          45.8931724
        ]
      }
    },
    {
      "type": "Feature",
      "properties": {
        "id": 943826720,
        "name": "Tête de Valpelline",
        "type": "peak",
        "elevation": 3802,
        "sort_elevation": 3802,
        "website": "",
        "description": "",
        "osm_id": 943826720
      },
      "geometry": {
        "type": "Point",
        "coordinates": [
          7.5816651,
          45.9746182
        ]
      }
    },
    {
      "type": "Feature",
      "properties": {
        "id": 943833550,
        "name": "Mont Brûlé",
        "type": "peak",
        "elevation": 3591,
        "sort_elevation": 3591,
        "website": "",
        "description": "",
        "osm_id": 943833550
      },
      "geometry": {
        "type": "Point",
        "coordinates": [
          7.5383578,
          45.9549494
        ]
      }
    },
    {
      "type": "Feature",
      "properties": {
        "id": 943957769,
        "name": "Becca di Chardonney Ovest",
        "type": "peak",
        "elevation": 3401,
        "sort_elevation": 3401,
        "website": "",
        "description": "",
        "osm_id": 943957769
      },
      "geometry": {
        "type": "Point",
        "coordinates": [
          7.4075434,
          45.9084616
        ]
      }
    },
    {
      "type": "Feature",
      "properties": {
        "id": 944008419,
        "name": "Punta Kurz",
        "type": "peak",
        "elevation": 3498,
        "sort_elevation": 3498,
        "website": "",
        "description": "",
        "osm_id": 944008419
      },
      "geometry": {
        "type": "Point",
        "coordinates": [
          7.5280817,
          45.9565041
        ]
      }
    },
    {
      "type": "Feature",
      "properties": {
        "id": 944014248,
        "name": "Punta Valnera",
        "type": "peak",
        "elevation": 2754,
        "sort_elevation": 2754,
        "website": "",
        "description": "",
        "osm_id": 944014248
      },
      "geometry": {
        "type": "Point",
        "coordinates": [
          7.7915259,
          45.7840112
        ]
      }
    },
    {
      "type": "Feature",
      "properties": {
        "id": 944979469,
        "name": "Punta Cris",
        "type": "peak",
        "elevation": "N/D",
        "sort_elevation": 0,
        "website": "",
        "description": "",
        "osm_id": 944979469
      },
      "geometry": {
        "type": "Point",
        "coordinates": [
          7.7414014,
          45.7905725
        ]
      }
    },
    {
      "type": "Feature",
      "properties": {
        "id": 957182171,
        "name": "Lagginhorn",
        "type": "peak",
        "elevation": 4010,
        "sort_elevation": 4010,
        "website": "",
        "description": "",
        "osm_id": 957182171
      },
      "geometry": {
        "type": "Point",
        "coordinates": [
          8.0031044,
          46.1570635
        ]
      }
    },
    {
      "type": "Feature",
      "properties": {
        "id": 963258604,
        "name": "Bec Costazza",
        "type": "peak",
        "elevation": 3092,
        "sort_elevation": 3092,
        "website": "",
        "description": "",
        "osm_id": 963258604
      },
      "geometry": {
        "type": "Point",
        "coordinates": [
          7.5044692,
          45.5934498
        ]
      }
    },
    {
      "type": "Feature",
      "properties": {
        "id": 964762758,
        "name": "Gran Becca Blanchen",
        "type": "peak",
        "elevation": 3680,
        "sort_elevation": 3680,
        "website": "",
        "description": "",
        "osm_id": 964762758
      },
      "geometry": {
        "type": "Point",
        "coordinates": [
          7.4748838,
          45.9365803
        ]
      }
    },
    {
      "type": "Feature",
      "properties": {
        "id": 964762762,
        "name": "La Sengla Nord",
        "type": "peak",
        "elevation": 3714,
        "sort_elevation": 3714,
        "website": "",
        "description": "",
        "osm_id": 964762762
      },
      "geometry": {
        "type": "Point",
        "coordinates": [
          7.4717801,
          45.9457532
        ]
      }
    },
    {
      "type": "Feature",
      "properties": {
        "id": 965910393,
        "name": "Punta Miserino",
        "type": "peak",
        "elevation": 3004,
        "sort_elevation": 3004,
        "website": "",
        "description": "",
        "osm_id": 965910393
      },
      "geometry": {
        "type": "Point",
        "coordinates": [
          7.4769671,
          45.579186
        ]
      }
    },
    {
      "type": "Feature",
      "properties": {
        "id": 965910400,
        "name": "Torre di Lavina Sud",
        "type": "peak",
        "elevation": 3308,
        "sort_elevation": 3308,
        "website": "",
        "description": "",
        "osm_id": 965910400
      },
      "geometry": {
        "type": "Point",
        "coordinates": [
          7.4482754,
          45.5552562
        ]
      }
    },
    {
      "type": "Feature",
      "properties": {
        "id": 966203444,
        "name": "La Vierge",
        "type": "peak",
        "elevation": 3232,
        "sort_elevation": 3232,
        "website": "",
        "description": "",
        "osm_id": 966203444
      },
      "geometry": {
        "type": "Point",
        "coordinates": [
          7.5180378,
          45.9626894
        ]
      }
    },
    {
      "type": "Feature",
      "properties": {
        "id": 967792819,
        "name": "Mont Rafrey",
        "type": "peak",
        "elevation": 3146,
        "sort_elevation": 3146,
        "website": "",
        "description": "",
        "osm_id": 967792819
      },
      "geometry": {
        "type": "Point",
        "coordinates": [
          7.511353,
          45.6475339
        ]
      }
    },
    {
      "type": "Feature",
      "properties": {
        "id": 967792821,
        "name": "Monte Gregorio",
        "type": "peak",
        "elevation": 1955,
        "sort_elevation": 1955,
        "website": "",
        "description": "",
        "osm_id": 967792821
      },
      "geometry": {
        "type": "Point",
        "coordinates": [
          7.7834358,
          45.5247552
        ]
      }
    },
    {
      "type": "Feature",
      "properties": {
        "id": 969080657,
        "name": "Becca de la Vanette",
        "type": "peak",
        "elevation": 3361,
        "sort_elevation": 3361,
        "website": "",
        "description": "",
        "osm_id": 969080657
      },
      "geometry": {
        "type": "Point",
        "coordinates": [
          7.5132514,
          45.9427656
        ]
      }
    },
    {
      "type": "Feature",
      "properties": {
        "id": 969080660,
        "name": "Grande Vanne",
        "type": "peak",
        "elevation": 3361,
        "sort_elevation": 3361,
        "website": "",
        "description": "",
        "osm_id": 969080660
      },
      "geometry": {
        "type": "Point",
        "coordinates": [
          7.5242007,
          45.9361977
        ]
      }
    },
    {
      "type": "Feature",
      "properties": {
        "id": 969086917,
        "name": "Punta Budden",
        "type": "peak",
        "elevation": 3631,
        "sort_elevation": 3631,
        "website": "",
        "description": "",
        "osm_id": 969086917
      },
      "geometry": {
        "type": "Point",
        "coordinates": [
          7.586108,
          45.9342412
        ]
      }
    },
    {
      "type": "Feature",
      "properties": {
        "id": 969092871,
        "name": "Becca di Nona",
        "type": "peak",
        "elevation": 2898,
        "sort_elevation": 2898,
        "website": "",
        "description": "",
        "osm_id": 969092871
      },
      "geometry": {
        "type": "Point",
        "coordinates": [
          7.4156175,
          45.8400801
        ]
      }
    },
    {
      "type": "Feature",
      "properties": {
        "id": 969097221,
        "name": "Mont Blanc du Créton",
        "type": "peak",
        "elevation": 3409,
        "sort_elevation": 3409,
        "website": "",
        "description": "",
        "osm_id": 969097221
      },
      "geometry": {
        "type": "Point",
        "coordinates": [
          7.5853247,
          45.9182534
        ]
      }
    },
    {
      "type": "Feature",
      "properties": {
        "id": 969128974,
        "name": "Mont Dzalou",
        "type": "peak",
        "elevation": 3007,
        "sort_elevation": 3007,
        "website": "",
        "description": "",
        "osm_id": 969128974
      },
      "geometry": {
        "type": "Point",
        "coordinates": [
          7.4923479,
          45.8859088
        ]
      }
    },
    {
      "type": "Feature",
      "properties": {
        "id": 970679017,
        "name": "Eyehorn",
        "type": "peak",
        "elevation": 2131,
        "sort_elevation": 2131,
        "website": "",
        "description": "",
        "osm_id": 970679017
      },
      "geometry": {
        "type": "Point",
        "coordinates": [
          8.3442113,
          45.9486174
        ]
      }
    },
    {
      "type": "Feature",
      "properties": {
        "id": 970679375,
        "name": "Monte Massone",
        "type": "peak",
        "elevation": 2161,
        "sort_elevation": 2161,
        "website": "",
        "description": "",
        "osm_id": 970679375
      },
      "geometry": {
        "type": "Point",
        "coordinates": [
          8.3379078,
          45.9468102
        ]
      }
    },
    {
      "type": "Feature",
      "properties": {
        "id": 970680584,
        "name": "Cima delle Tre Croci",
        "type": "peak",
        "elevation": 1872,
        "sort_elevation": 1872,
        "website": "",
        "description": "",
        "osm_id": 970680584
      },
      "geometry": {
        "type": "Point",
        "coordinates": [
          8.3545152,
          45.9566691
        ]
      }
    },
    {
      "type": "Feature",
      "properties": {
        "id": 971046507,
        "name": "Becca d'Invergnaou Ovest",
        "type": "peak",
        "elevation": 2967,
        "sort_elevation": 2967,
        "website": "",
        "description": "",
        "osm_id": 971046507
      },
      "geometry": {
        "type": "Point",
        "coordinates": [
          7.4427674,
          45.8557257
        ]
      }
    },
    {
      "type": "Feature",
      "properties": {
        "id": 971046508,
        "name": "Monte Pisonet",
        "type": "peak",
        "elevation": 3205,
        "sort_elevation": 3205,
        "website": "",
        "description": "",
        "osm_id": 971046508
      },
      "geometry": {
        "type": "Point",
        "coordinates": [
          7.4679337,
          45.838207
        ]
      }
    },
    {
      "type": "Feature",
      "properties": {
        "id": 971046509,
        "name": "Becca d'Aquelou",
        "type": "peak",
        "elevation": 3130,
        "sort_elevation": 3130,
        "website": "",
        "description": "",
        "osm_id": 971046509
      },
      "geometry": {
        "type": "Point",
        "coordinates": [
          7.449393,
          45.8456959
        ]
      }
    },
    {
      "type": "Feature",
      "properties": {
        "id": 973631398,
        "name": "Becca d'Aveille",
        "type": "peak",
        "elevation": 2623,
        "sort_elevation": 2623,
        "website": "",
        "description": "",
        "osm_id": 973631398
      },
      "geometry": {
        "type": "Point",
        "coordinates": [
          7.4425954,
          45.7914654
        ]
      }
    },
    {
      "type": "Feature",
      "properties": {
        "id": 976034857,
        "name": "Punta Tessonet",
        "type": "peak",
        "elevation": 3264,
        "sort_elevation": 3264,
        "website": "",
        "description": "",
        "osm_id": 976034857
      },
      "geometry": {
        "type": "Point",
        "coordinates": [
          7.4644238,
          45.6336744
        ]
      }
    },
    {
      "type": "Feature",
      "properties": {
        "id": 1030721229,
        "name": "Testa di Menta",
        "type": "peak",
        "elevation": 2202,
        "sort_elevation": 2202,
        "website": "",
        "description": "",
        "osm_id": 1030721229
      },
      "geometry": {
        "type": "Point",
        "coordinates": [
          8.3733983,
          46.075997
        ]
      }
    },
    {
      "type": "Feature",
      "properties": {
        "id": 1030721231,
        "name": "Cima Pedum",
        "type": "peak",
        "elevation": 2111,
        "sort_elevation": 2111,
        "website": "",
        "description": "",
        "osm_id": 1030721231
      },
      "geometry": {
        "type": "Point",
        "coordinates": [
          8.4481949,
          46.0445477
        ]
      }
    },
    {
      "type": "Feature",
      "properties": {
        "id": 1030721234,
        "name": "Pizzo Proman",
        "type": "peak",
        "elevation": 2098,
        "sort_elevation": 2098,
        "website": "",
        "description": "",
        "osm_id": 1030721234
      },
      "geometry": {
        "type": "Point",
        "coordinates": [
          8.3953666,
          46.0246621
        ]
      }
    },
    {
      "type": "Feature",
      "properties": {
        "id": 1030721243,
        "name": "Pizzo Tignolino",
        "type": "peak",
        "elevation": 2246,
        "sort_elevation": 2246,
        "website": "",
        "description": "",
        "osm_id": 1030721243
      },
      "geometry": {
        "type": "Point",
        "coordinates": [
          8.3735441,
          46.0848613
        ]
      }
    },
    {
      "type": "Feature",
      "properties": {
        "id": 1030721244,
        "name": "Pizzo Ragno",
        "type": "peak",
        "elevation": 2289,
        "sort_elevation": 2289,
        "website": "",
        "description": "",
        "osm_id": 1030721244
      },
      "geometry": {
        "type": "Point",
        "coordinates": [
          8.4219597,
          46.1013935
        ]
      }
    },
    {
      "type": "Feature",
      "properties": {
        "id": 1030721247,
        "name": "Pizzo Mottac",
        "type": "peak",
        "elevation": 1802,
        "sort_elevation": 1802,
        "website": "",
        "description": "",
        "osm_id": 1030721247
      },
      "geometry": {
        "type": "Point",
        "coordinates": [
          8.4021693,
          46.0630298
        ]
      }
    },
    {
      "type": "Feature",
      "properties": {
        "id": 1030721258,
        "name": "Cima Marsicce",
        "type": "peak",
        "elevation": 2135,
        "sort_elevation": 2135,
        "website": "",
        "description": "",
        "osm_id": 1030721258
      },
      "geometry": {
        "type": "Point",
        "coordinates": [
          8.4918475,
          46.0597933
        ]
      }
    },
    {
      "type": "Feature",
      "properties": {
        "id": 1030721263,
        "name": "Pizzo Stagno",
        "type": "peak",
        "elevation": 2183,
        "sort_elevation": 2183,
        "website": "",
        "description": "",
        "osm_id": 1030721263
      },
      "geometry": {
        "type": "Point",
        "coordinates": [
          8.4587365,
          46.0773868
        ]
      }
    },
    {
      "type": "Feature",
      "properties": {
        "id": 1030721266,
        "name": "Pizzo Nona",
        "type": "peak",
        "elevation": 2271,
        "sort_elevation": 2271,
        "website": "",
        "description": "",
        "osm_id": 1030721266
      },
      "geometry": {
        "type": "Point",
        "coordinates": [
          8.412951,
          46.0970688
        ]
      }
    },
    {
      "type": "Feature",
      "properties": {
        "id": 1036987061,
        "name": "Punta Pozzolo",
        "type": "peak",
        "elevation": 2081,
        "sort_elevation": 2081,
        "website": "",
        "description": "",
        "osm_id": 1036987061
      },
      "geometry": {
        "type": "Point",
        "coordinates": [
          8.3518249,
          46.0657656
        ]
      }
    },
    {
      "type": "Feature",
      "properties": {
        "id": 1036987133,
        "name": "Rifugio Alpe Parpinasca",
        "type": "hut",
        "elevation": 1210,
        "sort_elevation": 1210,
        "website": "http://www.rifugioparpinasca.com/",
        "description": "",
        "osm_id": 1036987133
      },
      "geometry": {
        "type": "Point",
        "coordinates": [
          8.3534708,
          46.1049859
        ]
      }
    },
    {
      "type": "Feature",
      "properties": {
        "id": 1124670054,
        "name": "Punta Regina",
        "type": "peak",
        "elevation": 2388,
        "sort_elevation": 2388,
        "website": "",
        "description": "",
        "osm_id": 1124670054
      },
      "geometry": {
        "type": "Point",
        "coordinates": [
          7.804585,
          45.7491807
        ]
      }
    },
    {
      "type": "Feature",
      "properties": {
        "id": 1125529986,
        "name": "Colma di Mombarone",
        "type": "peak",
        "elevation": 2371,
        "sort_elevation": 2371,
        "website": "",
        "description": "",
        "osm_id": 1125529986
      },
      "geometry": {
        "type": "Point",
        "coordinates": [
          7.8930066,
          45.586008
        ]
      }
    },
    {
      "type": "Feature",
      "properties": {
        "id": 1151165146,
        "name": "Lo Stallone",
        "type": "peak",
        "elevation": 1496,
        "sort_elevation": 1496,
        "website": "",
        "description": "",
        "osm_id": 1151165146
      },
      "geometry": {
        "type": "Point",
        "coordinates": [
          8.7986353,
          46.1975976
        ]
      }
    },
    {
      "type": "Feature",
      "properties": {
        "id": 1151845509,
        "name": "Rifugio Forcora",
        "type": "hut",
        "elevation": 1164,
        "sort_elevation": 1164,
        "website": "http://www.vareselandoftourism.it/?dove_dormire=search&lang=it&struttura=9&PAG=rifugio-forcora--rifugi-con-alloggio-dove-dormire&o=724",
        "description": "",
        "osm_id": 1151845509
      },
      "geometry": {
        "type": "Point",
        "coordinates": [
          8.7771925,
          46.0764936
        ]
      }
    },
    {
      "type": "Feature",
      "properties": {
        "id": 1154224527,
        "name": "Bivacco Alpe Fornà",
        "type": "bivouac",
        "elevation": 1710,
        "sort_elevation": 1710,
        "website": "",
        "description": "Intitolato a Ubaldo Cavallasca detto \"Cucciolo\"",
        "osm_id": 1154224527
      },
      "geometry": {
        "type": "Point",
        "coordinates": [
          8.5392196,
          46.0500039
        ]
      }
    },
    {
      "type": "Feature",
      "properties": {
        "id": 1154224544,
        "name": "Bivacco Orfalecchio",
        "type": "bivouac",
        "elevation": 590,
        "sort_elevation": 590,
        "website": "",
        "description": "",
        "osm_id": 1154224544
      },
      "geometry": {
        "type": "Point",
        "coordinates": [
          8.4416741,
          46.0138626
        ]
      }
    },
    {
      "type": "Feature",
      "properties": {
        "id": 1154224547,
        "name": "Bivacco Lidesh",
        "type": "bivouac",
        "elevation": 1590,
        "sort_elevation": 1590,
        "website": "",
        "description": "",
        "osm_id": 1154224547
      },
      "geometry": {
        "type": "Point",
        "coordinates": [
          8.5200644,
          46.0757975
        ]
      }
    },
    {
      "type": "Feature",
      "properties": {
        "id": 1184706441,
        "name": "Le Colme",
        "type": "peak",
        "elevation": 1653,
        "sort_elevation": 1653,
        "website": "",
        "description": "",
        "osm_id": 1184706441
      },
      "geometry": {
        "type": "Point",
        "coordinates": [
          7.7986425,
          45.5189147
        ]
      }
    },
    {
      "type": "Feature",
      "properties": {
        "id": 1224682280,
        "name": "Monte Betogne",
        "type": "peak",
        "elevation": 1602,
        "sort_elevation": 1602,
        "website": "",
        "description": "",
        "osm_id": 1224682280
      },
      "geometry": {
        "type": "Point",
        "coordinates": [
          7.7725623,
          45.5165045
        ]
      }
    },
    {
      "type": "Feature",
      "properties": {
        "id": 1243390246,
        "name": "Nordendspitze",
        "type": "peak",
        "elevation": 4609,
        "sort_elevation": 4609,
        "website": "",
        "description": "",
        "osm_id": 1243390246
      },
      "geometry": {
        "type": "Point",
        "coordinates": [
          7.8699282,
          45.9419935
        ]
      }
    },
    {
      "type": "Feature",
      "properties": {
        "id": 1244929720,
        "name": "Gamserchopf",
        "type": "peak",
        "elevation": 3403,
        "sort_elevation": 3403,
        "website": "",
        "description": "",
        "osm_id": 1244929720
      },
      "geometry": {
        "type": "Point",
        "coordinates": [
          7.9955505,
          46.1843662
        ]
      }
    },
    {
      "type": "Feature",
      "properties": {
        "id": 1244935694,
        "name": "Augstkummenhorn",
        "type": "peak",
        "elevation": 3419,
        "sort_elevation": 3419,
        "website": "",
        "description": "",
        "osm_id": 1244935694
      },
      "geometry": {
        "type": "Point",
        "coordinates": [
          8.0217286,
          46.0696465
        ]
      }
    },
    {
      "type": "Feature",
      "properties": {
        "id": 1250575021,
        "name": "Petit Mont Collon",
        "type": "peak",
        "elevation": 3555,
        "sort_elevation": 3555,
        "website": "",
        "description": "",
        "osm_id": 1250575021
      },
      "geometry": {
        "type": "Point",
        "coordinates": [
          7.4809695,
          45.967718
        ]
      }
    },
    {
      "type": "Feature",
      "properties": {
        "id": 1250581396,
        "name": "Bec de la Sasse",
        "type": "peak",
        "elevation": 3496,
        "sort_elevation": 3496,
        "website": "",
        "description": "",
        "osm_id": 1250581396
      },
      "geometry": {
        "type": "Point",
        "coordinates": [
          7.4587057,
          45.9355392
        ]
      }
    },
    {
      "type": "Feature",
      "properties": {
        "id": 1252732573,
        "name": "Monte Zerbion",
        "type": "peak",
        "elevation": 2722,
        "sort_elevation": 2722,
        "website": "",
        "description": "",
        "osm_id": 1252732573
      },
      "geometry": {
        "type": "Point",
        "coordinates": [
          7.6635932,
          45.7881011
        ]
      }
    },
    {
      "type": "Feature",
      "properties": {
        "id": 1260037668,
        "name": "Cima delle Guardie",
        "type": "peak",
        "elevation": 2007,
        "sort_elevation": 2007,
        "website": "",
        "description": "",
        "osm_id": 1260037668
      },
      "geometry": {
        "type": "Point",
        "coordinates": [
          8.0188087,
          45.6894728
        ]
      }
    },
    {
      "type": "Feature",
      "properties": {
        "id": 1260037815,
        "name": "Cima del Bonom",
        "type": "peak",
        "elevation": 1878,
        "sort_elevation": 1878,
        "website": "",
        "description": "",
        "osm_id": 1260037815
      },
      "geometry": {
        "type": "Point",
        "coordinates": [
          8.0166906,
          45.6788522
        ]
      }
    },
    {
      "type": "Feature",
      "properties": {
        "id": 1271243143,
        "name": "Flambeau D'Arlaz",
        "type": "peak",
        "elevation": 1160,
        "sort_elevation": 1160,
        "website": "",
        "description": "",
        "osm_id": 1271243143
      },
      "geometry": {
        "type": "Point",
        "coordinates": [
          7.7049863,
          45.7035298
        ]
      }
    },
    {
      "type": "Feature",
      "properties": {
        "id": 1271243298,
        "name": "Monte Ros",
        "type": "peak",
        "elevation": 1408,
        "sort_elevation": 1408,
        "website": "",
        "description": "",
        "osm_id": 1271243298
      },
      "geometry": {
        "type": "Point",
        "coordinates": [
          7.7095677,
          45.7121445
        ]
      }
    },
    {
      "type": "Feature",
      "properties": {
        "id": 1271772707,
        "name": "Testa Comagna",
        "type": "peak",
        "elevation": 2105,
        "sort_elevation": 2105,
        "website": "",
        "description": "",
        "osm_id": 1271772707
      },
      "geometry": {
        "type": "Point",
        "coordinates": [
          7.722411,
          45.74463
        ]
      }
    },
    {
      "type": "Feature",
      "properties": {
        "id": 1273070640,
        "name": "Cleve di Moulaz",
        "type": "peak",
        "elevation": 2233,
        "sort_elevation": 2233,
        "website": "",
        "description": "",
        "osm_id": 1273070640
      },
      "geometry": {
        "type": "Point",
        "coordinates": [
          7.776058,
          45.7376354
        ]
      }
    },
    {
      "type": "Feature",
      "properties": {
        "id": 1273221766,
        "name": "Becca Torché",
        "type": "peak",
        "elevation": 3015,
        "sort_elevation": 3015,
        "website": "",
        "description": "",
        "osm_id": 1273221766
      },
      "geometry": {
        "type": "Point",
        "coordinates": [
          7.7859007,
          45.6905431
        ]
      }
    },
    {
      "type": "Feature",
      "properties": {
        "id": 1274021113,
        "name": "Becca Mortens",
        "type": "peak",
        "elevation": 2735,
        "sort_elevation": 2735,
        "website": "",
        "description": "",
        "osm_id": 1274021113
      },
      "geometry": {
        "type": "Point",
        "coordinates": [
          7.7753677,
          45.6963716
        ]
      }
    },
    {
      "type": "Feature",
      "properties": {
        "id": 1274021207,
        "name": "Becca Chalex",
        "type": "peak",
        "elevation": 2359,
        "sort_elevation": 2359,
        "website": "",
        "description": "",
        "osm_id": 1274021207
      },
      "geometry": {
        "type": "Point",
        "coordinates": [
          7.7601052,
          45.6905727
        ]
      }
    },
    {
      "type": "Feature",
      "properties": {
        "id": 1275511930,
        "name": "Monte Crabun",
        "type": "peak",
        "elevation": 2711,
        "sort_elevation": 2711,
        "website": "",
        "description": "",
        "osm_id": 1275511930
      },
      "geometry": {
        "type": "Point",
        "coordinates": [
          7.7850154,
          45.6634132
        ]
      }
    },
    {
      "type": "Feature",
      "properties": {
        "id": 1277048194,
        "name": "Punta di Medzove",
        "type": "peak",
        "elevation": 2845,
        "sort_elevation": 2845,
        "website": "",
        "description": "",
        "osm_id": 1277048194
      },
      "geometry": {
        "type": "Point",
        "coordinates": [
          7.5470975,
          45.6546238
        ]
      }
    },
    {
      "type": "Feature",
      "properties": {
        "id": 1278957309,
        "name": "Becca di Nana",
        "type": "peak",
        "elevation": 3010,
        "sort_elevation": 3010,
        "website": "",
        "description": "",
        "osm_id": 1278957309
      },
      "geometry": {
        "type": "Point",
        "coordinates": [
          7.6845769,
          45.8491827
        ]
      }
    },
    {
      "type": "Feature",
      "properties": {
        "id": 1287766598,
        "name": "Monte Pancherot",
        "type": "peak",
        "elevation": 2614,
        "sort_elevation": 2614,
        "website": "",
        "description": "",
        "osm_id": 1287766598
      },
      "geometry": {
        "type": "Point",
        "coordinates": [
          7.6020711,
          45.8837277
        ]
      }
    },
    {
      "type": "Feature",
      "properties": {
        "id": 1288185322,
        "name": "Rifugio Belvedere",
        "type": "hut",
        "elevation": "N/D",
        "sort_elevation": 0,
        "website": "http://www.rifugiobelvedere.net/",
        "description": "",
        "osm_id": 1288185322
      },
      "geometry": {
        "type": "Point",
        "coordinates": [
          7.7515553,
          45.8449446
        ]
      }
    },
    {
      "type": "Feature",
      "properties": {
        "id": 1288626069,
        "name": "Palon di Tzere",
        "type": "peak",
        "elevation": 2671,
        "sort_elevation": 2671,
        "website": "",
        "description": "",
        "osm_id": 1288626069
      },
      "geometry": {
        "type": "Point",
        "coordinates": [
          7.7132134,
          45.893278
        ]
      }
    },
    {
      "type": "Feature",
      "properties": {
        "id": 1290254021,
        "name": "Becca Trecaré",
        "type": "peak",
        "elevation": 3032,
        "sort_elevation": 3032,
        "website": "",
        "description": "",
        "osm_id": 1290254021
      },
      "geometry": {
        "type": "Point",
        "coordinates": [
          7.6763445,
          45.8580191
        ]
      }
    },
    {
      "type": "Feature",
      "properties": {
        "id": 1290254273,
        "name": "Monte Croce",
        "type": "peak",
        "elevation": 2895,
        "sort_elevation": 2895,
        "website": "",
        "description": "",
        "osm_id": 1290254273
      },
      "geometry": {
        "type": "Point",
        "coordinates": [
          7.7043215,
          45.8686487
        ]
      }
    },
    {
      "type": "Feature",
      "properties": {
        "id": 1290254281,
        "name": "Mont Roisetta (Punta Nord)",
        "type": "peak",
        "elevation": 3334,
        "sort_elevation": 3334,
        "website": "",
        "description": "",
        "osm_id": 1290254281
      },
      "geometry": {
        "type": "Point",
        "coordinates": [
          7.6809934,
          45.8872273
        ]
      }
    },
    {
      "type": "Feature",
      "properties": {
        "id": 1291363819,
        "name": "Corno Vitello",
        "type": "peak",
        "elevation": 3057,
        "sort_elevation": 3057,
        "website": "",
        "description": "",
        "osm_id": 1291363819
      },
      "geometry": {
        "type": "Point",
        "coordinates": [
          7.788517,
          45.8044802
        ]
      }
    },
    {
      "type": "Feature",
      "properties": {
        "id": 1291519174,
        "name": "Punta Valfredda",
        "type": "peak",
        "elevation": 2944,
        "sort_elevation": 2944,
        "website": "",
        "description": "",
        "osm_id": 1291519174
      },
      "geometry": {
        "type": "Point",
        "coordinates": [
          7.784182,
          45.7931308
        ]
      }
    },
    {
      "type": "Feature",
      "properties": {
        "id": 1292038541,
        "name": "Punta del Lago",
        "type": "peak",
        "elevation": 2816,
        "sort_elevation": 2816,
        "website": "",
        "description": "",
        "osm_id": 1292038541
      },
      "geometry": {
        "type": "Point",
        "coordinates": [
          7.753731,
          45.7939974
        ]
      }
    },
    {
      "type": "Feature",
      "properties": {
        "id": 1292039324,
        "name": "Corno Bussola",
        "type": "peak",
        "elevation": 3023,
        "sort_elevation": 3023,
        "website": "",
        "description": "",
        "osm_id": 1292039324
      },
      "geometry": {
        "type": "Point",
        "coordinates": [
          7.7367099,
          45.7956693
        ]
      }
    },
    {
      "type": "Feature",
      "properties": {
        "id": 1298707407,
        "name": "Punta della Garda",
        "type": "peak",
        "elevation": 2208,
        "sort_elevation": 2208,
        "website": "",
        "description": "",
        "osm_id": 1298707407
      },
      "geometry": {
        "type": "Point",
        "coordinates": [
          7.79311,
          45.7462532
        ]
      }
    },
    {
      "type": "Feature",
      "properties": {
        "id": 1299293124,
        "name": "Monte Rena",
        "type": "peak",
        "elevation": 2512,
        "sort_elevation": 2512,
        "website": "",
        "description": "",
        "osm_id": 1299293124
      },
      "geometry": {
        "type": "Point",
        "coordinates": [
          7.8092446,
          45.7425007
        ]
      }
    },
    {
      "type": "Feature",
      "properties": {
        "id": 1299293416,
        "name": "Monte Taille",
        "type": "peak",
        "elevation": 2561,
        "sort_elevation": 2561,
        "website": "",
        "description": "",
        "osm_id": 1299293416
      },
      "geometry": {
        "type": "Point",
        "coordinates": [
          7.8152229,
          45.7419008
        ]
      }
    },
    {
      "type": "Feature",
      "properties": {
        "id": 1299293645,
        "name": "Monte Taf",
        "type": "peak",
        "elevation": 2523,
        "sort_elevation": 2523,
        "website": "",
        "description": "",
        "osm_id": 1299293645
      },
      "geometry": {
        "type": "Point",
        "coordinates": [
          7.8192958,
          45.7357266
        ]
      }
    },
    {
      "type": "Feature",
      "properties": {
        "id": 1302032487,
        "name": "Anticima Monte Bieteron",
        "type": "peak",
        "elevation": 2586,
        "sort_elevation": 2586,
        "website": "",
        "description": "",
        "osm_id": 1302032487
      },
      "geometry": {
        "type": "Point",
        "coordinates": [
          7.7788517,
          45.7735899
        ]
      }
    },
    {
      "type": "Feature",
      "properties": {
        "id": 1308004907,
        "name": "Grand Tournalin - Punta Sud",
        "type": "peak",
        "elevation": 3371,
        "sort_elevation": 3371,
        "website": "",
        "description": "",
        "osm_id": 1308004907
      },
      "geometry": {
        "type": "Point",
        "coordinates": [
          7.6872562,
          45.8712043
        ]
      }
    },
    {
      "type": "Feature",
      "properties": {
        "id": 1308005106,
        "name": "Petit Tournalin",
        "type": "peak",
        "elevation": 3207,
        "sort_elevation": 3207,
        "website": "",
        "description": "",
        "osm_id": 1308005106
      },
      "geometry": {
        "type": "Point",
        "coordinates": [
          7.6842609,
          45.86518
        ]
      }
    },
    {
      "type": "Feature",
      "properties": {
        "id": 1311884365,
        "name": "Becca d'Aver",
        "type": "peak",
        "elevation": 2469,
        "sort_elevation": 2469,
        "website": "",
        "description": "",
        "osm_id": 1311884365
      },
      "geometry": {
        "type": "Point",
        "coordinates": [
          7.5356739,
          45.8007312
        ]
      }
    },
    {
      "type": "Feature",
      "properties": {
        "id": 1314469569,
        "name": "Monte Voghel",
        "type": "peak",
        "elevation": 2925,
        "sort_elevation": 2925,
        "website": "",
        "description": "",
        "osm_id": 1314469569
      },
      "geometry": {
        "type": "Point",
        "coordinates": [
          7.8025764,
          45.6941209
        ]
      }
    },
    {
      "type": "Feature",
      "properties": {
        "id": 1314469588,
        "name": "Becca di Vlou",
        "type": "peak",
        "elevation": 3032,
        "sort_elevation": 3032,
        "website": "",
        "description": "",
        "osm_id": 1314469588
      },
      "geometry": {
        "type": "Point",
        "coordinates": [
          7.7919504,
          45.6915777
        ]
      }
    },
    {
      "type": "Feature",
      "properties": {
        "id": 1326331988,
        "name": "Tête de Cou",
        "type": "peak",
        "elevation": 1410,
        "sort_elevation": 1410,
        "website": "",
        "description": "",
        "osm_id": 1326331988
      },
      "geometry": {
        "type": "Point",
        "coordinates": [
          7.7565344,
          45.6247376
        ]
      }
    },
    {
      "type": "Feature",
      "properties": {
        "id": 1327132846,
        "name": "Punta Guà",
        "type": "peak",
        "elevation": 2777,
        "sort_elevation": 2777,
        "website": "",
        "description": "",
        "osm_id": 1327132846
      },
      "geometry": {
        "type": "Point",
        "coordinates": [
          7.7361781,
          45.7819493
        ]
      }
    },
    {
      "type": "Feature",
      "properties": {
        "id": 1327298062,
        "name": "Punta Palasina",
        "type": "peak",
        "elevation": 2782,
        "sort_elevation": 2782,
        "website": "",
        "description": "",
        "osm_id": 1327298062
      },
      "geometry": {
        "type": "Point",
        "coordinates": [
          7.7665125,
          45.7938312
        ]
      }
    },
    {
      "type": "Feature",
      "properties": {
        "id": 1327365271,
        "name": "Corno del Lago",
        "type": "peak",
        "elevation": 2747,
        "sort_elevation": 2747,
        "website": "",
        "description": "",
        "osm_id": 1327365271
      },
      "geometry": {
        "type": "Point",
        "coordinates": [
          7.7832553,
          45.670616
        ]
      }
    },
    {
      "type": "Feature",
      "properties": {
        "id": 1327562335,
        "name": "Mont Tantané",
        "type": "peak",
        "elevation": 2734,
        "sort_elevation": 2734,
        "website": "",
        "description": "",
        "osm_id": 1327562335
      },
      "geometry": {
        "type": "Point",
        "coordinates": [
          7.6472348,
          45.8167667
        ]
      }
    },
    {
      "type": "Feature",
      "properties": {
        "id": 1327998825,
        "name": "La Ciarma",
        "type": "peak",
        "elevation": 1927,
        "sort_elevation": 1927,
        "website": "",
        "description": "",
        "osm_id": 1327998825
      },
      "geometry": {
        "type": "Point",
        "coordinates": [
          7.8438119,
          45.5984645
        ]
      }
    },
    {
      "type": "Feature",
      "properties": {
        "id": 1327999238,
        "name": "Bec di Nona",
        "type": "peak",
        "elevation": 2085,
        "sort_elevation": 2085,
        "website": "",
        "description": "",
        "osm_id": 1327999238
      },
      "geometry": {
        "type": "Point",
        "coordinates": [
          7.8496776,
          45.6023184
        ]
      }
    },
    {
      "type": "Feature",
      "properties": {
        "id": 1327999259,
        "name": "Punta Cressa",
        "type": "peak",
        "elevation": 2051,
        "sort_elevation": 2051,
        "website": "",
        "description": "",
        "osm_id": 1327999259
      },
      "geometry": {
        "type": "Point",
        "coordinates": [
          7.8649186,
          45.5972739
        ]
      }
    },
    {
      "type": "Feature",
      "properties": {
        "id": 1328522821,
        "name": "Piccolo Rothorn",
        "type": "peak",
        "elevation": 3035,
        "sort_elevation": 3035,
        "website": "",
        "description": "",
        "osm_id": 1328522821
      },
      "geometry": {
        "type": "Point",
        "coordinates": [
          7.7913843,
          45.8452744
        ]
      }
    },
    {
      "type": "Feature",
      "properties": {
        "id": 1328522839,
        "name": "Rothorn",
        "type": "peak",
        "elevation": 3152,
        "sort_elevation": 3152,
        "website": "",
        "description": "",
        "osm_id": 1328522839
      },
      "geometry": {
        "type": "Point",
        "coordinates": [
          7.7852616,
          45.8441101
        ]
      }
    },
    {
      "type": "Feature",
      "properties": {
        "id": 1328531177,
        "name": "Monte Bettaforca",
        "type": "peak",
        "elevation": 2980,
        "sort_elevation": 2980,
        "website": "",
        "description": "",
        "osm_id": 1328531177
      },
      "geometry": {
        "type": "Point",
        "coordinates": [
          7.7799445,
          45.8640314
        ]
      }
    },
    {
      "type": "Feature",
      "properties": {
        "id": 1328589780,
        "name": "Mont de la nouha",
        "type": "peak",
        "elevation": 2544,
        "sort_elevation": 2544,
        "website": "",
        "description": "",
        "osm_id": 1328589780
      },
      "geometry": {
        "type": "Point",
        "coordinates": [
          7.7446132,
          45.8193718
        ]
      }
    },
    {
      "type": "Feature",
      "properties": {
        "id": 1328595052,
        "name": "Monte Rosso Di Verra",
        "type": "peak",
        "elevation": 3034,
        "sort_elevation": 3034,
        "website": "",
        "description": "",
        "osm_id": 1328595052
      },
      "geometry": {
        "type": "Point",
        "coordinates": [
          7.7650406,
          45.8832584
        ]
      }
    },
    {
      "type": "Feature",
      "properties": {
        "id": 1343723811,
        "name": "Croce di Bequet",
        "type": "peak",
        "elevation": 2236,
        "sort_elevation": 2236,
        "website": "",
        "description": "",
        "osm_id": 1343723811
      },
      "geometry": {
        "type": "Point",
        "coordinates": [
          7.7265643,
          45.8185746
        ]
      }
    },
    {
      "type": "Feature",
      "properties": {
        "id": 1343723873,
        "name": "Punta Piure",
        "type": "peak",
        "elevation": 2907,
        "sort_elevation": 2907,
        "website": "",
        "description": "",
        "osm_id": 1343723873
      },
      "geometry": {
        "type": "Point",
        "coordinates": [
          7.7312491,
          45.8055512
        ]
      }
    },
    {
      "type": "Feature",
      "properties": {
        "id": 1343723988,
        "name": "Punta Ruines",
        "type": "peak",
        "elevation": 2822,
        "sort_elevation": 2822,
        "website": "",
        "description": "",
        "osm_id": 1343723988
      },
      "geometry": {
        "type": "Point",
        "coordinates": [
          7.7277138,
          45.7979605
        ]
      }
    },
    {
      "type": "Feature",
      "properties": {
        "id": 1347740518,
        "name": "Crocetta",
        "type": "peak",
        "elevation": "N/D",
        "sort_elevation": 0,
        "website": "",
        "description": "",
        "osm_id": 1347740518
      },
      "geometry": {
        "type": "Point",
        "coordinates": [
          8.6727396,
          45.9215635
        ]
      }
    },
    {
      "type": "Feature",
      "properties": {
        "id": 1350577339,
        "name": "Dom",
        "type": "peak",
        "elevation": 4545,
        "sort_elevation": 4545,
        "website": "",
        "description": "",
        "osm_id": 1350577339
      },
      "geometry": {
        "type": "Point",
        "coordinates": [
          7.8588713,
          46.0939293
        ]
      }
    },
    {
      "type": "Feature",
      "properties": {
        "id": 1351061369,
        "name": "Alta Luce",
        "type": "peak",
        "elevation": 3184,
        "sort_elevation": 3184,
        "website": "",
        "description": "",
        "osm_id": 1351061369
      },
      "geometry": {
        "type": "Point",
        "coordinates": [
          7.8346981,
          45.8832951
        ]
      }
    },
    {
      "type": "Feature",
      "properties": {
        "id": 1351690161,
        "name": "Bec Raty occidentale",
        "type": "peak",
        "elevation": 2417,
        "sort_elevation": 2417,
        "website": "",
        "description": "",
        "osm_id": 1351690161
      },
      "geometry": {
        "type": "Point",
        "coordinates": [
          7.5672901,
          45.6212232
        ]
      }
    },
    {
      "type": "Feature",
      "properties": {
        "id": 1352936601,
        "name": "Cima Rousse",
        "type": "peak",
        "elevation": 2566,
        "sort_elevation": 2566,
        "website": "",
        "description": "",
        "osm_id": 1352936601
      },
      "geometry": {
        "type": "Point",
        "coordinates": [
          7.5641469,
          45.6003781
        ]
      }
    },
    {
      "type": "Feature",
      "properties": {
        "id": 1356298379,
        "name": "Breithorn Centrale",
        "type": "peak",
        "elevation": 4159,
        "sort_elevation": 4159,
        "website": "",
        "description": "",
        "osm_id": 1356298379
      },
      "geometry": {
        "type": "Point",
        "coordinates": [
          7.7567727,
          45.9387743
        ]
      }
    },
    {
      "type": "Feature",
      "properties": {
        "id": 1356298439,
        "name": "Breithorn Orientale / Ostgipfel",
        "type": "peak",
        "elevation": 4139,
        "sort_elevation": 4139,
        "website": "",
        "description": "",
        "osm_id": 1356298439
      },
      "geometry": {
        "type": "Point",
        "coordinates": [
          7.76711,
          45.9374994
        ]
      }
    },
    {
      "type": "Feature",
      "properties": {
        "id": 1356298568,
        "name": "Roccia Nera",
        "type": "peak",
        "elevation": 4075,
        "sort_elevation": 4075,
        "website": "",
        "description": "",
        "osm_id": 1356298568
      },
      "geometry": {
        "type": "Point",
        "coordinates": [
          7.7751313,
          45.9327037
        ]
      }
    },
    {
      "type": "Feature",
      "properties": {
        "id": 1356298598,
        "name": "Gemello del Breithorn",
        "type": "peak",
        "elevation": 4106,
        "sort_elevation": 4106,
        "website": "",
        "description": "",
        "osm_id": 1356298598
      },
      "geometry": {
        "type": "Point",
        "coordinates": [
          7.7703575,
          45.9358378
        ]
      }
    },
    {
      "type": "Feature",
      "properties": {
        "id": 1370179227,
        "name": "Roc de la Vache",
        "type": "peak",
        "elevation": 2581,
        "sort_elevation": 2581,
        "website": "",
        "description": "",
        "osm_id": 1370179227
      },
      "geometry": {
        "type": "Point",
        "coordinates": [
          7.6451894,
          46.1189247
        ]
      }
    },
    {
      "type": "Feature",
      "properties": {
        "id": 1372940147,
        "name": "Cruit",
        "type": "peak",
        "elevation": 2085,
        "sort_elevation": 2085,
        "website": "",
        "description": "",
        "osm_id": 1372940147
      },
      "geometry": {
        "type": "Point",
        "coordinates": [
          8.6563273,
          46.1160396
        ]
      }
    },
    {
      "type": "Feature",
      "properties": {
        "id": 1373111974,
        "name": "Castor Nordgipfel",
        "type": "peak",
        "elevation": 4205,
        "sort_elevation": 4205,
        "website": "",
        "description": "",
        "osm_id": 1373111974
      },
      "geometry": {
        "type": "Point",
        "coordinates": [
          7.7932862,
          45.9220053
        ]
      }
    },
    {
      "type": "Feature",
      "properties": {
        "id": 1373112102,
        "name": "Gobba di Rollin",
        "type": "peak",
        "elevation": 3899,
        "sort_elevation": 3899,
        "website": "",
        "description": "",
        "osm_id": 1373112102
      },
      "geometry": {
        "type": "Point",
        "coordinates": [
          7.7351142,
          45.9240306
        ]
      }
    },
    {
      "type": "Feature",
      "properties": {
        "id": 1373112314,
        "name": "Liskamm westlicher Vorgipfel",
        "type": "peak",
        "elevation": 4447,
        "sort_elevation": 4447,
        "website": "",
        "description": "",
        "osm_id": 1373112314
      },
      "geometry": {
        "type": "Point",
        "coordinates": [
          7.8204265,
          45.92701
        ]
      }
    },
    {
      "type": "Feature",
      "properties": {
        "id": 1373112888,
        "name": "Grenzgipfel",
        "type": "peak",
        "elevation": 4618,
        "sort_elevation": 4618,
        "website": "",
        "description": "",
        "osm_id": 1373112888
      },
      "geometry": {
        "type": "Point",
        "coordinates": [
          7.8685613,
          45.9367278
        ]
      }
    },
    {
      "type": "Feature",
      "properties": {
        "id": 1373113853,
        "name": "Fillarjoch",
        "type": "peak",
        "elevation": 3586,
        "sort_elevation": 3586,
        "website": "",
        "description": "",
        "osm_id": 1373113853
      },
      "geometry": {
        "type": "Point",
        "coordinates": [
          7.8755383,
          45.9581109
        ]
      }
    },
    {
      "type": "Feature",
      "properties": {
        "id": 1373113990,
        "name": "Kleines Fillarhorn",
        "type": "peak",
        "elevation": 3621,
        "sort_elevation": 3621,
        "website": "",
        "description": "",
        "osm_id": 1373113990
      },
      "geometry": {
        "type": "Point",
        "coordinates": [
          7.8778923,
          45.9597337
        ]
      }
    },
    {
      "type": "Feature",
      "properties": {
        "id": 1373114450,
        "name": "Grosses Fillarhorn",
        "type": "peak",
        "elevation": 3676,
        "sort_elevation": 3676,
        "website": "",
        "description": "",
        "osm_id": 1373114450
      },
      "geometry": {
        "type": "Point",
        "coordinates": [
          7.8811279,
          45.9637465
        ]
      }
    },
    {
      "type": "Feature",
      "properties": {
        "id": 1373114661,
        "name": "Pointe de la Grande Arête",
        "type": "peak",
        "elevation": 3355,
        "sort_elevation": 3355,
        "website": "",
        "description": "",
        "osm_id": 1373114661
      },
      "geometry": {
        "type": "Point",
        "coordinates": [
          7.5444946,
          45.9685003
        ]
      }
    },
    {
      "type": "Feature",
      "properties": {
        "id": 1373114762,
        "name": "Cima Brioschi",
        "type": "peak",
        "elevation": 3616,
        "sort_elevation": 3616,
        "website": "",
        "description": "",
        "osm_id": 1373114762
      },
      "geometry": {
        "type": "Point",
        "coordinates": [
          7.8790478,
          45.9702647
        ]
      }
    },
    {
      "type": "Feature",
      "properties": {
        "id": 1373115476,
        "name": "Cima di Jazzi",
        "type": "peak",
        "elevation": 3803,
        "sort_elevation": 3803,
        "website": "",
        "description": "",
        "osm_id": 1373115476
      },
      "geometry": {
        "type": "Point",
        "coordinates": [
          7.8942037,
          45.9804746
        ]
      }
    },
    {
      "type": "Feature",
      "properties": {
        "id": 1373115635,
        "name": "La Serpentine",
        "type": "peak",
        "elevation": 3789,
        "sort_elevation": 3789,
        "website": "",
        "description": "",
        "osm_id": 1373115635
      },
      "geometry": {
        "type": "Point",
        "coordinates": [
          7.4332688,
          45.9843361
        ]
      }
    },
    {
      "type": "Feature",
      "properties": {
        "id": 1373115916,
        "name": "Neue Weisstorspitze",
        "type": "peak",
        "elevation": 3639,
        "sort_elevation": 3639,
        "website": "",
        "description": "",
        "osm_id": 1373115916
      },
      "geometry": {
        "type": "Point",
        "coordinates": [
          7.9035604,
          45.9887261
        ]
      }
    },
    {
      "type": "Feature",
      "properties": {
        "id": 1373116117,
        "name": "Neue Weisstorspitze",
        "type": "peak",
        "elevation": 3641,
        "sort_elevation": 3641,
        "website": "",
        "description": "",
        "osm_id": 1373116117
      },
      "geometry": {
        "type": "Point",
        "coordinates": [
          7.9061074,
          45.9925986
        ]
      }
    },
    {
      "type": "Feature",
      "properties": {
        "id": 1373116309,
        "name": "Roffelhorn Westgipfel / Cima di Roffel occidentale",
        "type": "peak",
        "elevation": 3563,
        "sort_elevation": 3563,
        "website": "",
        "description": "",
        "osm_id": 1373116309
      },
      "geometry": {
        "type": "Point",
        "coordinates": [
          7.9190626,
          45.9959028
        ]
      }
    },
    {
      "type": "Feature",
      "properties": {
        "id": 1373116311,
        "name": "Steinchalchhorn / Cresta di Stenigalchi",
        "type": "peak",
        "elevation": 3345,
        "sort_elevation": 3345,
        "website": "",
        "description": "",
        "osm_id": 1373116311
      },
      "geometry": {
        "type": "Point",
        "coordinates": [
          7.9326186,
          45.9959969
        ]
      }
    },
    {
      "type": "Feature",
      "properties": {
        "id": 1373116366,
        "name": "Steinchalchhorn",
        "type": "peak",
        "elevation": 3333,
        "sort_elevation": 3333,
        "website": "",
        "description": "",
        "osm_id": 1373116366
      },
      "geometry": {
        "type": "Point",
        "coordinates": [
          7.9373993,
          45.9969229
        ]
      }
    },
    {
      "type": "Feature",
      "properties": {
        "id": 1373116461,
        "name": "Roffelhorn Ostgipfel / Cima di Roffel orientale",
        "type": "peak",
        "elevation": 3478,
        "sort_elevation": 3478,
        "website": "",
        "description": "",
        "osm_id": 1373116461
      },
      "geometry": {
        "type": "Point",
        "coordinates": [
          7.927574,
          45.997147
        ]
      }
    },
    {
      "type": "Feature",
      "properties": {
        "id": 1373116471,
        "name": "Rothhorn / Corno Rosso",
        "type": "peak",
        "elevation": 3230,
        "sort_elevation": 3230,
        "website": "",
        "description": "",
        "osm_id": 1373116471
      },
      "geometry": {
        "type": "Point",
        "coordinates": [
          7.9511571,
          45.9971741
        ]
      }
    },
    {
      "type": "Feature",
      "properties": {
        "id": 1373116883,
        "name": "Pizzo Mondelli / Punta Mondelli",
        "type": "peak",
        "elevation": 2958,
        "sort_elevation": 2958,
        "website": "",
        "description": "",
        "osm_id": 1373116883
      },
      "geometry": {
        "type": "Point",
        "coordinates": [
          7.9962394,
          46.0037199
        ]
      }
    },
    {
      "type": "Feature",
      "properties": {
        "id": 1373117281,
        "name": "Spechhorn / Pizzo di Antigine",
        "type": "peak",
        "elevation": 3189,
        "sort_elevation": 3189,
        "website": "",
        "description": "",
        "osm_id": 1373117281
      },
      "geometry": {
        "type": "Point",
        "coordinates": [
          8.001105,
          46.0121966
        ]
      }
    },
    {
      "type": "Feature",
      "properties": {
        "id": 1373118023,
        "name": "Pizzo Cingino Sud",
        "type": "peak",
        "elevation": 3104,
        "sort_elevation": 3104,
        "website": "",
        "description": "",
        "osm_id": 1373118023
      },
      "geometry": {
        "type": "Point",
        "coordinates": [
          8.0171004,
          46.0251627
        ]
      }
    },
    {
      "type": "Feature",
      "properties": {
        "id": 1373118422,
        "name": "Jazzihorn / Pizzo Cingino Nord",
        "type": "peak",
        "elevation": 3227,
        "sort_elevation": 3227,
        "website": "",
        "description": "",
        "osm_id": 1373118422
      },
      "geometry": {
        "type": "Point",
        "coordinates": [
          8.0118958,
          46.0312032
        ]
      }
    },
    {
      "type": "Feature",
      "properties": {
        "id": 1373119646,
        "name": "Vorder Latelhorn / Pizzo di Camposecco",
        "type": "peak",
        "elevation": 3193,
        "sort_elevation": 3193,
        "website": "",
        "description": "",
        "osm_id": 1373119646
      },
      "geometry": {
        "type": "Point",
        "coordinates": [
          8.0316924,
          46.0484004
        ]
      }
    },
    {
      "type": "Feature",
      "properties": {
        "id": 1373120115,
        "name": "Punta Loraccio",
        "type": "peak",
        "elevation": 3238,
        "sort_elevation": 3238,
        "website": "",
        "description": "",
        "osm_id": 1373120115
      },
      "geometry": {
        "type": "Point",
        "coordinates": [
          8.0305589,
          46.0523198
        ]
      }
    },
    {
      "type": "Feature",
      "properties": {
        "id": 1373120142,
        "name": "P3596",
        "type": "peak",
        "elevation": 3596,
        "sort_elevation": 3596,
        "website": "",
        "description": "",
        "osm_id": 1373120142
      },
      "geometry": {
        "type": "Point",
        "coordinates": [
          7.8995848,
          46.0523892
        ]
      }
    },
    {
      "type": "Feature",
      "properties": {
        "id": 1373120876,
        "name": "Pizzo Scarone",
        "type": "peak",
        "elevation": 3342,
        "sort_elevation": 3342,
        "website": "",
        "description": "",
        "osm_id": 1373120876
      },
      "geometry": {
        "type": "Point",
        "coordinates": [
          8.0261912,
          46.0586828
        ]
      }
    },
    {
      "type": "Feature",
      "properties": {
        "id": 1373121264,
        "name": "Punta Banella",
        "type": "peak",
        "elevation": 3330,
        "sort_elevation": 3330,
        "website": "",
        "description": "",
        "osm_id": 1373121264
      },
      "geometry": {
        "type": "Point",
        "coordinates": [
          8.0248045,
          46.0624381
        ]
      }
    },
    {
      "type": "Feature",
      "properties": {
        "id": 1373121826,
        "name": "Dent des Rosses",
        "type": "peak",
        "elevation": 3613,
        "sort_elevation": 3613,
        "website": "",
        "description": "",
        "osm_id": 1373121826
      },
      "geometry": {
        "type": "Point",
        "coordinates": [
          7.5903504,
          46.0679786
        ]
      }
    },
    {
      "type": "Feature",
      "properties": {
        "id": 1373122176,
        "name": "Leiterspitzen",
        "type": "peak",
        "elevation": 3409,
        "sort_elevation": 3409,
        "website": "",
        "description": "",
        "osm_id": 1373122176
      },
      "geometry": {
        "type": "Point",
        "coordinates": [
          7.8206025,
          46.0732678
        ]
      }
    },
    {
      "type": "Feature",
      "properties": {
        "id": 1373122183,
        "name": "Pointe du Mourti Occidentale",
        "type": "peak",
        "elevation": 3529,
        "sort_elevation": 3529,
        "website": "",
        "description": "",
        "osm_id": 1373122183
      },
      "geometry": {
        "type": "Point",
        "coordinates": [
          7.5809381,
          46.0733627
        ]
      }
    },
    {
      "type": "Feature",
      "properties": {
        "id": 1373122354,
        "name": "Pizzo Bottarello - Sonnighorn",
        "type": "peak",
        "elevation": 3487,
        "sort_elevation": 3487,
        "website": "",
        "description": "",
        "osm_id": 1373122354
      },
      "geometry": {
        "type": "Point",
        "coordinates": [
          8.0224,
          46.0742168
        ]
      }
    },
    {
      "type": "Feature",
      "properties": {
        "id": 1373122822,
        "name": "Kinhorn",
        "type": "peak",
        "elevation": 3750,
        "sort_elevation": 3750,
        "website": "",
        "description": "",
        "osm_id": 1373122822
      },
      "geometry": {
        "type": "Point",
        "coordinates": [
          7.833943,
          46.0771081
        ]
      }
    },
    {
      "type": "Feature",
      "properties": {
        "id": 1373124704,
        "name": "Schalihorn",
        "type": "peak",
        "elevation": 3974,
        "sort_elevation": 3974,
        "website": "",
        "description": "",
        "osm_id": 1373124704
      },
      "geometry": {
        "type": "Point",
        "coordinates": [
          7.7049464,
          46.0844257
        ]
      }
    },
    {
      "type": "Feature",
      "properties": {
        "id": 1373124996,
        "name": "Pizzo di Loranco - Mittelrück",
        "type": "peak",
        "elevation": 3363,
        "sort_elevation": 3363,
        "website": "",
        "description": "",
        "osm_id": 1373124996
      },
      "geometry": {
        "type": "Point",
        "coordinates": [
          8.0302451,
          46.0870693
        ]
      }
    },
    {
      "type": "Feature",
      "properties": {
        "id": 1373126284,
        "name": "Lenzspitze",
        "type": "peak",
        "elevation": 4294,
        "sort_elevation": 4294,
        "website": "",
        "description": "",
        "osm_id": 1373126284
      },
      "geometry": {
        "type": "Point",
        "coordinates": [
          7.8686568,
          46.1045505
        ]
      }
    },
    {
      "type": "Feature",
      "properties": {
        "id": 1373126315,
        "name": "Pointe du Bandon",
        "type": "peak",
        "elevation": 3074,
        "sort_elevation": 3074,
        "website": "",
        "description": "",
        "osm_id": 1373126315
      },
      "geometry": {
        "type": "Point",
        "coordinates": [
          7.5572593,
          46.1045243
        ]
      }
    },
    {
      "type": "Feature",
      "properties": {
        "id": 1373126485,
        "name": "Cima Dora",
        "type": "peak",
        "elevation": 2454,
        "sort_elevation": 2454,
        "website": "",
        "description": "",
        "osm_id": 1373126485
      },
      "geometry": {
        "type": "Point",
        "coordinates": [
          8.0789943,
          46.1060014
        ]
      }
    },
    {
      "type": "Feature",
      "properties": {
        "id": 1373126538,
        "name": "Portjenhorn",
        "type": "peak",
        "elevation": 3567,
        "sort_elevation": 3567,
        "website": "",
        "description": "",
        "osm_id": 1373126538
      },
      "geometry": {
        "type": "Point",
        "coordinates": [
          8.0285495,
          46.1061982
        ]
      }
    },
    {
      "type": "Feature",
      "properties": {
        "id": 1373126932,
        "name": "Pizzo del Büsin",
        "type": "peak",
        "elevation": 2553,
        "sort_elevation": 2553,
        "website": "",
        "description": "",
        "osm_id": 1373126932
      },
      "geometry": {
        "type": "Point",
        "coordinates": [
          8.0971503,
          46.1084167
        ]
      }
    },
    {
      "type": "Feature",
      "properties": {
        "id": 1373127526,
        "name": "Cima del Rosso",
        "type": "peak",
        "elevation": 2624,
        "sort_elevation": 2624,
        "website": "",
        "description": "",
        "osm_id": 1373127526
      },
      "geometry": {
        "type": "Point",
        "coordinates": [
          8.1099718,
          46.1151068
        ]
      }
    },
    {
      "type": "Feature",
      "properties": {
        "id": 1373127815,
        "name": "Pointe du Prélet",
        "type": "peak",
        "elevation": 3000,
        "sort_elevation": 3000,
        "website": "",
        "description": "",
        "osm_id": 1373127815
      },
      "geometry": {
        "type": "Point",
        "coordinates": [
          7.544429,
          46.1181907
        ]
      }
    },
    {
      "type": "Feature",
      "properties": {
        "id": 1373127874,
        "name": "Trifthorn",
        "type": "peak",
        "elevation": 3396,
        "sort_elevation": 3396,
        "website": "",
        "description": "",
        "osm_id": 1373127874
      },
      "geometry": {
        "type": "Point",
        "coordinates": [
          7.984284,
          46.1186472
        ]
      }
    },
    {
      "type": "Feature",
      "properties": {
        "id": 1373128447,
        "name": "P3597",
        "type": "peak",
        "elevation": 3597,
        "sort_elevation": 3597,
        "website": "",
        "description": "",
        "osm_id": 1373128447
      },
      "geometry": {
        "type": "Point",
        "coordinates": [
          8.0179172,
          46.1215251
        ]
      }
    },
    {
      "type": "Feature",
      "properties": {
        "id": 1373128474,
        "name": "P3526",
        "type": "peak",
        "elevation": 3526,
        "sort_elevation": 3526,
        "website": "",
        "description": "",
        "osm_id": 1373128474
      },
      "geometry": {
        "type": "Point",
        "coordinates": [
          8.0219216,
          46.1218187
        ]
      }
    },
    {
      "type": "Feature",
      "properties": {
        "id": 1373128765,
        "name": "Tällihorn",
        "type": "peak",
        "elevation": 3448,
        "sort_elevation": 3448,
        "website": "",
        "description": "",
        "osm_id": 1373128765
      },
      "geometry": {
        "type": "Point",
        "coordinates": [
          8.037664,
          46.1236257
        ]
      }
    },
    {
      "type": "Feature",
      "properties": {
        "id": 1373128939,
        "name": "Rottalhorn",
        "type": "peak",
        "elevation": 3815,
        "sort_elevation": 3815,
        "website": "",
        "description": "",
        "osm_id": 1373128939
      },
      "geometry": {
        "type": "Point",
        "coordinates": [
          8.0027023,
          46.124907
        ]
      }
    },
    {
      "type": "Feature",
      "properties": {
        "id": 1373129423,
        "name": "Ricca",
        "type": "peak",
        "elevation": 2534,
        "sort_elevation": 2534,
        "website": "",
        "description": "",
        "osm_id": 1373129423
      },
      "geometry": {
        "type": "Point",
        "coordinates": [
          8.1145449,
          46.1295614
        ]
      }
    },
    {
      "type": "Feature",
      "properties": {
        "id": 1373129649,
        "name": "Pizzo Straciugo",
        "type": "peak",
        "elevation": 2713,
        "sort_elevation": 2713,
        "website": "",
        "description": "",
        "osm_id": 1373129649
      },
      "geometry": {
        "type": "Point",
        "coordinates": [
          8.1206985,
          46.1321974
        ]
      }
    },
    {
      "type": "Feature",
      "properties": {
        "id": 1373129878,
        "name": "Balfrin",
        "type": "peak",
        "elevation": 3795,
        "sort_elevation": 3795,
        "website": "",
        "description": "",
        "osm_id": 1373129878
      },
      "geometry": {
        "type": "Point",
        "coordinates": [
          7.8802602,
          46.1351457
        ]
      }
    },
    {
      "type": "Feature",
      "properties": {
        "id": 1373129941,
        "name": "Cima d'Azoglio",
        "type": "peak",
        "elevation": 2611,
        "sort_elevation": 2611,
        "website": "",
        "description": "",
        "osm_id": 1373129941
      },
      "geometry": {
        "type": "Point",
        "coordinates": [
          8.1381493,
          46.1358225
        ]
      }
    },
    {
      "type": "Feature",
      "properties": {
        "id": 1373130189,
        "name": "Balfrin Nordwestgipfel",
        "type": "peak",
        "elevation": 3783,
        "sort_elevation": 3783,
        "website": "",
        "description": "",
        "osm_id": 1373130189
      },
      "geometry": {
        "type": "Point",
        "coordinates": [
          7.8750843,
          46.1387561
        ]
      }
    },
    {
      "type": "Feature",
      "properties": {
        "id": 1373130212,
        "name": "Sasseneire",
        "type": "peak",
        "elevation": 3253,
        "sort_elevation": 3253,
        "website": "",
        "description": "",
        "osm_id": 1373130212
      },
      "geometry": {
        "type": "Point",
        "coordinates": [
          7.5249855,
          46.1388165
        ]
      }
    },
    {
      "type": "Feature",
      "properties": {
        "id": 1373130641,
        "name": "Les Diablons",
        "type": "peak",
        "elevation": 3609,
        "sort_elevation": 3609,
        "website": "",
        "description": "",
        "osm_id": 1373130641
      },
      "geometry": {
        "type": "Point",
        "coordinates": [
          7.6709383,
          46.1424717
        ]
      }
    },
    {
      "type": "Feature",
      "properties": {
        "id": 1373131040,
        "name": "Sommet Nord (Les Diablons)",
        "type": "peak",
        "elevation": 3592,
        "sort_elevation": 3592,
        "website": "",
        "description": "",
        "osm_id": 1373131040
      },
      "geometry": {
        "type": "Point",
        "coordinates": [
          7.6668076,
          46.1463354
        ]
      }
    },
    {
      "type": "Feature",
      "properties": {
        "id": 1373131592,
        "name": "P. 3443",
        "type": "peak",
        "elevation": "N/D",
        "sort_elevation": 0,
        "website": "",
        "description": "",
        "osm_id": 1373131592
      },
      "geometry": {
        "type": "Point",
        "coordinates": [
          7.6646026,
          46.1503829
        ]
      }
    },
    {
      "type": "Feature",
      "properties": {
        "id": 1373132225,
        "name": "Cima Mattaroni",
        "type": "peak",
        "elevation": 2236,
        "sort_elevation": 2236,
        "website": "",
        "description": "",
        "osm_id": 1373132225
      },
      "geometry": {
        "type": "Point",
        "coordinates": [
          8.1520512,
          46.1549855
        ]
      }
    },
    {
      "type": "Feature",
      "properties": {
        "id": 1373132326,
        "name": "Färichhorn",
        "type": "peak",
        "elevation": 3292,
        "sort_elevation": 3292,
        "website": "",
        "description": "",
        "osm_id": 1373132326
      },
      "geometry": {
        "type": "Point",
        "coordinates": [
          7.8587521,
          46.155546
        ]
      }
    },
    {
      "type": "Feature",
      "properties": {
        "id": 1373132857,
        "name": "Jegiturm",
        "type": "peak",
        "elevation": 3361,
        "sort_elevation": 3361,
        "website": "",
        "description": "",
        "osm_id": 1373132857
      },
      "geometry": {
        "type": "Point",
        "coordinates": [
          7.9805346,
          46.1589088
        ]
      }
    },
    {
      "type": "Feature",
      "properties": {
        "id": 1373133270,
        "name": "Cima del Tirone",
        "type": "peak",
        "elevation": 2202,
        "sort_elevation": 2202,
        "website": "",
        "description": "",
        "osm_id": 1373133270
      },
      "geometry": {
        "type": "Point",
        "coordinates": [
          8.1497535,
          46.1625828
        ]
      }
    },
    {
      "type": "Feature",
      "properties": {
        "id": 1373133776,
        "name": "Platthorn",
        "type": "peak",
        "elevation": 3246,
        "sort_elevation": 3246,
        "website": "",
        "description": "",
        "osm_id": 1373133776
      },
      "geometry": {
        "type": "Point",
        "coordinates": [
          7.8612342,
          46.1663723
        ]
      }
    },
    {
      "type": "Feature",
      "properties": {
        "id": 1373133845,
        "name": "Fletschhorn",
        "type": "peak",
        "elevation": 3985,
        "sort_elevation": 3985,
        "website": "",
        "description": "",
        "osm_id": 1373133845
      },
      "geometry": {
        "type": "Point",
        "coordinates": [
          8.0024951,
          46.1671063
        ]
      }
    },
    {
      "type": "Feature",
      "properties": {
        "id": 1373134290,
        "name": "Gabelhorn",
        "type": "peak",
        "elevation": 3136,
        "sort_elevation": 3136,
        "website": "",
        "description": "",
        "osm_id": 1373134290
      },
      "geometry": {
        "type": "Point",
        "coordinates": [
          7.8585007,
          46.1712041
        ]
      }
    },
    {
      "type": "Feature",
      "properties": {
        "id": 1373134859,
        "name": "Camoscellahorn",
        "type": "peak",
        "elevation": 2612,
        "sort_elevation": 2612,
        "website": "",
        "description": "",
        "osm_id": 1373134859
      },
      "geometry": {
        "type": "Point",
        "coordinates": [
          8.1597812,
          46.1748649
        ]
      }
    },
    {
      "type": "Feature",
      "properties": {
        "id": 1373135166,
        "name": "Seetalhorn",
        "type": "peak",
        "elevation": 3037,
        "sort_elevation": 3037,
        "website": "",
        "description": "",
        "osm_id": 1373135166
      },
      "geometry": {
        "type": "Point",
        "coordinates": [
          7.8628535,
          46.1763873
        ]
      }
    },
    {
      "type": "Feature",
      "properties": {
        "id": 1373135194,
        "name": "Äusser Rothorn",
        "type": "peak",
        "elevation": 3151,
        "sort_elevation": 3151,
        "website": "",
        "description": "",
        "osm_id": 1373135194
      },
      "geometry": {
        "type": "Point",
        "coordinates": [
          7.9624365,
          46.176564
        ]
      }
    },
    {
      "type": "Feature",
      "properties": {
        "id": 1373135736,
        "name": "Senggchuppa",
        "type": "peak",
        "elevation": 3606,
        "sort_elevation": 3606,
        "website": "",
        "description": "",
        "osm_id": 1373135736
      },
      "geometry": {
        "type": "Point",
        "coordinates": [
          7.9953702,
          46.1790728
        ]
      }
    },
    {
      "type": "Feature",
      "properties": {
        "id": 1373136385,
        "name": "Pizzo L'Omasca",
        "type": "peak",
        "elevation": 2238,
        "sort_elevation": 2238,
        "website": "",
        "description": "",
        "osm_id": 1373136385
      },
      "geometry": {
        "type": "Point",
        "coordinates": [
          8.1650665,
          46.1828638
        ]
      }
    },
    {
      "type": "Feature",
      "properties": {
        "id": 1373136932,
        "name": "Distelhorn",
        "type": "peak",
        "elevation": 2830,
        "sort_elevation": 2830,
        "website": "",
        "description": "",
        "osm_id": 1373136932
      },
      "geometry": {
        "type": "Point",
        "coordinates": [
          7.8707242,
          46.186001
        ]
      }
    },
    {
      "type": "Feature",
      "properties": {
        "id": 1373137941,
        "name": "Wannehorn",
        "type": "peak",
        "elevation": 2669,
        "sort_elevation": 2669,
        "website": "",
        "description": "",
        "osm_id": 1373137941
      },
      "geometry": {
        "type": "Point",
        "coordinates": [
          7.8734692,
          46.1923773
        ]
      }
    },
    {
      "type": "Feature",
      "properties": {
        "id": 1373138802,
        "name": "Mattwaldhorn",
        "type": "peak",
        "elevation": 3246,
        "sort_elevation": 3246,
        "website": "",
        "description": "",
        "osm_id": 1373138802
      },
      "geometry": {
        "type": "Point",
        "coordinates": [
          7.9555507,
          46.1988067
        ]
      }
    },
    {
      "type": "Feature",
      "properties": {
        "id": 1373138805,
        "name": "Böshorn",
        "type": "peak",
        "elevation": 3269,
        "sort_elevation": 3269,
        "website": "",
        "description": "",
        "osm_id": 1373138805
      },
      "geometry": {
        "type": "Point",
        "coordinates": [
          7.9929072,
          46.1989341
        ]
      }
    },
    {
      "type": "Feature",
      "properties": {
        "id": 1373138844,
        "name": "Simelihorn",
        "type": "peak",
        "elevation": 3124,
        "sort_elevation": 3124,
        "website": "",
        "description": "",
        "osm_id": 1373138844
      },
      "geometry": {
        "type": "Point",
        "coordinates": [
          7.9422384,
          46.1992713
        ]
      }
    },
    {
      "type": "Feature",
      "properties": {
        "id": 1376500350,
        "name": "Sassarut",
        "type": "peak",
        "elevation": 1474,
        "sort_elevation": 1474,
        "website": "",
        "description": "",
        "osm_id": 1376500350
      },
      "geometry": {
        "type": "Point",
        "coordinates": [
          8.4329061,
          45.9966841
        ]
      }
    },
    {
      "type": "Feature",
      "properties": {
        "id": 1376500539,
        "name": "Cima Corte Lorenzo",
        "type": "peak",
        "elevation": 1574,
        "sort_elevation": 1574,
        "website": "",
        "description": "",
        "osm_id": 1376500539
      },
      "geometry": {
        "type": "Point",
        "coordinates": [
          8.4276606,
          45.9988985
        ]
      }
    },
    {
      "type": "Feature",
      "properties": {
        "id": 1378557019,
        "name": "La Piota",
        "type": "peak",
        "elevation": 1927,
        "sort_elevation": 1927,
        "website": "",
        "description": "",
        "osm_id": 1378557019
      },
      "geometry": {
        "type": "Point",
        "coordinates": [
          8.53038,
          46.06037
        ]
      }
    },
    {
      "type": "Feature",
      "properties": {
        "id": 1381961971,
        "name": "Pizzo della Rossola",
        "type": "peak",
        "elevation": 2087,
        "sort_elevation": 2087,
        "website": "",
        "description": "",
        "osm_id": 1381961971
      },
      "geometry": {
        "type": "Point",
        "coordinates": [
          8.3518473,
          46.038152
        ]
      }
    },
    {
      "type": "Feature",
      "properties": {
        "id": 1384830653,
        "name": "Brunegghorn",
        "type": "peak",
        "elevation": 3833,
        "sort_elevation": 3833,
        "website": "",
        "description": "",
        "osm_id": 1384830653
      },
      "geometry": {
        "type": "Point",
        "coordinates": [
          7.7458955,
          46.1257529
        ]
      }
    },
    {
      "type": "Feature",
      "properties": {
        "id": 1384830671,
        "name": "Schöllihorn",
        "type": "peak",
        "elevation": 3500,
        "sort_elevation": 3500,
        "website": "",
        "description": "",
        "osm_id": 1384830671
      },
      "geometry": {
        "type": "Point",
        "coordinates": [
          7.7377076,
          46.1382689
        ]
      }
    },
    {
      "type": "Feature",
      "properties": {
        "id": 1392904553,
        "name": "Dents de Vessona",
        "type": "peak",
        "elevation": 3056,
        "sort_elevation": 3056,
        "website": "",
        "description": "",
        "osm_id": 1392904553
      },
      "geometry": {
        "type": "Point",
        "coordinates": [
          7.4619025,
          45.8337143
        ]
      }
    },
    {
      "type": "Feature",
      "properties": {
        "id": 1392932159,
        "name": "Monte Spalavera",
        "type": "peak",
        "elevation": 1534,
        "sort_elevation": 1534,
        "website": "",
        "description": "",
        "osm_id": 1392932159
      },
      "geometry": {
        "type": "Point",
        "coordinates": [
          8.6183006,
          46.0320499
        ]
      }
    },
    {
      "type": "Feature",
      "properties": {
        "id": 1393460961,
        "name": "Becca de Fontaney",
        "type": "peak",
        "elevation": 2972,
        "sort_elevation": 2972,
        "website": "",
        "description": "",
        "osm_id": 1393460961
      },
      "geometry": {
        "type": "Point",
        "coordinates": [
          7.4781341,
          45.8344534
        ]
      }
    },
    {
      "type": "Feature",
      "properties": {
        "id": 1393460963,
        "name": "Becca del Merlo",
        "type": "peak",
        "elevation": 3237,
        "sort_elevation": 3237,
        "website": "",
        "description": "",
        "osm_id": 1393460963
      },
      "geometry": {
        "type": "Point",
        "coordinates": [
          7.4708263,
          45.8447441
        ]
      }
    },
    {
      "type": "Feature",
      "properties": {
        "id": 1393460969,
        "name": "Pointe Valpellina",
        "type": "peak",
        "elevation": 3144,
        "sort_elevation": 3144,
        "website": "",
        "description": "",
        "osm_id": 1393460969
      },
      "geometry": {
        "type": "Point",
        "coordinates": [
          7.4578902,
          45.8394778
        ]
      }
    },
    {
      "type": "Feature",
      "properties": {
        "id": 1393460977,
        "name": "Cime Nebbia",
        "type": "peak",
        "elevation": 3205,
        "sort_elevation": 3205,
        "website": "",
        "description": "",
        "osm_id": 1393460977
      },
      "geometry": {
        "type": "Point",
        "coordinates": [
          7.4671,
          45.8407367
        ]
      }
    },
    {
      "type": "Feature",
      "properties": {
        "id": 1393986982,
        "name": "Dome du Tsan - Sud",
        "type": "peak",
        "elevation": 3324,
        "sort_elevation": 3324,
        "website": "",
        "description": "",
        "osm_id": 1393986982
      },
      "geometry": {
        "type": "Point",
        "coordinates": [
          7.549158,
          45.8801091
        ]
      }
    },
    {
      "type": "Feature",
      "properties": {
        "id": 1393987001,
        "name": "Pointe de Balanselmo",
        "type": "peak",
        "elevation": 3316,
        "sort_elevation": 3316,
        "website": "",
        "description": "",
        "osm_id": 1393987001
      },
      "geometry": {
        "type": "Point",
        "coordinates": [
          7.5535772,
          45.8891375
        ]
      }
    },
    {
      "type": "Feature",
      "properties": {
        "id": 1393987235,
        "name": "Pointe des Montagnaya",
        "type": "peak",
        "elevation": 3049,
        "sort_elevation": 3049,
        "website": "",
        "description": "",
        "osm_id": 1393987235
      },
      "geometry": {
        "type": "Point",
        "coordinates": [
          7.4889045,
          45.8488744
        ]
      }
    },
    {
      "type": "Feature",
      "properties": {
        "id": 1393987247,
        "name": "Pointe du Tsan",
        "type": "peak",
        "elevation": 3322,
        "sort_elevation": 3322,
        "website": "",
        "description": "",
        "osm_id": 1393987247
      },
      "geometry": {
        "type": "Point",
        "coordinates": [
          7.5505575,
          45.8764055
        ]
      }
    },
    {
      "type": "Feature",
      "properties": {
        "id": 1393987248,
        "name": "Dome du Tsan - Nord",
        "type": "peak",
        "elevation": 3349,
        "sort_elevation": 3349,
        "website": "",
        "description": "",
        "osm_id": 1393987248
      },
      "geometry": {
        "type": "Point",
        "coordinates": [
          7.5514853,
          45.8825644
        ]
      }
    },
    {
      "type": "Feature",
      "properties": {
        "id": 1393987255,
        "name": "Becca des Crottes",
        "type": "peak",
        "elevation": 3000,
        "sort_elevation": 3000,
        "website": "",
        "description": "",
        "osm_id": 1393987255
      },
      "geometry": {
        "type": "Point",
        "coordinates": [
          7.5245368,
          45.8671407
        ]
      }
    },
    {
      "type": "Feature",
      "properties": {
        "id": 1393987265,
        "name": "Becca des Arbiere - Centrale",
        "type": "peak",
        "elevation": 3295,
        "sort_elevation": 3295,
        "website": "",
        "description": "",
        "osm_id": 1393987265
      },
      "geometry": {
        "type": "Point",
        "coordinates": [
          7.489076,
          45.8595633
        ]
      }
    },
    {
      "type": "Feature",
      "properties": {
        "id": 1393987269,
        "name": "Monte Redessau - Pointe Nord",
        "type": "peak",
        "elevation": 3253,
        "sort_elevation": 3253,
        "website": "",
        "description": "",
        "osm_id": 1393987269
      },
      "geometry": {
        "type": "Point",
        "coordinates": [
          7.5269132,
          45.8792855
        ]
      }
    },
    {
      "type": "Feature",
      "properties": {
        "id": 1393987490,
        "name": "Pointe de Tsignana",
        "type": "peak",
        "elevation": 3311,
        "sort_elevation": 3311,
        "website": "",
        "description": "",
        "osm_id": 1393987490
      },
      "geometry": {
        "type": "Point",
        "coordinates": [
          7.5535744,
          45.8858623
        ]
      }
    },
    {
      "type": "Feature",
      "properties": {
        "id": 1393987788,
        "name": "Dome du Tsan - Centrale",
        "type": "peak",
        "elevation": 3348,
        "sort_elevation": 3348,
        "website": "",
        "description": "",
        "osm_id": 1393987788
      },
      "geometry": {
        "type": "Point",
        "coordinates": [
          7.5513008,
          45.8812645
        ]
      }
    },
    {
      "type": "Feature",
      "properties": {
        "id": 1393987816,
        "name": "Pointe Gianett",
        "type": "peak",
        "elevation": 3270,
        "sort_elevation": 3270,
        "website": "",
        "description": "",
        "osm_id": 1393987816
      },
      "geometry": {
        "type": "Point",
        "coordinates": [
          7.5536012,
          45.8877059
        ]
      }
    },
    {
      "type": "Feature",
      "properties": {
        "id": 1393988099,
        "name": "Becca des Arbiere - Nord",
        "type": "peak",
        "elevation": 3319,
        "sort_elevation": 3319,
        "website": "",
        "description": "",
        "osm_id": 1393988099
      },
      "geometry": {
        "type": "Point",
        "coordinates": [
          7.4912357,
          45.8612769
        ]
      }
    },
    {
      "type": "Feature",
      "properties": {
        "id": 1393988273,
        "name": "Tours des Crottes",
        "type": "peak",
        "elevation": 2859,
        "sort_elevation": 2859,
        "website": "",
        "description": "",
        "osm_id": 1393988273
      },
      "geometry": {
        "type": "Point",
        "coordinates": [
          7.5261661,
          45.8636621
        ]
      }
    },
    {
      "type": "Feature",
      "properties": {
        "id": 1393988283,
        "name": "Becca des Arbiere - Sud",
        "type": "peak",
        "elevation": 3292,
        "sort_elevation": 3292,
        "website": "",
        "description": "",
        "osm_id": 1393988283
      },
      "geometry": {
        "type": "Point",
        "coordinates": [
          7.4895725,
          45.8582333
        ]
      }
    },
    {
      "type": "Feature",
      "properties": {
        "id": 1393988398,
        "name": "Pointe Innomee",
        "type": "peak",
        "elevation": 3302,
        "sort_elevation": 3302,
        "website": "",
        "description": "",
        "osm_id": 1393988398
      },
      "geometry": {
        "type": "Point",
        "coordinates": [
          7.553139,
          45.8849721
        ]
      }
    },
    {
      "type": "Feature",
      "properties": {
        "id": 1393988432,
        "name": "Pointes de Chavacour",
        "type": "peak",
        "elevation": 3191,
        "sort_elevation": 3191,
        "website": "",
        "description": "",
        "osm_id": 1393988432
      },
      "geometry": {
        "type": "Point",
        "coordinates": [
          7.5371209,
          45.8736649
        ]
      }
    },
    {
      "type": "Feature",
      "properties": {
        "id": 1393988456,
        "name": "Monte Redessau - Pointe Sud",
        "type": "peak",
        "elevation": 3237,
        "sort_elevation": 3237,
        "website": "",
        "description": "",
        "osm_id": 1393988456
      },
      "geometry": {
        "type": "Point",
        "coordinates": [
          7.5292769,
          45.8777543
        ]
      }
    },
    {
      "type": "Feature",
      "properties": {
        "id": 1393988486,
        "name": "Cima Bianca",
        "type": "peak",
        "elevation": 3008,
        "sort_elevation": 3008,
        "website": "",
        "description": "",
        "osm_id": 1393988486
      },
      "geometry": {
        "type": "Point",
        "coordinates": [
          7.5320947,
          45.8529972
        ]
      }
    },
    {
      "type": "Feature",
      "properties": {
        "id": 1394024789,
        "name": "Pointes de Valcorniere - Nord",
        "type": "peak",
        "elevation": 3238,
        "sort_elevation": 3238,
        "website": "",
        "description": "",
        "osm_id": 1394024789
      },
      "geometry": {
        "type": "Point",
        "coordinates": [
          7.5549017,
          45.8954631
        ]
      }
    },
    {
      "type": "Feature",
      "properties": {
        "id": 1394024799,
        "name": "Pic Innomee",
        "type": "peak",
        "elevation": 3281,
        "sort_elevation": 3281,
        "website": "",
        "description": "",
        "osm_id": 1394024799
      },
      "geometry": {
        "type": "Point",
        "coordinates": [
          7.5538199,
          45.891032
        ]
      }
    },
    {
      "type": "Feature",
      "properties": {
        "id": 1394024820,
        "name": "Pointes des Fontanelles - Centrale",
        "type": "peak",
        "elevation": 3358,
        "sort_elevation": 3358,
        "website": "",
        "description": "",
        "osm_id": 1394024820
      },
      "geometry": {
        "type": "Point",
        "coordinates": [
          7.5566582,
          45.9065649
        ]
      }
    },
    {
      "type": "Feature",
      "properties": {
        "id": 1394024844,
        "name": "Pointes de Valcorniere - Centrale",
        "type": "peak",
        "elevation": 3265,
        "sort_elevation": 3265,
        "website": "",
        "description": "",
        "osm_id": 1394024844
      },
      "geometry": {
        "type": "Point",
        "coordinates": [
          7.5544475,
          45.8933408
        ]
      }
    },
    {
      "type": "Feature",
      "properties": {
        "id": 1394024856,
        "name": "Pointes des Fontanelles - Sud",
        "type": "peak",
        "elevation": 3384,
        "sort_elevation": 3384,
        "website": "",
        "description": "",
        "osm_id": 1394024856
      },
      "geometry": {
        "type": "Point",
        "coordinates": [
          7.5556173,
          45.9059564
        ]
      }
    },
    {
      "type": "Feature",
      "properties": {
        "id": 1394024887,
        "name": "Pointes des Fontanelles - Nord",
        "type": "peak",
        "elevation": 3379,
        "sort_elevation": 3379,
        "website": "",
        "description": "",
        "osm_id": 1394024887
      },
      "geometry": {
        "type": "Point",
        "coordinates": [
          7.5571569,
          45.9081909
        ]
      }
    },
    {
      "type": "Feature",
      "properties": {
        "id": 1394024888,
        "name": "Mont Dragon",
        "type": "peak",
        "elevation": 3351,
        "sort_elevation": 3351,
        "website": "",
        "description": "",
        "osm_id": 1394024888
      },
      "geometry": {
        "type": "Point",
        "coordinates": [
          7.5618418,
          45.911935
        ]
      }
    },
    {
      "type": "Feature",
      "properties": {
        "id": 1394024958,
        "name": "Petit Mont Dragon",
        "type": "peak",
        "elevation": 2856,
        "sort_elevation": 2856,
        "website": "",
        "description": "",
        "osm_id": 1394024958
      },
      "geometry": {
        "type": "Point",
        "coordinates": [
          7.5549119,
          45.9181956
        ]
      }
    },
    {
      "type": "Feature",
      "properties": {
        "id": 1394024961,
        "name": "Pointes de Valcorniere - Sud",
        "type": "peak",
        "elevation": 3264,
        "sort_elevation": 3264,
        "website": "",
        "description": "",
        "osm_id": 1394024961
      },
      "geometry": {
        "type": "Point",
        "coordinates": [
          7.5544385,
          45.8925428
        ]
      }
    },
    {
      "type": "Feature",
      "properties": {
        "id": 1403985342,
        "name": "Bric di Burcina",
        "type": "peak",
        "elevation": 828,
        "sort_elevation": 828,
        "website": "",
        "description": "",
        "osm_id": 1403985342
      },
      "geometry": {
        "type": "Point",
        "coordinates": [
          8.0146421,
          45.5889418
        ]
      }
    },
    {
      "type": "Feature",
      "properties": {
        "id": 1414937192,
        "name": "Unknown (hut)",
        "type": "hut",
        "elevation": "N/D",
        "sort_elevation": 0,
        "website": "",
        "description": "",
        "osm_id": 1414937192
      },
      "geometry": {
        "type": "Point",
        "coordinates": [
          8.6840634,
          46.0565425
        ]
      }
    },
    {
      "type": "Feature",
      "properties": {
        "id": 1430299443,
        "name": "Mont Rous",
        "type": "peak",
        "elevation": 3240,
        "sort_elevation": 3240,
        "website": "",
        "description": "",
        "osm_id": 1430299443
      },
      "geometry": {
        "type": "Point",
        "coordinates": [
          7.5852993,
          45.9069907
        ]
      }
    },
    {
      "type": "Feature",
      "properties": {
        "id": 1436639948,
        "name": "Dent Blanche",
        "type": "peak",
        "elevation": 4358,
        "sort_elevation": 4358,
        "website": "",
        "description": "",
        "osm_id": 1436639948
      },
      "geometry": {
        "type": "Point",
        "coordinates": [
          7.6119305,
          46.0341763
        ]
      }
    },
    {
      "type": "Feature",
      "properties": {
        "id": 1437227056,
        "name": "Rifugio Carestia",
        "type": "hut",
        "elevation": 2201,
        "sort_elevation": 2201,
        "website": "http://www.rifugimonterosa.it/",
        "description": "",
        "osm_id": 1437227056
      },
      "geometry": {
        "type": "Point",
        "coordinates": [
          7.895912,
          45.8033143
        ]
      }
    },
    {
      "type": "Feature",
      "properties": {
        "id": 1451518829,
        "name": "Monte Mars",
        "type": "peak",
        "elevation": 2600,
        "sort_elevation": 2600,
        "website": "",
        "description": "",
        "osm_id": 1451518829
      },
      "geometry": {
        "type": "Point",
        "coordinates": [
          7.9152846,
          45.6332161
        ]
      }
    },
    {
      "type": "Feature",
      "properties": {
        "id": 1458569403,
        "name": "Rifugio Monte Vecchio",
        "type": "bivouac",
        "elevation": 1100,
        "sort_elevation": 1100,
        "website": "",
        "description": "",
        "osm_id": 1458569403
      },
      "geometry": {
        "type": "Point",
        "coordinates": [
          8.5826349,
          46.1014192
        ]
      }
    },
    {
      "type": "Feature",
      "properties": {
        "id": 1458720984,
        "name": "Kinhütte",
        "type": "hut",
        "elevation": 2584,
        "sort_elevation": 2584,
        "website": "",
        "description": "",
        "osm_id": 1458720984
      },
      "geometry": {
        "type": "Point",
        "coordinates": [
          7.8070923,
          46.0885274
        ]
      }
    },
    {
      "type": "Feature",
      "properties": {
        "id": 1460012796,
        "name": "Pizzo Pernice",
        "type": "peak",
        "elevation": 1506,
        "sort_elevation": 1506,
        "website": "",
        "description": "",
        "osm_id": 1460012796
      },
      "geometry": {
        "type": "Point",
        "coordinates": [
          8.5192768,
          46.0006551
        ]
      }
    },
    {
      "type": "Feature",
      "properties": {
        "id": 1483238376,
        "name": "La Torretta",
        "type": "peak",
        "elevation": 2539,
        "sort_elevation": 2539,
        "website": "",
        "description": "",
        "osm_id": 1483238376
      },
      "geometry": {
        "type": "Point",
        "coordinates": [
          7.5893,
          45.6409403
        ]
      }
    },
    {
      "type": "Feature",
      "properties": {
        "id": 1492329572,
        "name": "Testa delle Goilles",
        "type": "peak",
        "elevation": 2367,
        "sort_elevation": 2367,
        "website": "",
        "description": "",
        "osm_id": 1492329572
      },
      "geometry": {
        "type": "Point",
        "coordinates": [
          7.4312539,
          45.5876696
        ]
      }
    },
    {
      "type": "Feature",
      "properties": {
        "id": 1502683557,
        "name": "Rifugio Barma",
        "type": "hut",
        "elevation": 2060,
        "sort_elevation": 2060,
        "website": "https://www.rifugiobarma.it/",
        "description": "",
        "osm_id": 1502683557
      },
      "geometry": {
        "type": "Point",
        "coordinates": [
          7.929725,
          45.6442657
        ]
      }
    },
    {
      "type": "Feature",
      "properties": {
        "id": 1506069874,
        "name": "Punta Grober",
        "type": "peak",
        "elevation": 3497,
        "sort_elevation": 3497,
        "website": "",
        "description": "",
        "osm_id": 1506069874
      },
      "geometry": {
        "type": "Point",
        "coordinates": [
          7.9235314,
          45.9212095
        ]
      }
    },
    {
      "type": "Feature",
      "properties": {
        "id": 1506070815,
        "name": "Pizzo del Moro",
        "type": "peak",
        "elevation": 2334,
        "sort_elevation": 2334,
        "website": "",
        "description": "",
        "osm_id": 1506070815
      },
      "geometry": {
        "type": "Point",
        "coordinates": [
          8.1246397,
          45.9303877
        ]
      }
    },
    {
      "type": "Feature",
      "properties": {
        "id": 1506078891,
        "name": "Battel",
        "type": "peak",
        "elevation": 2928,
        "sort_elevation": 2928,
        "website": "",
        "description": "",
        "osm_id": 1506078891
      },
      "geometry": {
        "type": "Point",
        "coordinates": [
          7.9991762,
          45.9853988
        ]
      }
    },
    {
      "type": "Feature",
      "properties": {
        "id": 1506081911,
        "name": "Cresta delle Lonze",
        "type": "peak",
        "elevation": 2829,
        "sort_elevation": 2829,
        "website": "",
        "description": "",
        "osm_id": 1506081911
      },
      "geometry": {
        "type": "Point",
        "coordinates": [
          8.0404191,
          46.0032588
        ]
      }
    },
    {
      "type": "Feature",
      "properties": {
        "id": 1506085364,
        "name": "Cima Cugnacorta",
        "type": "peak",
        "elevation": 1894,
        "sort_elevation": 1894,
        "website": "",
        "description": "",
        "osm_id": 1506085364
      },
      "geometry": {
        "type": "Point",
        "coordinates": [
          8.5325196,
          46.0263478
        ]
      }
    },
    {
      "type": "Feature",
      "properties": {
        "id": 1506088156,
        "name": "Pizzo Lazzaretto",
        "type": "peak",
        "elevation": 1465,
        "sort_elevation": 1465,
        "website": "",
        "description": "",
        "osm_id": 1506088156
      },
      "geometry": {
        "type": "Point",
        "coordinates": [
          8.4295166,
          46.0490962
        ]
      }
    },
    {
      "type": "Feature",
      "properties": {
        "id": 1506091858,
        "name": "Moncucco",
        "type": "peak",
        "elevation": 1896,
        "sort_elevation": 1896,
        "website": "",
        "description": "",
        "osm_id": 1506091858
      },
      "geometry": {
        "type": "Point",
        "coordinates": [
          8.2290032,
          46.0900614
        ]
      }
    },
    {
      "type": "Feature",
      "properties": {
        "id": 1506093110,
        "name": "Pizzo Montalto",
        "type": "peak",
        "elevation": 2705,
        "sort_elevation": 2705,
        "website": "",
        "description": "",
        "osm_id": 1506093110
      },
      "geometry": {
        "type": "Point",
        "coordinates": [
          8.132964,
          46.0977141
        ]
      }
    },
    {
      "type": "Feature",
      "properties": {
        "id": 1506093727,
        "name": "Monte della Preja",
        "type": "peak",
        "elevation": 2514,
        "sort_elevation": 2514,
        "website": "",
        "description": "",
        "osm_id": 1506093727
      },
      "geometry": {
        "type": "Point",
        "coordinates": [
          8.1162474,
          46.1037602
        ]
      }
    },
    {
      "type": "Feature",
      "properties": {
        "id": 1506098264,
        "name": "Cima Lariè",
        "type": "peak",
        "elevation": 2144,
        "sort_elevation": 2144,
        "website": "",
        "description": "",
        "osm_id": 1506098264
      },
      "geometry": {
        "type": "Point",
        "coordinates": [
          8.2367525,
          46.1496297
        ]
      }
    },
    {
      "type": "Feature",
      "properties": {
        "id": 1506098580,
        "name": "Loccia dei Balmetti",
        "type": "peak",
        "elevation": 2133,
        "sort_elevation": 2133,
        "website": "",
        "description": "",
        "osm_id": 1506098580
      },
      "geometry": {
        "type": "Point",
        "coordinates": [
          8.2295499,
          46.1561472
        ]
      }
    },
    {
      "type": "Feature",
      "properties": {
        "id": 1506098723,
        "name": "Monte Rondo",
        "type": "peak",
        "elevation": 2179,
        "sort_elevation": 2179,
        "website": "",
        "description": "",
        "osm_id": 1506098723
      },
      "geometry": {
        "type": "Point",
        "coordinates": [
          8.2294433,
          46.1591566
        ]
      }
    },
    {
      "type": "Feature",
      "properties": {
        "id": 1506099641,
        "name": "Pizzo Albiona",
        "type": "peak",
        "elevation": 2431,
        "sort_elevation": 2431,
        "website": "",
        "description": "",
        "osm_id": 1506099641
      },
      "geometry": {
        "type": "Point",
        "coordinates": [
          8.2465735,
          46.1746828
        ]
      }
    },
    {
      "type": "Feature",
      "properties": {
        "id": 1506100110,
        "name": "Il Dosso",
        "type": "peak",
        "elevation": 2562,
        "sort_elevation": 2562,
        "website": "",
        "description": "",
        "osm_id": 1506100110
      },
      "geometry": {
        "type": "Point",
        "coordinates": [
          8.1851877,
          46.1812657
        ]
      }
    },
    {
      "type": "Feature",
      "properties": {
        "id": 1506100187,
        "name": "Pizzo del Mezzodi",
        "type": "peak",
        "elevation": 2383,
        "sort_elevation": 2383,
        "website": "",
        "description": "",
        "osm_id": 1506100187
      },
      "geometry": {
        "type": "Point",
        "coordinates": [
          8.2344151,
          46.1822354
        ]
      }
    },
    {
      "type": "Feature",
      "properties": {
        "id": 1506100307,
        "name": "Pizzo del Rovale",
        "type": "peak",
        "elevation": 2456,
        "sort_elevation": 2456,
        "website": "",
        "description": "",
        "osm_id": 1506100307
      },
      "geometry": {
        "type": "Point",
        "coordinates": [
          8.2147631,
          46.1849815
        ]
      }
    },
    {
      "type": "Feature",
      "properties": {
        "id": 1511860118,
        "name": "Montà",
        "type": "peak",
        "elevation": 1842,
        "sort_elevation": 1842,
        "website": "",
        "description": "",
        "osm_id": 1511860118
      },
      "geometry": {
        "type": "Point",
        "coordinates": [
          8.1520244,
          45.7623233
        ]
      }
    },
    {
      "type": "Feature",
      "properties": {
        "id": 1511860133,
        "name": "Cima della Carega",
        "type": "peak",
        "elevation": 1689,
        "sort_elevation": 1689,
        "website": "",
        "description": "",
        "osm_id": 1511860133
      },
      "geometry": {
        "type": "Point",
        "coordinates": [
          8.1624734,
          45.7633714
        ]
      }
    },
    {
      "type": "Feature",
      "properties": {
        "id": 1511860501,
        "name": "Punta del Cugnolaccio",
        "type": "peak",
        "elevation": 1840,
        "sort_elevation": 1840,
        "website": "",
        "description": "",
        "osm_id": 1511860501
      },
      "geometry": {
        "type": "Point",
        "coordinates": [
          8.1571187,
          45.7651081
        ]
      }
    },
    {
      "type": "Feature",
      "properties": {
        "id": 1511861152,
        "name": "Becco di Cossarello",
        "type": "peak",
        "elevation": 2631,
        "sort_elevation": 2631,
        "website": "",
        "description": "",
        "osm_id": 1511861152
      },
      "geometry": {
        "type": "Point",
        "coordinates": [
          7.9484295,
          45.7686048
        ]
      }
    },
    {
      "type": "Feature",
      "properties": {
        "id": 1511871093,
        "name": "Colma Soglia",
        "type": "peak",
        "elevation": 1995,
        "sort_elevation": 1995,
        "website": "",
        "description": "",
        "osm_id": 1511871093
      },
      "geometry": {
        "type": "Point",
        "coordinates": [
          8.0529416,
          45.8217828
        ]
      }
    },
    {
      "type": "Feature",
      "properties": {
        "id": 1512654235,
        "name": "Mont Du Prial",
        "type": "peak",
        "elevation": 2411,
        "sort_elevation": 2411,
        "website": "",
        "description": "",
        "osm_id": 1512654235
      },
      "geometry": {
        "type": "Point",
        "coordinates": [
          7.8119284,
          45.6604019
        ]
      }
    },
    {
      "type": "Feature",
      "properties": {
        "id": 1514308293,
        "name": "Punta de la Lière",
        "type": "peak",
        "elevation": 2525,
        "sort_elevation": 2525,
        "website": "",
        "description": "",
        "osm_id": 1514308293
      },
      "geometry": {
        "type": "Point",
        "coordinates": [
          7.4037623,
          45.8171477
        ]
      }
    },
    {
      "type": "Feature",
      "properties": {
        "id": 1554586892,
        "name": "Mont Roux",
        "type": "peak",
        "elevation": 2318,
        "sort_elevation": 2318,
        "website": "",
        "description": "",
        "osm_id": 1554586892
      },
      "geometry": {
        "type": "Point",
        "coordinates": [
          7.8906836,
          45.6037925
        ]
      }
    },
    {
      "type": "Feature",
      "properties": {
        "id": 1554800849,
        "name": "Punta dei Tre Vescovi",
        "type": "peak",
        "elevation": 2347,
        "sort_elevation": 2347,
        "website": "",
        "description": "",
        "osm_id": 1554800849
      },
      "geometry": {
        "type": "Point",
        "coordinates": [
          7.89581,
          45.589493
        ]
      }
    },
    {
      "type": "Feature",
      "properties": {
        "id": 1555788227,
        "name": "Mont Grand Pays",
        "type": "peak",
        "elevation": 2723,
        "sort_elevation": 2723,
        "website": "",
        "description": "",
        "osm_id": 1555788227
      },
      "geometry": {
        "type": "Point",
        "coordinates": [
          7.439666,
          45.8030306
        ]
      }
    },
    {
      "type": "Feature",
      "properties": {
        "id": 1558280354,
        "name": "Monte Ferrera",
        "type": "peak",
        "elevation": 381,
        "sort_elevation": 381,
        "website": "",
        "description": "",
        "osm_id": 1558280354
      },
      "geometry": {
        "type": "Point",
        "coordinates": [
          8.7044673,
          45.7355048
        ]
      }
    },
    {
      "type": "Feature",
      "properties": {
        "id": 1558300607,
        "name": "Monte Ameno",
        "type": "peak",
        "elevation": 315,
        "sort_elevation": 315,
        "website": "",
        "description": "",
        "osm_id": 1558300607
      },
      "geometry": {
        "type": "Point",
        "coordinates": [
          8.7076015,
          45.6945495
        ]
      }
    },
    {
      "type": "Feature",
      "properties": {
        "id": 1574339448,
        "name": "Cima della Comba",
        "type": "peak",
        "elevation": "N/D",
        "sort_elevation": 0,
        "website": "",
        "description": "",
        "osm_id": 1574339448
      },
      "geometry": {
        "type": "Point",
        "coordinates": [
          7.7722811,
          45.5431201
        ]
      }
    },
    {
      "type": "Feature",
      "properties": {
        "id": 1575849288,
        "name": "Cresta della Ceresa",
        "type": "peak",
        "elevation": 1227,
        "sort_elevation": 1227,
        "website": "",
        "description": "",
        "osm_id": 1575849288
      },
      "geometry": {
        "type": "Point",
        "coordinates": [
          8.6227217,
          46.0008981
        ]
      }
    },
    {
      "type": "Feature",
      "properties": {
        "id": 1583411333,
        "name": "Monte Tovo",
        "type": "peak",
        "elevation": 1279,
        "sort_elevation": 1279,
        "website": "",
        "description": "",
        "osm_id": 1583411333
      },
      "geometry": {
        "type": "Point",
        "coordinates": [
          8.1595114,
          45.7112495
        ]
      }
    },
    {
      "type": "Feature",
      "properties": {
        "id": 1601332018,
        "name": "Monte Tre Croci",
        "type": "peak",
        "elevation": 674,
        "sort_elevation": 674,
        "website": "",
        "description": "",
        "osm_id": 1601332018
      },
      "geometry": {
        "type": "Point",
        "coordinates": [
          8.3807439,
          45.7392386
        ]
      }
    },
    {
      "type": "Feature",
      "properties": {
        "id": 1603857953,
        "name": "Rifugio Dondena",
        "type": "hut",
        "elevation": 2186,
        "sort_elevation": 2186,
        "website": "",
        "description": "",
        "osm_id": 1603857953
      },
      "geometry": {
        "type": "Point",
        "coordinates": [
          7.5515031,
          45.6120757
        ]
      }
    },
    {
      "type": "Feature",
      "properties": {
        "id": 1634608762,
        "name": "Croce del Teso",
        "type": "peak",
        "elevation": 712,
        "sort_elevation": 712,
        "website": "",
        "description": "",
        "osm_id": 1634608762
      },
      "geometry": {
        "type": "Point",
        "coordinates": [
          8.3744562,
          45.698527
        ]
      }
    },
    {
      "type": "Feature",
      "properties": {
        "id": 1634608763,
        "name": "Motto della Capretta",
        "type": "peak",
        "elevation": 680,
        "sort_elevation": 680,
        "website": "",
        "description": "",
        "osm_id": 1634608763
      },
      "geometry": {
        "type": "Point",
        "coordinates": [
          8.3742584,
          45.6940379
        ]
      }
    },
    {
      "type": "Feature",
      "properties": {
        "id": 1634608764,
        "name": "Punta Bucciolini",
        "type": "peak",
        "elevation": 787,
        "sort_elevation": 787,
        "website": "",
        "description": "",
        "osm_id": 1634608764
      },
      "geometry": {
        "type": "Point",
        "coordinates": [
          8.3714511,
          45.7030366
        ]
      }
    },
    {
      "type": "Feature",
      "properties": {
        "id": 1641758260,
        "name": "Monte Calvario",
        "type": "peak",
        "elevation": 849,
        "sort_elevation": 849,
        "website": "",
        "description": "",
        "osm_id": 1641758260
      },
      "geometry": {
        "type": "Point",
        "coordinates": [
          8.3569417,
          45.7086446
        ]
      }
    },
    {
      "type": "Feature",
      "properties": {
        "id": 1641935593,
        "name": "Monte Fenera",
        "type": "peak",
        "elevation": 899,
        "sort_elevation": 899,
        "website": "",
        "description": "",
        "osm_id": 1641935593
      },
      "geometry": {
        "type": "Point",
        "coordinates": [
          8.3161002,
          45.7100954
        ]
      }
    },
    {
      "type": "Feature",
      "properties": {
        "id": 1644151991,
        "name": "Le Castelle",
        "type": "peak",
        "elevation": 360,
        "sort_elevation": 360,
        "website": "",
        "description": "",
        "osm_id": 1644151991
      },
      "geometry": {
        "type": "Point",
        "coordinates": [
          8.3606794,
          45.62228
        ]
      }
    },
    {
      "type": "Feature",
      "properties": {
        "id": 1663938836,
        "name": "Mont Corquet",
        "type": "peak",
        "elevation": 2530,
        "sort_elevation": 2530,
        "website": "",
        "description": "",
        "osm_id": 1663938836
      },
      "geometry": {
        "type": "Point",
        "coordinates": [
          7.4714263,
          45.6864758
        ]
      }
    },
    {
      "type": "Feature",
      "properties": {
        "id": 1665843369,
        "name": "Sasso Bianco",
        "type": "peak",
        "elevation": 708,
        "sort_elevation": 708,
        "website": "",
        "description": "",
        "osm_id": 1665843369
      },
      "geometry": {
        "type": "Point",
        "coordinates": [
          8.3525518,
          45.6996319
        ]
      }
    },
    {
      "type": "Feature",
      "properties": {
        "id": 1670017756,
        "name": "Mombrignon",
        "type": "peak",
        "elevation": 2360,
        "sort_elevation": 2360,
        "website": "",
        "description": "",
        "osm_id": 1670017756
      },
      "geometry": {
        "type": "Point",
        "coordinates": [
          7.6940711,
          45.5670709
        ]
      }
    },
    {
      "type": "Feature",
      "properties": {
        "id": 1670018749,
        "name": "Mont de Pousseuil",
        "type": "peak",
        "elevation": 2214,
        "sort_elevation": 2214,
        "website": "",
        "description": "",
        "osm_id": 1670018749
      },
      "geometry": {
        "type": "Point",
        "coordinates": [
          7.6988075,
          45.5715655
        ]
      }
    },
    {
      "type": "Feature",
      "properties": {
        "id": 1673754147,
        "name": "Pointe Lazouney",
        "type": "peak",
        "elevation": 2579,
        "sort_elevation": 2579,
        "website": "",
        "description": "",
        "osm_id": 1673754147
      },
      "geometry": {
        "type": "Point",
        "coordinates": [
          7.9270746,
          45.7347151
        ]
      }
    },
    {
      "type": "Feature",
      "properties": {
        "id": 1685965847,
        "name": "Monte Facciabella",
        "type": "peak",
        "elevation": 2621,
        "sort_elevation": 2621,
        "website": "",
        "description": "",
        "osm_id": 1685965847
      },
      "geometry": {
        "type": "Point",
        "coordinates": [
          7.6997758,
          45.8434785
        ]
      }
    },
    {
      "type": "Feature",
      "properties": {
        "id": 1686074823,
        "name": "Gran Cima",
        "type": "peak",
        "elevation": 3025,
        "sort_elevation": 3025,
        "website": "",
        "description": "",
        "osm_id": 1686074823
      },
      "geometry": {
        "type": "Point",
        "coordinates": [
          7.7783081,
          45.8110612
        ]
      }
    },
    {
      "type": "Feature",
      "properties": {
        "id": 1686074824,
        "name": "Monte Perrin",
        "type": "peak",
        "elevation": 2974,
        "sort_elevation": 2974,
        "website": "",
        "description": "",
        "osm_id": 1686074824
      },
      "geometry": {
        "type": "Point",
        "coordinates": [
          7.7701958,
          45.8075178
        ]
      }
    },
    {
      "type": "Feature",
      "properties": {
        "id": 1689377378,
        "name": "Monte Gemevola o Cornebecco",
        "type": "peak",
        "elevation": 1588,
        "sort_elevation": 1588,
        "website": "",
        "description": "",
        "osm_id": 1689377378
      },
      "geometry": {
        "type": "Point",
        "coordinates": [
          8.1778613,
          45.7194663
        ]
      }
    },
    {
      "type": "Feature",
      "properties": {
        "id": 1693604576,
        "name": "Monte Soleron",
        "type": "peak",
        "elevation": 2890,
        "sort_elevation": 2890,
        "website": "",
        "description": "",
        "osm_id": 1693604576
      },
      "geometry": {
        "type": "Point",
        "coordinates": [
          7.8034789,
          45.7215509
        ]
      }
    },
    {
      "type": "Feature",
      "properties": {
        "id": 1693604590,
        "name": "Punta Champlong",
        "type": "peak",
        "elevation": 2673,
        "sort_elevation": 2673,
        "website": "",
        "description": "",
        "osm_id": 1693604590
      },
      "geometry": {
        "type": "Point",
        "coordinates": [
          7.7884465,
          45.7251448
        ]
      }
    },
    {
      "type": "Feature",
      "properties": {
        "id": 1700860734,
        "name": "Cima Lavazzola",
        "type": "peak",
        "elevation": 1910,
        "sort_elevation": 1910,
        "website": "",
        "description": "",
        "osm_id": 1700860734
      },
      "geometry": {
        "type": "Point",
        "coordinates": [
          8.1456806,
          45.7427044
        ]
      }
    },
    {
      "type": "Feature",
      "properties": {
        "id": 1702302895,
        "name": "Ruderi Castello di Bornate",
        "type": "peak",
        "elevation": "N/D",
        "sort_elevation": 0,
        "website": "",
        "description": "",
        "osm_id": 1702302895
      },
      "geometry": {
        "type": "Point",
        "coordinates": [
          8.2952347,
          45.6930287
        ]
      }
    },
    {
      "type": "Feature",
      "properties": {
        "id": 1702688529,
        "name": "Bivacco Velina-Baserga",
        "type": "bivouac",
        "elevation": 654,
        "sort_elevation": 654,
        "website": "https://www.valgrande-velina-baserga.it/",
        "description": "Gestito dal Piero, accesso solo su prenotazione",
        "osm_id": 1702688529
      },
      "geometry": {
        "type": "Point",
        "coordinates": [
          8.4593225,
          46.0066806
        ]
      }
    },
    {
      "type": "Feature",
      "properties": {
        "id": 1703441898,
        "name": "Cima Crocette",
        "type": "peak",
        "elevation": 1896,
        "sort_elevation": 1896,
        "website": "",
        "description": "",
        "osm_id": 1703441898
      },
      "geometry": {
        "type": "Point",
        "coordinates": [
          8.5193114,
          46.0641993
        ]
      }
    },
    {
      "type": "Feature",
      "properties": {
        "id": 1703441900,
        "name": "Cima Fornaletti",
        "type": "peak",
        "elevation": 1903,
        "sort_elevation": 1903,
        "website": "",
        "description": "",
        "osm_id": 1703441900
      },
      "geometry": {
        "type": "Point",
        "coordinates": [
          8.4888438,
          46.0753446
        ]
      }
    },
    {
      "type": "Feature",
      "properties": {
        "id": 1703441911,
        "name": "Cima Lidesh",
        "type": "peak",
        "elevation": 1830,
        "sort_elevation": 1830,
        "website": "",
        "description": "",
        "osm_id": 1703441911
      },
      "geometry": {
        "type": "Point",
        "coordinates": [
          8.5155725,
          46.0738726
        ]
      }
    },
    {
      "type": "Feature",
      "properties": {
        "id": 1703441913,
        "name": "Il Motto",
        "type": "peak",
        "elevation": 1508,
        "sort_elevation": 1508,
        "website": "",
        "description": "",
        "osm_id": 1703441913
      },
      "geometry": {
        "type": "Point",
        "coordinates": [
          8.5275243,
          46.0920563
        ]
      }
    },
    {
      "type": "Feature",
      "properties": {
        "id": 1703441915,
        "name": "Monte Mater",
        "type": "peak",
        "elevation": 1431,
        "sort_elevation": 1431,
        "website": "",
        "description": "",
        "osm_id": 1703441915
      },
      "geometry": {
        "type": "Point",
        "coordinates": [
          8.5557175,
          46.0759299
        ]
      }
    },
    {
      "type": "Feature",
      "properties": {
        "id": 1703441918,
        "name": "Monte Torrione",
        "type": "peak",
        "elevation": 1984,
        "sort_elevation": 1984,
        "website": "",
        "description": "",
        "osm_id": 1703441918
      },
      "geometry": {
        "type": "Point",
        "coordinates": [
          8.5116717,
          46.0685982
        ]
      }
    },
    {
      "type": "Feature",
      "properties": {
        "id": 1703441935,
        "name": "Testa del Mater",
        "type": "peak",
        "elevation": 1846,
        "sort_elevation": 1846,
        "website": "",
        "description": "",
        "osm_id": 1703441935
      },
      "geometry": {
        "type": "Point",
        "coordinates": [
          8.4933782,
          46.0981853
        ]
      }
    },
    {
      "type": "Feature",
      "properties": {
        "id": 1722596498,
        "name": "Quota 2095",
        "type": "peak",
        "elevation": 2095,
        "sort_elevation": 2095,
        "website": "",
        "description": "",
        "osm_id": 1722596498
      },
      "geometry": {
        "type": "Point",
        "coordinates": [
          7.6491123,
          45.6041451
        ]
      }
    },
    {
      "type": "Feature",
      "properties": {
        "id": 1722596505,
        "name": "Quota 2101",
        "type": "peak",
        "elevation": 2101,
        "sort_elevation": 2101,
        "website": "",
        "description": "",
        "osm_id": 1722596505
      },
      "geometry": {
        "type": "Point",
        "coordinates": [
          7.6460888,
          45.6024356
        ]
      }
    },
    {
      "type": "Feature",
      "properties": {
        "id": 1725081204,
        "name": "Dent Nord de Bertol",
        "type": "peak",
        "elevation": 3547,
        "sort_elevation": 3547,
        "website": "",
        "description": "",
        "osm_id": 1725081204
      },
      "geometry": {
        "type": "Point",
        "coordinates": [
          7.5389832,
          45.9974443
        ]
      }
    },
    {
      "type": "Feature",
      "properties": {
        "id": 1725081207,
        "name": "Dent de Perroc",
        "type": "peak",
        "elevation": 3676,
        "sort_elevation": 3676,
        "website": "",
        "description": "",
        "osm_id": 1725081207
      },
      "geometry": {
        "type": "Point",
        "coordinates": [
          7.5231903,
          46.0392895
        ]
      }
    },
    {
      "type": "Feature",
      "properties": {
        "id": 1725081208,
        "name": "Grand Gendarme",
        "type": "peak",
        "elevation": 4097,
        "sort_elevation": 4097,
        "website": "",
        "description": "",
        "osm_id": 1725081208
      },
      "geometry": {
        "type": "Point",
        "coordinates": [
          7.6106444,
          46.0297672
        ]
      }
    },
    {
      "type": "Feature",
      "properties": {
        "id": 1725081218,
        "name": "Pointe des Vignettes",
        "type": "peak",
        "elevation": 3194,
        "sort_elevation": 3194,
        "website": "",
        "description": "",
        "osm_id": 1725081218
      },
      "geometry": {
        "type": "Point",
        "coordinates": [
          7.476524,
          45.9904397
        ]
      }
    },
    {
      "type": "Feature",
      "properties": {
        "id": 1739956469,
        "name": "Monte Aquila",
        "type": "peak",
        "elevation": 2582,
        "sort_elevation": 2582,
        "website": "",
        "description": "",
        "osm_id": 1739956469
      },
      "geometry": {
        "type": "Point",
        "coordinates": [
          7.7674525,
          45.6633505
        ]
      }
    },
    {
      "type": "Feature",
      "properties": {
        "id": 1745164980,
        "name": "Montalbano",
        "type": "peak",
        "elevation": 442,
        "sort_elevation": 442,
        "website": "",
        "description": "",
        "osm_id": 1745164980
      },
      "geometry": {
        "type": "Point",
        "coordinates": [
          8.4010996,
          45.69212
        ]
      }
    },
    {
      "type": "Feature",
      "properties": {
        "id": 1745164992,
        "name": "Monte Lovagone",
        "type": "peak",
        "elevation": 857,
        "sort_elevation": 857,
        "website": "",
        "description": "",
        "osm_id": 1745164992
      },
      "geometry": {
        "type": "Point",
        "coordinates": [
          8.358638,
          45.7061711
        ]
      }
    },
    {
      "type": "Feature",
      "properties": {
        "id": 1745164993,
        "name": "Monte Ovagone",
        "type": "peak",
        "elevation": 729,
        "sort_elevation": 729,
        "website": "",
        "description": "",
        "osm_id": 1745164993
      },
      "geometry": {
        "type": "Point",
        "coordinates": [
          8.3807737,
          45.7102589
        ]
      }
    },
    {
      "type": "Feature",
      "properties": {
        "id": 1745164994,
        "name": "Motto Ciafera",
        "type": "peak",
        "elevation": 772,
        "sort_elevation": 772,
        "website": "",
        "description": "",
        "osm_id": 1745164994
      },
      "geometry": {
        "type": "Point",
        "coordinates": [
          8.3746082,
          45.7095278
        ]
      }
    },
    {
      "type": "Feature",
      "properties": {
        "id": 1745164995,
        "name": "Motto Cicogno",
        "type": "peak",
        "elevation": 525,
        "sort_elevation": 525,
        "website": "",
        "description": "",
        "osm_id": 1745164995
      },
      "geometry": {
        "type": "Point",
        "coordinates": [
          8.398281,
          45.7010346
        ]
      }
    },
    {
      "type": "Feature",
      "properties": {
        "id": 1745164998,
        "name": "Motto Portula",
        "type": "peak",
        "elevation": 431,
        "sort_elevation": 431,
        "website": "",
        "description": "",
        "osm_id": 1745164998
      },
      "geometry": {
        "type": "Point",
        "coordinates": [
          8.4059785,
          45.7017799
        ]
      }
    },
    {
      "type": "Feature",
      "properties": {
        "id": 1745165001,
        "name": "Motto Salvapaglia",
        "type": "peak",
        "elevation": 605,
        "sort_elevation": 605,
        "website": "",
        "description": "",
        "osm_id": 1745165001
      },
      "geometry": {
        "type": "Point",
        "coordinates": [
          8.3889917,
          45.713046
        ]
      }
    },
    {
      "type": "Feature",
      "properties": {
        "id": 1745165004,
        "name": "Motto Tondo",
        "type": "peak",
        "elevation": 522,
        "sort_elevation": 522,
        "website": "",
        "description": "",
        "osm_id": 1745165004
      },
      "geometry": {
        "type": "Point",
        "coordinates": [
          8.4059785,
          45.7118014
        ]
      }
    },
    {
      "type": "Feature",
      "properties": {
        "id": 1745165007,
        "name": "Punta Ceresola",
        "type": "peak",
        "elevation": 713,
        "sort_elevation": 713,
        "website": "",
        "description": "",
        "osm_id": 1745165007
      },
      "geometry": {
        "type": "Point",
        "coordinates": [
          8.339201,
          45.7031582
        ]
      }
    },
    {
      "type": "Feature",
      "properties": {
        "id": 1745178924,
        "name": "Cima Misocco",
        "type": "peak",
        "elevation": 681,
        "sort_elevation": 681,
        "website": "",
        "description": "",
        "osm_id": 1745178924
      },
      "geometry": {
        "type": "Point",
        "coordinates": [
          8.3825031,
          45.715122
        ]
      }
    },
    {
      "type": "Feature",
      "properties": {
        "id": 1745591453,
        "name": "Punta dell'Asgelas",
        "type": "peak",
        "elevation": 3021,
        "sort_elevation": 3021,
        "website": "",
        "description": "",
        "osm_id": 1745591453
      },
      "geometry": {
        "type": "Point",
        "coordinates": [
          7.5193769,
          45.5770603
        ]
      }
    },
    {
      "type": "Feature",
      "properties": {
        "id": 1745591454,
        "name": "Rosa dei Banchi",
        "type": "peak",
        "elevation": 3163,
        "sort_elevation": 3163,
        "website": "",
        "description": "",
        "osm_id": 1745591454
      },
      "geometry": {
        "type": "Point",
        "coordinates": [
          7.532095,
          45.577106
        ]
      }
    },
    {
      "type": "Feature",
      "properties": {
        "id": 1745607540,
        "name": "Monte Dondena",
        "type": "peak",
        "elevation": 2543,
        "sort_elevation": 2543,
        "website": "",
        "description": "",
        "osm_id": 1745607540
      },
      "geometry": {
        "type": "Point",
        "coordinates": [
          7.5417066,
          45.6058256
        ]
      }
    },
    {
      "type": "Feature",
      "properties": {
        "id": 1745607551,
        "name": "Monte Rascias",
        "type": "peak",
        "elevation": 2783,
        "sort_elevation": 2783,
        "website": "",
        "description": "",
        "osm_id": 1745607551
      },
      "geometry": {
        "type": "Point",
        "coordinates": [
          7.5319331,
          45.6000632
        ]
      }
    },
    {
      "type": "Feature",
      "properties": {
        "id": 1749686878,
        "name": "Furggen",
        "type": "peak",
        "elevation": 3492,
        "sort_elevation": 3492,
        "website": "",
        "description": "",
        "osm_id": 1749686878
      },
      "geometry": {
        "type": "Point",
        "coordinates": [
          7.6812583,
          45.9568184
        ]
      }
    },
    {
      "type": "Feature",
      "properties": {
        "id": 1753872547,
        "name": "Monte Pian Nave Nord",
        "type": "peak",
        "elevation": 1037,
        "sort_elevation": 1037,
        "website": "",
        "description": "",
        "osm_id": 1753872547
      },
      "geometry": {
        "type": "Point",
        "coordinates": [
          8.7226273,
          45.951149
        ]
      }
    },
    {
      "type": "Feature",
      "properties": {
        "id": 1760178748,
        "name": "Il Toriggia",
        "type": "peak",
        "elevation": 912,
        "sort_elevation": 912,
        "website": "",
        "description": "",
        "osm_id": 1760178748
      },
      "geometry": {
        "type": "Point",
        "coordinates": [
          8.5035784,
          45.8205094
        ]
      }
    },
    {
      "type": "Feature",
      "properties": {
        "id": 1760178863,
        "name": "Monte Cornaggia",
        "type": "peak",
        "elevation": 921,
        "sort_elevation": 921,
        "website": "",
        "description": "",
        "osm_id": 1760178863
      },
      "geometry": {
        "type": "Point",
        "coordinates": [
          8.5067581,
          45.8276858
        ]
      }
    },
    {
      "type": "Feature",
      "properties": {
        "id": 1760178881,
        "name": "Monte La Guardia",
        "type": "peak",
        "elevation": 823,
        "sort_elevation": 823,
        "website": "",
        "description": "",
        "osm_id": 1760178881
      },
      "geometry": {
        "type": "Point",
        "coordinates": [
          8.4837006,
          45.8005468
        ]
      }
    },
    {
      "type": "Feature",
      "properties": {
        "id": 1760178886,
        "name": "Monte Zughero",
        "type": "peak",
        "elevation": 1230,
        "sort_elevation": 1230,
        "website": "",
        "description": "",
        "osm_id": 1760178886
      },
      "geometry": {
        "type": "Point",
        "coordinates": [
          8.4597493,
          45.8955758
        ]
      }
    },
    {
      "type": "Feature",
      "properties": {
        "id": 1760178890,
        "name": "Motto Piombino",
        "type": "peak",
        "elevation": 817,
        "sort_elevation": 817,
        "website": "",
        "description": "",
        "osm_id": 1760178890
      },
      "geometry": {
        "type": "Point",
        "coordinates": [
          8.4927023,
          45.856109
        ]
      }
    },
    {
      "type": "Feature",
      "properties": {
        "id": 1760178894,
        "name": "Motton Salè",
        "type": "peak",
        "elevation": 1087,
        "sort_elevation": 1087,
        "website": "",
        "description": "",
        "osm_id": 1760178894
      },
      "geometry": {
        "type": "Point",
        "coordinates": [
          8.4812822,
          45.8620137
        ]
      }
    },
    {
      "type": "Feature",
      "properties": {
        "id": 1760178898,
        "name": "Motton Sciarrè",
        "type": "peak",
        "elevation": 843,
        "sort_elevation": 843,
        "website": "",
        "description": "",
        "osm_id": 1760178898
      },
      "geometry": {
        "type": "Point",
        "coordinates": [
          8.5031249,
          45.8615082
        ]
      }
    },
    {
      "type": "Feature",
      "properties": {
        "id": 1760178905,
        "name": "Sass dal Pizz",
        "type": "peak",
        "elevation": 763,
        "sort_elevation": 763,
        "website": "",
        "description": "",
        "osm_id": 1760178905
      },
      "geometry": {
        "type": "Point",
        "coordinates": [
          8.5129538,
          45.8127615
        ]
      }
    },
    {
      "type": "Feature",
      "properties": {
        "id": 1761094176,
        "name": "Monte Tovo",
        "type": "peak",
        "elevation": 1386,
        "sort_elevation": 1386,
        "website": "",
        "description": "",
        "osm_id": 1761094176
      },
      "geometry": {
        "type": "Point",
        "coordinates": [
          8.21798,
          45.7541976
        ]
      }
    },
    {
      "type": "Feature",
      "properties": {
        "id": 1768938306,
        "name": "Pointe Burnaby",
        "type": "peak",
        "elevation": 4134,
        "sort_elevation": 4134,
        "website": "",
        "description": "",
        "osm_id": 1768938306
      },
      "geometry": {
        "type": "Point",
        "coordinates": [
          7.7180243,
          46.1186922
        ]
      }
    },
    {
      "type": "Feature",
      "properties": {
        "id": 1768982896,
        "name": "Cima Camossaro",
        "type": "peak",
        "elevation": 1436,
        "sort_elevation": 1436,
        "website": "",
        "description": "",
        "osm_id": 1768982896
      },
      "geometry": {
        "type": "Point",
        "coordinates": [
          8.294703,
          45.8611833
        ]
      }
    },
    {
      "type": "Feature",
      "properties": {
        "id": 1768982898,
        "name": "Monte Congiura",
        "type": "peak",
        "elevation": 1386,
        "sort_elevation": 1386,
        "website": "",
        "description": "",
        "osm_id": 1768982898
      },
      "geometry": {
        "type": "Point",
        "coordinates": [
          8.3283551,
          45.8808438
        ]
      }
    },
    {
      "type": "Feature",
      "properties": {
        "id": 1768982899,
        "name": "Monte Mazzone",
        "type": "peak",
        "elevation": 1234,
        "sort_elevation": 1234,
        "website": "",
        "description": "",
        "osm_id": 1768982899
      },
      "geometry": {
        "type": "Point",
        "coordinates": [
          8.3536031,
          45.8442613
        ]
      }
    },
    {
      "type": "Feature",
      "properties": {
        "id": 1768982900,
        "name": "Monte Novesso",
        "type": "peak",
        "elevation": 1409,
        "sort_elevation": 1409,
        "website": "",
        "description": "",
        "osm_id": 1768982900
      },
      "geometry": {
        "type": "Point",
        "coordinates": [
          8.3249734,
          45.8454515
        ]
      }
    },
    {
      "type": "Feature",
      "properties": {
        "id": 1768982912,
        "name": "Monte Ostano",
        "type": "peak",
        "elevation": 1509,
        "sort_elevation": 1509,
        "website": "",
        "description": "",
        "osm_id": 1768982912
      },
      "geometry": {
        "type": "Point",
        "coordinates": [
          8.3028958,
          45.8705567
        ]
      }
    },
    {
      "type": "Feature",
      "properties": {
        "id": 1768982916,
        "name": "Monte Piogera / Monte Pizzanigugn / Monte La Nave",
        "type": "peak",
        "elevation": 1246,
        "sort_elevation": 1246,
        "website": "",
        "description": "",
        "osm_id": 1768982916
      },
      "geometry": {
        "type": "Point",
        "coordinates": [
          8.3356249,
          45.8287911
        ]
      }
    },
    {
      "type": "Feature",
      "properties": {
        "id": 1768982921,
        "name": "Monte Trevigno",
        "type": "peak",
        "elevation": 1117,
        "sort_elevation": 1117,
        "website": "",
        "description": "",
        "osm_id": 1768982921
      },
      "geometry": {
        "type": "Point",
        "coordinates": [
          8.3453281,
          45.8235374
        ]
      }
    },
    {
      "type": "Feature",
      "properties": {
        "id": 1774368218,
        "name": "Monte Covreto",
        "type": "peak",
        "elevation": 1594,
        "sort_elevation": 1594,
        "website": "",
        "description": "",
        "osm_id": 1774368218
      },
      "geometry": {
        "type": "Point",
        "coordinates": [
          8.798594,
          46.0960208
        ]
      }
    },
    {
      "type": "Feature",
      "properties": {
        "id": 1783509822,
        "name": "Punta Gialin",
        "type": "peak",
        "elevation": 3270,
        "sort_elevation": 3270,
        "website": "",
        "description": "",
        "osm_id": 1783509822
      },
      "geometry": {
        "type": "Point",
        "coordinates": [
          7.4212147,
          45.508481
        ]
      }
    },
    {
      "type": "Feature",
      "properties": {
        "id": 1785652045,
        "name": "Motta di Pleté Orientale",
        "type": "peak",
        "elevation": 3018,
        "sort_elevation": 3018,
        "website": "",
        "description": "",
        "osm_id": 1785652045
      },
      "geometry": {
        "type": "Point",
        "coordinates": [
          7.6664815,
          45.9165158
        ]
      }
    },
    {
      "type": "Feature",
      "properties": {
        "id": 1787262882,
        "name": "Cima Rimottina",
        "type": "peak",
        "elevation": 489,
        "sort_elevation": 489,
        "website": "",
        "description": "",
        "osm_id": 1787262882
      },
      "geometry": {
        "type": "Point",
        "coordinates": [
          8.3196925,
          45.6543305
        ]
      }
    },
    {
      "type": "Feature",
      "properties": {
        "id": 1787262883,
        "name": "Cima Accatta",
        "type": "peak",
        "elevation": 451,
        "sort_elevation": 451,
        "website": "",
        "description": "",
        "osm_id": 1787262883
      },
      "geometry": {
        "type": "Point",
        "coordinates": [
          8.3204328,
          45.6491407
        ]
      }
    },
    {
      "type": "Feature",
      "properties": {
        "id": 1789651624,
        "name": "Cima Scalvai",
        "type": "peak",
        "elevation": 548,
        "sort_elevation": 548,
        "website": "",
        "description": "",
        "osm_id": 1789651624
      },
      "geometry": {
        "type": "Point",
        "coordinates": [
          8.3468747,
          45.6453142
        ]
      }
    },
    {
      "type": "Feature",
      "properties": {
        "id": 1789651628,
        "name": "Rusca Randa",
        "type": "peak",
        "elevation": 554,
        "sort_elevation": 554,
        "website": "",
        "description": "",
        "osm_id": 1789651628
      },
      "geometry": {
        "type": "Point",
        "coordinates": [
          8.3364641,
          45.6437666
        ]
      }
    },
    {
      "type": "Feature",
      "properties": {
        "id": 1789658824,
        "name": "Colle San Lorenzo",
        "type": "peak",
        "elevation": 544,
        "sort_elevation": 544,
        "website": "",
        "description": "",
        "osm_id": 1789658824
      },
      "geometry": {
        "type": "Point",
        "coordinates": [
          8.363418,
          45.6341163
        ]
      }
    },
    {
      "type": "Feature",
      "properties": {
        "id": 1789658825,
        "name": "Pietra Romanasca",
        "type": "peak",
        "elevation": 522,
        "sort_elevation": 522,
        "website": "",
        "description": "",
        "osm_id": 1789658825
      },
      "geometry": {
        "type": "Point",
        "coordinates": [
          8.3550501,
          45.6414705
        ]
      }
    },
    {
      "type": "Feature",
      "properties": {
        "id": 1789664087,
        "name": "Cima Strusa",
        "type": "peak",
        "elevation": 430,
        "sort_elevation": 430,
        "website": "",
        "description": "",
        "osm_id": 1789664087
      },
      "geometry": {
        "type": "Point",
        "coordinates": [
          8.3239852,
          45.6420278
        ]
      }
    },
    {
      "type": "Feature",
      "properties": {
        "id": 1789664091,
        "name": "il Collinone",
        "type": "peak",
        "elevation": 482,
        "sort_elevation": 482,
        "website": "",
        "description": "",
        "osm_id": 1789664091
      },
      "geometry": {
        "type": "Point",
        "coordinates": [
          8.3100051,
          45.6326094
        ]
      }
    },
    {
      "type": "Feature",
      "properties": {
        "id": 1791356848,
        "name": "Rifugio Alpetto di Caviano",
        "type": "hut",
        "elevation": 1255,
        "sort_elevation": 1255,
        "website": "",
        "description": "",
        "osm_id": 1791356848
      },
      "geometry": {
        "type": "Point",
        "coordinates": [
          8.7885014,
          46.0993749
        ]
      }
    },
    {
      "type": "Feature",
      "properties": {
        "id": 1798595231,
        "name": "Pigne de la Lé",
        "type": "peak",
        "elevation": 3396,
        "sort_elevation": 3396,
        "website": "",
        "description": "",
        "osm_id": 1798595231
      },
      "geometry": {
        "type": "Point",
        "coordinates": [
          7.610763,
          46.082937
        ]
      }
    },
    {
      "type": "Feature",
      "properties": {
        "id": 1798595237,
        "name": "Pointe de Moiry",
        "type": "peak",
        "elevation": 3303,
        "sort_elevation": 3303,
        "website": "",
        "description": "",
        "osm_id": 1798595237
      },
      "geometry": {
        "type": "Point",
        "coordinates": [
          7.576833,
          46.084194
        ]
      }
    },
    {
      "type": "Feature",
      "properties": {
        "id": 1798595238,
        "name": "Pointe du Mourti Orientale",
        "type": "peak",
        "elevation": 3563,
        "sort_elevation": 3563,
        "website": "",
        "description": "",
        "osm_id": 1798595238
      },
      "geometry": {
        "type": "Point",
        "coordinates": [
          7.586095,
          46.072429
        ]
      }
    },
    {
      "type": "Feature",
      "properties": {
        "id": 1798987626,
        "name": "Balmenhorn",
        "type": "peak",
        "elevation": 4167,
        "sort_elevation": 4167,
        "website": "",
        "description": "",
        "osm_id": 1798987626
      },
      "geometry": {
        "type": "Point",
        "coordinates": [
          7.8581344,
          45.9138362
        ]
      }
    },
    {
      "type": "Feature",
      "properties": {
        "id": 1801694516,
        "name": "Almagellerhorn",
        "type": "peak",
        "elevation": 3327,
        "sort_elevation": 3327,
        "website": "",
        "description": "",
        "osm_id": 1801694516
      },
      "geometry": {
        "type": "Point",
        "coordinates": [
          7.9942101,
          46.0868779
        ]
      }
    },
    {
      "type": "Feature",
      "properties": {
        "id": 1802659536,
        "name": "Pietra Groana",
        "type": "peak",
        "elevation": 699,
        "sort_elevation": 699,
        "website": "",
        "description": "",
        "osm_id": 1802659536
      },
      "geometry": {
        "type": "Point",
        "coordinates": [
          8.2956792,
          45.664984
        ]
      }
    },
    {
      "type": "Feature",
      "properties": {
        "id": 1804057485,
        "name": "Punta Fontana Fredda",
        "type": "peak",
        "elevation": 2513,
        "sort_elevation": 2513,
        "website": "",
        "description": "",
        "osm_id": 1804057485
      },
      "geometry": {
        "type": "Point",
        "coordinates": [
          7.6397271,
          45.8555049
        ]
      }
    },
    {
      "type": "Feature",
      "properties": {
        "id": 1814343510,
        "name": "Mont de Pianeritz",
        "type": "peak",
        "elevation": 2550,
        "sort_elevation": 2550,
        "website": "",
        "description": "",
        "osm_id": 1814343510
      },
      "geometry": {
        "type": "Point",
        "coordinates": [
          7.9033278,
          45.7334854
        ]
      }
    },
    {
      "type": "Feature",
      "properties": {
        "id": 1814350827,
        "name": "Punta Perazzi - Perazzispétz",
        "type": "peak",
        "elevation": 3906,
        "sort_elevation": 3906,
        "website": "",
        "description": "",
        "osm_id": 1814350827
      },
      "geometry": {
        "type": "Point",
        "coordinates": [
          7.7936795,
          45.9116347
        ]
      }
    },
    {
      "type": "Feature",
      "properties": {
        "id": 1829824760,
        "name": "Anticima del Monte Meabé",
        "type": "peak",
        "elevation": 2565,
        "sort_elevation": 2565,
        "website": "",
        "description": "",
        "osm_id": 1829824760
      },
      "geometry": {
        "type": "Point",
        "coordinates": [
          7.5464763,
          45.8246922
        ]
      }
    },
    {
      "type": "Feature",
      "properties": {
        "id": 1831309285,
        "name": "Mont Morion",
        "type": "peak",
        "elevation": 2711,
        "sort_elevation": 2711,
        "website": "",
        "description": "",
        "osm_id": 1831309285
      },
      "geometry": {
        "type": "Point",
        "coordinates": [
          7.4974242,
          45.8245481
        ]
      }
    },
    {
      "type": "Feature",
      "properties": {
        "id": 1835499043,
        "name": "Bric Paglie",
        "type": "peak",
        "elevation": 1859,
        "sort_elevation": 1859,
        "website": "",
        "description": "",
        "osm_id": 1835499043
      },
      "geometry": {
        "type": "Point",
        "coordinates": [
          7.9122315,
          45.5679461
        ]
      }
    },
    {
      "type": "Feature",
      "properties": {
        "id": 1836169379,
        "name": "Cima Longhede",
        "type": "peak",
        "elevation": 2416,
        "sort_elevation": 2416,
        "website": "",
        "description": "",
        "osm_id": 1836169379
      },
      "geometry": {
        "type": "Point",
        "coordinates": [
          7.5204756,
          45.7915846
        ]
      }
    },
    {
      "type": "Feature",
      "properties": {
        "id": 1841221304,
        "name": "Antecima Mont Tantané",
        "type": "peak",
        "elevation": "N/D",
        "sort_elevation": 0,
        "website": "",
        "description": "",
        "osm_id": 1841221304
      },
      "geometry": {
        "type": "Point",
        "coordinates": [
          7.6458245,
          45.8157499
        ]
      }
    },
    {
      "type": "Feature",
      "properties": {
        "id": 1857053816,
        "name": "Monte della Gallina",
        "type": "peak",
        "elevation": 528,
        "sort_elevation": 528,
        "website": "",
        "description": "",
        "osm_id": 1857053816
      },
      "geometry": {
        "type": "Point",
        "coordinates": [
          8.2984167,
          45.6449038
        ]
      }
    },
    {
      "type": "Feature",
      "properties": {
        "id": 1870156385,
        "name": "Rifugio Madonna della Neve",
        "type": "hut",
        "elevation": 1480,
        "sort_elevation": 1480,
        "website": "",
        "description": "",
        "osm_id": 1870156385
      },
      "geometry": {
        "type": "Point",
        "coordinates": [
          7.9612252,
          45.6766422
        ]
      }
    },
    {
      "type": "Feature",
      "properties": {
        "id": 1874134947,
        "name": "Cima Falghé",
        "type": "peak",
        "elevation": 1240,
        "sort_elevation": 1240,
        "website": "",
        "description": "",
        "osm_id": 1874134947
      },
      "geometry": {
        "type": "Point",
        "coordinates": [
          8.2232543,
          45.7546637
        ]
      }
    },
    {
      "type": "Feature",
      "properties": {
        "id": 1874570687,
        "name": "Monte Becco",
        "type": "peak",
        "elevation": 1730,
        "sort_elevation": 1730,
        "website": "",
        "description": "",
        "osm_id": 1874570687
      },
      "geometry": {
        "type": "Point",
        "coordinates": [
          7.9909718,
          45.6364949
        ]
      }
    },
    {
      "type": "Feature",
      "properties": {
        "id": 1874780504,
        "name": "Punta della Sella",
        "type": "peak",
        "elevation": 2315,
        "sort_elevation": 2315,
        "website": "",
        "description": "",
        "osm_id": 1874780504
      },
      "geometry": {
        "type": "Point",
        "coordinates": [
          7.9067835,
          45.623676
        ]
      }
    },
    {
      "type": "Feature",
      "properties": {
        "id": 1876869854,
        "name": "Cima Portiole",
        "type": "peak",
        "elevation": "N/D",
        "sort_elevation": 0,
        "website": "",
        "description": "",
        "osm_id": 1876869854
      },
      "geometry": {
        "type": "Point",
        "coordinates": [
          7.9921278,
          45.6881172
        ]
      }
    },
    {
      "type": "Feature",
      "properties": {
        "id": 1876879034,
        "name": "Cima dello Scafone",
        "type": "peak",
        "elevation": "N/D",
        "sort_elevation": 0,
        "website": "",
        "description": "",
        "osm_id": 1876879034
      },
      "geometry": {
        "type": "Point",
        "coordinates": [
          7.9914193,
          45.6843423
        ]
      }
    },
    {
      "type": "Feature",
      "properties": {
        "id": 1878295181,
        "name": "Cima Sciura",
        "type": "peak",
        "elevation": "N/D",
        "sort_elevation": 0,
        "website": "",
        "description": "",
        "osm_id": 1878295181
      },
      "geometry": {
        "type": "Point",
        "coordinates": [
          7.9933677,
          45.6916349
        ]
      }
    },
    {
      "type": "Feature",
      "properties": {
        "id": 1878301218,
        "name": "Becco di Beccara",
        "type": "peak",
        "elevation": 1178,
        "sort_elevation": 1178,
        "website": "",
        "description": "",
        "osm_id": 1878301218
      },
      "geometry": {
        "type": "Point",
        "coordinates": [
          7.977149,
          45.6703226
        ]
      }
    },
    {
      "type": "Feature",
      "properties": {
        "id": 1878301219,
        "name": "Punta Pietraccia",
        "type": "peak",
        "elevation": 1153,
        "sort_elevation": 1153,
        "website": "",
        "description": "",
        "osm_id": 1878301219
      },
      "geometry": {
        "type": "Point",
        "coordinates": [
          7.9732672,
          45.6713175
        ]
      }
    },
    {
      "type": "Feature",
      "properties": {
        "id": 1878301220,
        "name": "Cima Truggetta",
        "type": "peak",
        "elevation": 1509,
        "sort_elevation": 1509,
        "website": "",
        "description": "",
        "osm_id": 1878301220
      },
      "geometry": {
        "type": "Point",
        "coordinates": [
          7.9735678,
          45.6653322
        ]
      }
    },
    {
      "type": "Feature",
      "properties": {
        "id": 1878553670,
        "name": "Monte Capio",
        "type": "peak",
        "elevation": 2172,
        "sort_elevation": 2172,
        "website": "",
        "description": "",
        "osm_id": 1878553670
      },
      "geometry": {
        "type": "Point",
        "coordinates": [
          8.2386848,
          45.9105239
        ]
      }
    },
    {
      "type": "Feature",
      "properties": {
        "id": 1878606775,
        "name": "Punta Chaparelle",
        "type": "peak",
        "elevation": 2372,
        "sort_elevation": 2372,
        "website": "",
        "description": "",
        "osm_id": 1878606775
      },
      "geometry": {
        "type": "Point",
        "coordinates": [
          7.9120628,
          45.7016002
        ]
      }
    },
    {
      "type": "Feature",
      "properties": {
        "id": 1878611375,
        "name": "Gemello di Mologna meridionale",
        "type": "peak",
        "elevation": 2473,
        "sort_elevation": 2473,
        "website": "",
        "description": "",
        "osm_id": 1878611375
      },
      "geometry": {
        "type": "Point",
        "coordinates": [
          7.9285647,
          45.7174996
        ]
      }
    },
    {
      "type": "Feature",
      "properties": {
        "id": 1878614654,
        "name": "Punta La Ronda",
        "type": "peak",
        "elevation": 2191,
        "sort_elevation": 2191,
        "website": "",
        "description": "",
        "osm_id": 1878614654
      },
      "geometry": {
        "type": "Point",
        "coordinates": [
          7.9632204,
          45.7194467
        ]
      }
    },
    {
      "type": "Feature",
      "properties": {
        "id": 1878614656,
        "name": "Monte Rosso del Croso",
        "type": "peak",
        "elevation": 2304,
        "sort_elevation": 2304,
        "website": "",
        "description": "",
        "osm_id": 1878614656
      },
      "geometry": {
        "type": "Point",
        "coordinates": [
          7.9557609,
          45.7182945
        ]
      }
    },
    {
      "type": "Feature",
      "properties": {
        "id": 1880342036,
        "name": "Bivacco Città di Gallarate",
        "type": "bivouac",
        "elevation": 3960,
        "sort_elevation": 3960,
        "website": "",
        "description": "",
        "osm_id": 1880342036
      },
      "geometry": {
        "type": "Point",
        "coordinates": [
          7.8772939,
          45.9519718
        ]
      }
    },
    {
      "type": "Feature",
      "properties": {
        "id": 1887921008,
        "name": "Gross Bigerhorn",
        "type": "peak",
        "elevation": 3626,
        "sort_elevation": 3626,
        "website": "",
        "description": "",
        "osm_id": 1887921008
      },
      "geometry": {
        "type": "Point",
        "coordinates": [
          7.8704813,
          46.1450953
        ]
      }
    },
    {
      "type": "Feature",
      "properties": {
        "id": 1887921420,
        "name": "Klein Bigerhorn",
        "type": "peak",
        "elevation": 3182,
        "sort_elevation": 3182,
        "website": "",
        "description": "",
        "osm_id": 1887921420
      },
      "geometry": {
        "type": "Point",
        "coordinates": [
          7.8569845,
          46.1459441
        ]
      }
    },
    {
      "type": "Feature",
      "properties": {
        "id": 1930399855,
        "name": "Dortoir Crest",
        "type": "hut",
        "elevation": "N/D",
        "sort_elevation": 0,
        "website": "",
        "description": "",
        "osm_id": 1930399855
      },
      "geometry": {
        "type": "Point",
        "coordinates": [
          7.6841897,
          45.5995212
        ]
      }
    },
    {
      "type": "Feature",
      "properties": {
        "id": 1930450197,
        "name": "Dortoir Retempio",
        "type": "bivouac",
        "elevation": "N/D",
        "sort_elevation": 0,
        "website": "https://www.lovevda.it/it/banca-dati/22/posti-tappa-dortoir/pontboset/retempio/9005836",
        "description": "Periodi di apertura: 10.04 / 01.11",
        "osm_id": 1930450197
      },
      "geometry": {
        "type": "Point",
        "coordinates": [
          7.6907568,
          45.5908453
        ]
      }
    },
    {
      "type": "Feature",
      "properties": {
        "id": 1930751637,
        "name": "Bivacco Alpe Straolgio",
        "type": "bivouac",
        "elevation": 1803,
        "sort_elevation": 1803,
        "website": "",
        "description": "",
        "osm_id": 1930751637
      },
      "geometry": {
        "type": "Point",
        "coordinates": [
          8.4526923,
          46.0709004
        ]
      }
    },
    {
      "type": "Feature",
      "properties": {
        "id": 1958925788,
        "name": "Punta Telcio",
        "type": "peak",
        "elevation": 2833,
        "sort_elevation": 2833,
        "website": "",
        "description": "",
        "osm_id": 1958925788
      },
      "geometry": {
        "type": "Point",
        "coordinates": [
          7.8238625,
          45.8704502
        ]
      }
    },
    {
      "type": "Feature",
      "properties": {
        "id": 1962153735,
        "name": "Monte Mazzaro",
        "type": "peak",
        "elevation": 1739,
        "sort_elevation": 1739,
        "website": "",
        "description": "",
        "osm_id": 1962153735
      },
      "geometry": {
        "type": "Point",
        "coordinates": [
          7.9712697,
          45.6596197
        ]
      }
    },
    {
      "type": "Feature",
      "properties": {
        "id": 1962500219,
        "name": "Punta del Manzo",
        "type": "peak",
        "elevation": 2463,
        "sort_elevation": 2463,
        "website": "",
        "description": "",
        "osm_id": 1962500219
      },
      "geometry": {
        "type": "Point",
        "coordinates": [
          8.0035929,
          45.7114239
        ]
      }
    },
    {
      "type": "Feature",
      "properties": {
        "id": 1962502778,
        "name": "Cima del Bergamasco",
        "type": "peak",
        "elevation": 2290,
        "sort_elevation": 2290,
        "website": "",
        "description": "",
        "osm_id": 1962502778
      },
      "geometry": {
        "type": "Point",
        "coordinates": [
          7.9874944,
          45.7095042
        ]
      }
    },
    {
      "type": "Feature",
      "properties": {
        "id": 1962510386,
        "name": "Poggio Dretto",
        "type": "peak",
        "elevation": "N/D",
        "sort_elevation": 0,
        "website": "",
        "description": "",
        "osm_id": 1962510386
      },
      "geometry": {
        "type": "Point",
        "coordinates": [
          7.9723471,
          45.7005079
        ]
      }
    },
    {
      "type": "Feature",
      "properties": {
        "id": 1962510389,
        "name": "Punta delle Gule",
        "type": "peak",
        "elevation": 2021,
        "sort_elevation": 2021,
        "website": "",
        "description": "",
        "osm_id": 1962510389
      },
      "geometry": {
        "type": "Point",
        "coordinates": [
          7.9831887,
          45.7061491
        ]
      }
    },
    {
      "type": "Feature",
      "properties": {
        "id": 1962523180,
        "name": "Punta del Cravile",
        "type": "peak",
        "elevation": 2384,
        "sort_elevation": 2384,
        "website": "",
        "description": "",
        "osm_id": 1962523180
      },
      "geometry": {
        "type": "Point",
        "coordinates": [
          8.00813,
          45.7033421
        ]
      }
    },
    {
      "type": "Feature",
      "properties": {
        "id": 1962523184,
        "name": "Cima d'Ala",
        "type": "peak",
        "elevation": 2329,
        "sort_elevation": 2329,
        "website": "",
        "description": "",
        "osm_id": 1962523184
      },
      "geometry": {
        "type": "Point",
        "coordinates": [
          8.0063049,
          45.7076744
        ]
      }
    },
    {
      "type": "Feature",
      "properties": {
        "id": 1962531494,
        "name": "Cima Pietra Bianca",
        "type": "peak",
        "elevation": "N/D",
        "sort_elevation": 0,
        "website": "",
        "description": "",
        "osm_id": 1962531494
      },
      "geometry": {
        "type": "Point",
        "coordinates": [
          8.0043282,
          45.6974961
        ]
      }
    },
    {
      "type": "Feature",
      "properties": {
        "id": 1975267191,
        "name": "Nollenhorn",
        "type": "peak",
        "elevation": 3185,
        "sort_elevation": 3185,
        "website": "",
        "description": "",
        "osm_id": 1975267191
      },
      "geometry": {
        "type": "Point",
        "coordinates": [
          7.9882271,
          46.0508722
        ]
      }
    },
    {
      "type": "Feature",
      "properties": {
        "id": 1975267401,
        "name": "Stelli",
        "type": "peak",
        "elevation": 3357,
        "sort_elevation": 3357,
        "website": "",
        "description": "",
        "osm_id": 1975267401
      },
      "geometry": {
        "type": "Point",
        "coordinates": [
          7.9957358,
          46.0382274
        ]
      }
    },
    {
      "type": "Feature",
      "properties": {
        "id": 1975493071,
        "name": "Fluehorn",
        "type": "peak",
        "elevation": 3317,
        "sort_elevation": 3317,
        "website": "",
        "description": "",
        "osm_id": 1975493071
      },
      "geometry": {
        "type": "Point",
        "coordinates": [
          7.8283108,
          46.0232862
        ]
      }
    },
    {
      "type": "Feature",
      "properties": {
        "id": 1975493089,
        "name": "Pfulwe",
        "type": "peak",
        "elevation": 3314,
        "sort_elevation": 3314,
        "website": "",
        "description": "",
        "osm_id": 1975493089
      },
      "geometry": {
        "type": "Point",
        "coordinates": [
          7.8476781,
          46.0164906
        ]
      }
    },
    {
      "type": "Feature",
      "properties": {
        "id": 1975494280,
        "name": "Wissgrat",
        "type": "peak",
        "elevation": 3195,
        "sort_elevation": 3195,
        "website": "",
        "description": "",
        "osm_id": 1975494280
      },
      "geometry": {
        "type": "Point",
        "coordinates": [
          7.8423126,
          46.0590668
        ]
      }
    },
    {
      "type": "Feature",
      "properties": {
        "id": 1975494658,
        "name": "Sattelspitz",
        "type": "peak",
        "elevation": 3162,
        "sort_elevation": 3162,
        "website": "",
        "description": "",
        "osm_id": 1975494658
      },
      "geometry": {
        "type": "Point",
        "coordinates": [
          7.8038481,
          46.0463535
        ]
      }
    },
    {
      "type": "Feature",
      "properties": {
        "id": 1975494665,
        "name": "Spitzi Flue",
        "type": "peak",
        "elevation": 3260,
        "sort_elevation": 3260,
        "website": "",
        "description": "",
        "osm_id": 1975494665
      },
      "geometry": {
        "type": "Point",
        "coordinates": [
          7.8408456,
          46.0178231
        ]
      }
    },
    {
      "type": "Feature",
      "properties": {
        "id": 1975669700,
        "name": "Bivacco Giorgio Ielmoni",
        "type": "bivouac",
        "elevation": 1809,
        "sort_elevation": 1809,
        "website": "",
        "description": "",
        "osm_id": 1975669700
      },
      "geometry": {
        "type": "Point",
        "coordinates": [
          8.6472865,
          46.1153875
        ]
      }
    },
    {
      "type": "Feature",
      "properties": {
        "id": 1975693359,
        "name": "Bivacco Alpe Quadra",
        "type": "bivouac",
        "elevation": 1604,
        "sort_elevation": 1604,
        "website": "",
        "description": "piccolo fornello a gas, non vi sono i piatti, al momento solo bicchieri in plastica, pentole e posate e altri accessori da cucina. L'acqua va presa alla nuova fontana in località Spoccia, circa 10 minuti tramite le 2 taniche da 25 e 15 litri",
        "osm_id": 1975693359
      },
      "geometry": {
        "type": "Point",
        "coordinates": [
          8.6250953,
          46.109288
        ]
      }
    },
    {
      "type": "Feature",
      "properties": {
        "id": 2076098593,
        "name": "Monte San Clemente",
        "type": "peak",
        "elevation": 521,
        "sort_elevation": 521,
        "website": "",
        "description": "",
        "osm_id": 2076098593
      },
      "geometry": {
        "type": "Point",
        "coordinates": [
          8.6445258,
          45.8864859
        ]
      }
    },
    {
      "type": "Feature",
      "properties": {
        "id": 2089738458,
        "name": "Monte Briasco",
        "type": "peak",
        "elevation": 1183,
        "sort_elevation": 1183,
        "website": "",
        "description": "",
        "osm_id": 2089738458
      },
      "geometry": {
        "type": "Point",
        "coordinates": [
          8.3169231,
          45.7931296
        ]
      }
    },
    {
      "type": "Feature",
      "properties": {
        "id": 2090440827,
        "name": "Monte Andrina",
        "type": "peak",
        "elevation": "N/D",
        "sort_elevation": 0,
        "website": "",
        "description": "",
        "osm_id": 2090440827
      },
      "geometry": {
        "type": "Point",
        "coordinates": [
          7.8694817,
          45.5063879
        ]
      }
    },
    {
      "type": "Feature",
      "properties": {
        "id": 2090506015,
        "name": "Monte Margut",
        "type": "peak",
        "elevation": 414,
        "sort_elevation": 414,
        "website": "",
        "description": "",
        "osm_id": 2090506015
      },
      "geometry": {
        "type": "Point",
        "coordinates": [
          7.8882563,
          45.5013671
        ]
      }
    },
    {
      "type": "Feature",
      "properties": {
        "id": 2090506528,
        "name": "Poggio Montresco",
        "type": "peak",
        "elevation": "N/D",
        "sort_elevation": 0,
        "website": "",
        "description": "",
        "osm_id": 2090506528
      },
      "geometry": {
        "type": "Point",
        "coordinates": [
          7.8918508,
          45.504415
        ]
      }
    },
    {
      "type": "Feature",
      "properties": {
        "id": 2091528844,
        "name": "Sarravigliasca",
        "type": "peak",
        "elevation": "N/D",
        "sort_elevation": 0,
        "website": "",
        "description": "",
        "osm_id": 2091528844
      },
      "geometry": {
        "type": "Point",
        "coordinates": [
          7.8975276,
          45.5055826
        ]
      }
    },
    {
      "type": "Feature",
      "properties": {
        "id": 2094645769,
        "name": "Monte Avigno",
        "type": "peak",
        "elevation": 1136,
        "sort_elevation": 1136,
        "website": "",
        "description": "",
        "osm_id": 2094645769
      },
      "geometry": {
        "type": "Point",
        "coordinates": [
          8.3461108,
          45.7847737
        ]
      }
    },
    {
      "type": "Feature",
      "properties": {
        "id": 2094645771,
        "name": "Monte Tre Croci di Rastiglione",
        "type": "peak",
        "elevation": 830,
        "sort_elevation": 830,
        "website": "",
        "description": "",
        "osm_id": 2094645771
      },
      "geometry": {
        "type": "Point",
        "coordinates": [
          8.3518105,
          45.7510953
        ]
      }
    },
    {
      "type": "Feature",
      "properties": {
        "id": 2094645772,
        "name": "Monte Vaiga",
        "type": "peak",
        "elevation": 936,
        "sort_elevation": 936,
        "website": "",
        "description": "",
        "osm_id": 2094645772
      },
      "geometry": {
        "type": "Point",
        "coordinates": [
          8.3533655,
          45.7707208
        ]
      }
    },
    {
      "type": "Feature",
      "properties": {
        "id": 2094645774,
        "name": "Monti di Prerro",
        "type": "peak",
        "elevation": 957,
        "sort_elevation": 957,
        "website": "",
        "description": "",
        "osm_id": 2094645774
      },
      "geometry": {
        "type": "Point",
        "coordinates": [
          8.3571957,
          45.7676641
        ]
      }
    },
    {
      "type": "Feature",
      "properties": {
        "id": 2098015376,
        "name": "B&B Alpe Sattal",
        "type": "hut",
        "elevation": 2093,
        "sort_elevation": 2093,
        "website": "https://www.alpesattal.com/",
        "description": "",
        "osm_id": 2098015376
      },
      "geometry": {
        "type": "Point",
        "coordinates": [
          7.9524386,
          45.8566277
        ]
      }
    },
    {
      "type": "Feature",
      "properties": {
        "id": 2098280978,
        "name": "Punta Montesino",
        "type": "peak",
        "elevation": 516,
        "sort_elevation": 516,
        "website": "",
        "description": "",
        "osm_id": 2098280978
      },
      "geometry": {
        "type": "Point",
        "coordinates": [
          7.881626,
          45.5069106
        ]
      }
    },
    {
      "type": "Feature",
      "properties": {
        "id": 2098968074,
        "name": "Cima del Rosello",
        "type": "peak",
        "elevation": 399,
        "sort_elevation": 399,
        "website": "",
        "description": "",
        "osm_id": 2098968074
      },
      "geometry": {
        "type": "Point",
        "coordinates": [
          7.874027,
          45.5114689
        ]
      }
    },
    {
      "type": "Feature",
      "properties": {
        "id": 2104355852,
        "name": "Croce di Fana",
        "type": "peak",
        "elevation": 2211,
        "sort_elevation": 2211,
        "website": "",
        "description": "",
        "osm_id": 2104355852
      },
      "geometry": {
        "type": "Point",
        "coordinates": [
          7.4172771,
          45.77382
        ]
      }
    },
    {
      "type": "Feature",
      "properties": {
        "id": 2108037346,
        "name": "Punta della Civetta",
        "type": "peak",
        "elevation": 1198,
        "sort_elevation": 1198,
        "website": "",
        "description": "",
        "osm_id": 2108037346
      },
      "geometry": {
        "type": "Point",
        "coordinates": [
          8.153952,
          45.6883103
        ]
      }
    },
    {
      "type": "Feature",
      "properties": {
        "id": 2119277094,
        "name": "Rifugio Barba Ferrero",
        "type": "hut",
        "elevation": 2247,
        "sort_elevation": 2247,
        "website": "https://www.rifugimonterosa.it/it/web/rifugio-barba-ferrero-13",
        "description": "",
        "osm_id": 2119277094
      },
      "geometry": {
        "type": "Point",
        "coordinates": [
          7.909977,
          45.9027951
        ]
      }
    },
    {
      "type": "Feature",
      "properties": {
        "id": 2124011791,
        "name": "Cima della Rabbiosa",
        "type": "peak",
        "elevation": 1042,
        "sort_elevation": 1042,
        "website": "",
        "description": "",
        "osm_id": 2124011791
      },
      "geometry": {
        "type": "Point",
        "coordinates": [
          8.2857248,
          45.8353724
        ]
      }
    },
    {
      "type": "Feature",
      "properties": {
        "id": 2124011795,
        "name": "Monte Massucco",
        "type": "peak",
        "elevation": 1208,
        "sort_elevation": 1208,
        "website": "",
        "description": "",
        "osm_id": 2124011795
      },
      "geometry": {
        "type": "Point",
        "coordinates": [
          8.310799,
          45.8350029
        ]
      }
    },
    {
      "type": "Feature",
      "properties": {
        "id": 2124011799,
        "name": "Monte Quarone",
        "type": "peak",
        "elevation": 1220,
        "sort_elevation": 1220,
        "website": "",
        "description": "",
        "osm_id": 2124011799
      },
      "geometry": {
        "type": "Point",
        "coordinates": [
          8.2940332,
          45.8211127
        ]
      }
    },
    {
      "type": "Feature",
      "properties": {
        "id": 2124890303,
        "name": "La Pelosa",
        "type": "peak",
        "elevation": 658,
        "sort_elevation": 658,
        "website": "",
        "description": "",
        "osm_id": 2124890303
      },
      "geometry": {
        "type": "Point",
        "coordinates": [
          8.3886367,
          45.6985308
        ]
      }
    },
    {
      "type": "Feature",
      "properties": {
        "id": 2127306663,
        "name": "Rocca di Caldè",
        "type": "peak",
        "elevation": 373,
        "sort_elevation": 373,
        "website": "",
        "description": "",
        "osm_id": 2127306663
      },
      "geometry": {
        "type": "Point",
        "coordinates": [
          8.6634373,
          45.9518701
        ]
      }
    },
    {
      "type": "Feature",
      "properties": {
        "id": 2138655418,
        "name": "Torre di Lavina Nord",
        "type": "peak",
        "elevation": 3275,
        "sort_elevation": 3275,
        "website": "",
        "description": "",
        "osm_id": 2138655418
      },
      "geometry": {
        "type": "Point",
        "coordinates": [
          7.4484662,
          45.5568291
        ]
      }
    },
    {
      "type": "Feature",
      "properties": {
        "id": 2140571340,
        "name": "Monte Gucia",
        "type": "peak",
        "elevation": 1783,
        "sort_elevation": 1783,
        "website": "",
        "description": "",
        "osm_id": 2140571340
      },
      "geometry": {
        "type": "Point",
        "coordinates": [
          7.4830404,
          45.5060205
        ]
      }
    },
    {
      "type": "Feature",
      "properties": {
        "id": 2148008143,
        "name": "Punta Vallotta",
        "type": "peak",
        "elevation": 2228,
        "sort_elevation": 2228,
        "website": "",
        "description": "",
        "osm_id": 2148008143
      },
      "geometry": {
        "type": "Point",
        "coordinates": [
          7.4880687,
          45.5618616
        ]
      }
    },
    {
      "type": "Feature",
      "properties": {
        "id": 2149616140,
        "name": "Monte Fautenio",
        "type": "peak",
        "elevation": 2072,
        "sort_elevation": 2072,
        "website": "",
        "description": "",
        "osm_id": 2149616140
      },
      "geometry": {
        "type": "Point",
        "coordinates": [
          7.5281901,
          45.5588621
        ]
      }
    },
    {
      "type": "Feature",
      "properties": {
        "id": 2150455396,
        "name": "Punta della Borra",
        "type": "peak",
        "elevation": 2646,
        "sort_elevation": 2646,
        "website": "",
        "description": "",
        "osm_id": 2150455396
      },
      "geometry": {
        "type": "Point",
        "coordinates": [
          7.5477799,
          45.5680648
        ]
      }
    },
    {
      "type": "Feature",
      "properties": {
        "id": 2151953030,
        "name": "Punta Laris",
        "type": "peak",
        "elevation": 2756,
        "sort_elevation": 2756,
        "website": "",
        "description": "",
        "osm_id": 2151953030
      },
      "geometry": {
        "type": "Point",
        "coordinates": [
          7.5677412,
          45.5915599
        ]
      }
    },
    {
      "type": "Feature",
      "properties": {
        "id": 2152103121,
        "name": "Pointe Vercoche",
        "type": "peak",
        "elevation": 2617,
        "sort_elevation": 2617,
        "website": "",
        "description": "",
        "osm_id": 2152103121
      },
      "geometry": {
        "type": "Point",
        "coordinates": [
          7.5919402,
          45.5863331
        ]
      }
    },
    {
      "type": "Feature",
      "properties": {
        "id": 2153420099,
        "name": "Punta Henragherd",
        "type": "peak",
        "elevation": 2554,
        "sort_elevation": 2554,
        "website": "",
        "description": "",
        "osm_id": 2153420099
      },
      "geometry": {
        "type": "Point",
        "coordinates": [
          7.6140886,
          45.5360442
        ]
      }
    },
    {
      "type": "Feature",
      "properties": {
        "id": 2187349647,
        "name": "Rifugio Santino Ferioli",
        "type": "hut",
        "elevation": 2264,
        "sort_elevation": 2264,
        "website": "http://www.caiolgiate.it/rifugio.php",
        "description": "",
        "osm_id": 2187349647
      },
      "geometry": {
        "type": "Point",
        "coordinates": [
          7.9589054,
          45.8774776
        ]
      }
    },
    {
      "type": "Feature",
      "properties": {
        "id": 2187413315,
        "name": "Rifugio Alpe Campo Superiore",
        "type": "hut",
        "elevation": 1923,
        "sort_elevation": 1923,
        "website": "",
        "description": "",
        "osm_id": 2187413315
      },
      "geometry": {
        "type": "Point",
        "coordinates": [
          7.9541732,
          45.8609198
        ]
      }
    },
    {
      "type": "Feature",
      "properties": {
        "id": 2188620227,
        "name": "Il Torru",
        "type": "peak",
        "elevation": 2508,
        "sort_elevation": 2508,
        "website": "",
        "description": "",
        "osm_id": 2188620227
      },
      "geometry": {
        "type": "Point",
        "coordinates": [
          7.9068124,
          45.8562474
        ]
      }
    },
    {
      "type": "Feature",
      "properties": {
        "id": 2188674694,
        "name": "Rifugio Zar Senni",
        "type": "hut",
        "elevation": 1664,
        "sort_elevation": 1664,
        "website": "",
        "description": "",
        "osm_id": 2188674694
      },
      "geometry": {
        "type": "Point",
        "coordinates": [
          7.9212326,
          45.8448057
        ]
      }
    },
    {
      "type": "Feature",
      "properties": {
        "id": 2189526172,
        "name": "Cengio Alto",
        "type": "peak",
        "elevation": 2109,
        "sort_elevation": 2109,
        "website": "",
        "description": "",
        "osm_id": 2189526172
      },
      "geometry": {
        "type": "Point",
        "coordinates": [
          7.9933105,
          45.8277283
        ]
      }
    },
    {
      "type": "Feature",
      "properties": {
        "id": 2191000650,
        "name": "Rifugio Valle Vogna",
        "type": "hut",
        "elevation": 1380,
        "sort_elevation": 1380,
        "website": "",
        "description": "",
        "osm_id": 2191000650
      },
      "geometry": {
        "type": "Point",
        "coordinates": [
          7.9307556,
          45.8147129
        ]
      }
    },
    {
      "type": "Feature",
      "properties": {
        "id": 2192119245,
        "name": "Cima Mutta",
        "type": "peak",
        "elevation": 2135,
        "sort_elevation": 2135,
        "website": "",
        "description": "",
        "osm_id": 2192119245
      },
      "geometry": {
        "type": "Point",
        "coordinates": [
          7.9331894,
          45.8362677
        ]
      }
    },
    {
      "type": "Feature",
      "properties": {
        "id": 2192973329,
        "name": "Ospizio Sottile",
        "type": "hut",
        "elevation": 2491,
        "sort_elevation": 2491,
        "website": "https://www.rifugioospiziosottile.com/",
        "description": "",
        "osm_id": 2192973329
      },
      "geometry": {
        "type": "Point",
        "coordinates": [
          7.8659305,
          45.7884738
        ]
      }
    },
    {
      "type": "Feature",
      "properties": {
        "id": 2194230177,
        "name": "Cima Tre Croci",
        "type": "peak",
        "elevation": 2078,
        "sort_elevation": 2078,
        "website": "",
        "description": "",
        "osm_id": 2194230177
      },
      "geometry": {
        "type": "Point",
        "coordinates": [
          7.9349331,
          45.8057715
        ]
      }
    },
    {
      "type": "Feature",
      "properties": {
        "id": 2194230178,
        "name": "Cima del Palone",
        "type": "peak",
        "elevation": 2530,
        "sort_elevation": 2530,
        "website": "",
        "description": "",
        "osm_id": 2194230178
      },
      "geometry": {
        "type": "Point",
        "coordinates": [
          7.9404876,
          45.7963021
        ]
      }
    },
    {
      "type": "Feature",
      "properties": {
        "id": 2194230179,
        "name": "Cima di Ianzo",
        "type": "peak",
        "elevation": 2449,
        "sort_elevation": 2449,
        "website": "",
        "description": "",
        "osm_id": 2194230179
      },
      "geometry": {
        "type": "Point",
        "coordinates": [
          7.9468084,
          45.8020994
        ]
      }
    },
    {
      "type": "Feature",
      "properties": {
        "id": 2194230180,
        "name": "La Bruciata - Cima di Alzarella",
        "type": "peak",
        "elevation": 2418,
        "sort_elevation": 2418,
        "website": "",
        "description": "",
        "osm_id": 2194230180
      },
      "geometry": {
        "type": "Point",
        "coordinates": [
          7.9576923,
          45.8087816
        ]
      }
    },
    {
      "type": "Feature",
      "properties": {
        "id": 2194350981,
        "name": "Monte Palancà",
        "type": "peak",
        "elevation": 2685,
        "sort_elevation": 2685,
        "website": "",
        "description": "",
        "osm_id": 2194350981
      },
      "geometry": {
        "type": "Point",
        "coordinates": [
          7.9330295,
          45.7925872
        ]
      }
    },
    {
      "type": "Feature",
      "properties": {
        "id": 2195666377,
        "name": "Berretta del Vescovo",
        "type": "peak",
        "elevation": 2730,
        "sort_elevation": 2730,
        "website": "",
        "description": "",
        "osm_id": 2195666377
      },
      "geometry": {
        "type": "Point",
        "coordinates": [
          7.9305901,
          45.7558227
        ]
      }
    },
    {
      "type": "Feature",
      "properties": {
        "id": 2196135325,
        "name": "Rifugio Città di Mortara - Grande Halte",
        "type": "hut",
        "elevation": 1945,
        "sort_elevation": 1945,
        "website": "http://www.grandehalte.it/",
        "description": "",
        "osm_id": 2196135325
      },
      "geometry": {
        "type": "Point",
        "coordinates": [
          7.9094408,
          45.8639164
        ]
      }
    },
    {
      "type": "Feature",
      "properties": {
        "id": 2197544643,
        "name": "Punta Falinère",
        "type": "peak",
        "elevation": 2763,
        "sort_elevation": 2763,
        "website": "",
        "description": "",
        "osm_id": 2197544643
      },
      "geometry": {
        "type": "Point",
        "coordinates": [
          7.6579932,
          45.8515248
        ]
      }
    },
    {
      "type": "Feature",
      "properties": {
        "id": 2199956038,
        "name": "Punta Massarei",
        "type": "peak",
        "elevation": 2071,
        "sort_elevation": 2071,
        "website": "",
        "description": "",
        "osm_id": 2199956038
      },
      "geometry": {
        "type": "Point",
        "coordinates": [
          8.0372923,
          45.8320692
        ]
      }
    },
    {
      "type": "Feature",
      "properties": {
        "id": 2199956039,
        "name": "Punta dei Quattro Bricchi",
        "type": "peak",
        "elevation": 1968,
        "sort_elevation": 1968,
        "website": "",
        "description": "",
        "osm_id": 2199956039
      },
      "geometry": {
        "type": "Point",
        "coordinates": [
          8.0565198,
          45.809522
        ]
      }
    },
    {
      "type": "Feature",
      "properties": {
        "id": 2203558494,
        "name": "Cima Voccani",
        "type": "peak",
        "elevation": 1907,
        "sort_elevation": 1907,
        "website": "",
        "description": "",
        "osm_id": 2203558494
      },
      "geometry": {
        "type": "Point",
        "coordinates": [
          8.0650394,
          45.7936036
        ]
      }
    },
    {
      "type": "Feature",
      "properties": {
        "id": 2203558497,
        "name": "Monte Il Castello",
        "type": "peak",
        "elevation": 1796,
        "sort_elevation": 1796,
        "website": "",
        "description": "",
        "osm_id": 2203558497
      },
      "geometry": {
        "type": "Point",
        "coordinates": [
          8.0681284,
          45.7839191
        ]
      }
    },
    {
      "type": "Feature",
      "properties": {
        "id": 2204645906,
        "name": "La Cona",
        "type": "peak",
        "elevation": 2212,
        "sort_elevation": 2212,
        "website": "",
        "description": "",
        "osm_id": 2204645906
      },
      "geometry": {
        "type": "Point",
        "coordinates": [
          7.9842635,
          45.8059133
        ]
      }
    },
    {
      "type": "Feature",
      "properties": {
        "id": 2207935502,
        "name": "Punta Sivella",
        "type": "peak",
        "elevation": 2523,
        "sort_elevation": 2523,
        "website": "",
        "description": "",
        "osm_id": 2207935502
      },
      "geometry": {
        "type": "Point",
        "coordinates": [
          7.9678218,
          45.7835058
        ]
      }
    },
    {
      "type": "Feature",
      "properties": {
        "id": 2208744563,
        "name": "Frate della Meja",
        "type": "peak",
        "elevation": 2812,
        "sort_elevation": 2812,
        "website": "",
        "description": "",
        "osm_id": 2208744563
      },
      "geometry": {
        "type": "Point",
        "coordinates": [
          7.9238634,
          45.7589848
        ]
      }
    },
    {
      "type": "Feature",
      "properties": {
        "id": 2210501433,
        "name": "Grande Dent de Veisivi",
        "type": "peak",
        "elevation": 3418,
        "sort_elevation": 3418,
        "website": "",
        "description": "",
        "osm_id": 2210501433
      },
      "geometry": {
        "type": "Point",
        "coordinates": [
          7.5280058,
          46.0507891
        ]
      }
    },
    {
      "type": "Feature",
      "properties": {
        "id": 2210501434,
        "name": "Petite Dent de Veisivi",
        "type": "peak",
        "elevation": 3184,
        "sort_elevation": 3184,
        "website": "",
        "description": "",
        "osm_id": 2210501434
      },
      "geometry": {
        "type": "Point",
        "coordinates": [
          7.5182882,
          46.0580616
        ]
      }
    },
    {
      "type": "Feature",
      "properties": {
        "id": 2210501435,
        "name": "Pointe des Genevois",
        "type": "peak",
        "elevation": 3674,
        "sort_elevation": 3674,
        "website": "",
        "description": "",
        "osm_id": 2210501435
      },
      "geometry": {
        "type": "Point",
        "coordinates": [
          7.5259389,
          46.0371092
        ]
      }
    },
    {
      "type": "Feature",
      "properties": {
        "id": 2211830657,
        "name": "Punta Ventularo",
        "type": "peak",
        "elevation": 2495,
        "sort_elevation": 2495,
        "website": "",
        "description": "",
        "osm_id": 2211830657
      },
      "geometry": {
        "type": "Point",
        "coordinates": [
          7.9579887,
          45.7697271
        ]
      }
    },
    {
      "type": "Feature",
      "properties": {
        "id": 2214726606,
        "name": "Punta Sajunchè",
        "type": "peak",
        "elevation": 2344,
        "sort_elevation": 2344,
        "website": "",
        "description": "",
        "osm_id": 2214726606
      },
      "geometry": {
        "type": "Point",
        "coordinates": [
          8.030143,
          45.8386949
        ]
      }
    },
    {
      "type": "Feature",
      "properties": {
        "id": 2214726607,
        "name": "Punto Appoggio Alpe Cavaione",
        "type": "bivouac",
        "elevation": 1631,
        "sort_elevation": 1631,
        "website": "http://www.caivarallo.it/rifugi_cai_varallo/punto_appoggio_alpe_cavaione.php",
        "description": "",
        "osm_id": 2214726607
      },
      "geometry": {
        "type": "Point",
        "coordinates": [
          8.1160593,
          45.8742162
        ]
      }
    },
    {
      "type": "Feature",
      "properties": {
        "id": 2214894467,
        "name": "Cima dell'Artorto",
        "type": "peak",
        "elevation": 2343,
        "sort_elevation": 2343,
        "website": "",
        "description": "",
        "osm_id": 2214894467
      },
      "geometry": {
        "type": "Point",
        "coordinates": [
          7.9612681,
          45.732262
        ]
      }
    },
    {
      "type": "Feature",
      "properties": {
        "id": 2214894468,
        "name": "Monte Altorre",
        "type": "peak",
        "elevation": 2373,
        "sort_elevation": 2373,
        "website": "",
        "description": "",
        "osm_id": 2214894468
      },
      "geometry": {
        "type": "Point",
        "coordinates": [
          7.9503789,
          45.7318542
        ]
      }
    },
    {
      "type": "Feature",
      "properties": {
        "id": 2214930081,
        "name": "Cimaron della Piana",
        "type": "peak",
        "elevation": 2044,
        "sort_elevation": 2044,
        "website": "",
        "description": "",
        "osm_id": 2214930081
      },
      "geometry": {
        "type": "Point",
        "coordinates": [
          7.9824908,
          45.746767
        ]
      }
    },
    {
      "type": "Feature",
      "properties": {
        "id": 2216102181,
        "name": "Colma Colora",
        "type": "peak",
        "elevation": 2018,
        "sort_elevation": 2018,
        "website": "",
        "description": "",
        "osm_id": 2216102181
      },
      "geometry": {
        "type": "Point",
        "coordinates": [
          8.0232651,
          45.7419437
        ]
      }
    },
    {
      "type": "Feature",
      "properties": {
        "id": 2216102185,
        "name": "Monte Bo di Valsesia",
        "type": "peak",
        "elevation": 2071,
        "sort_elevation": 2071,
        "website": "",
        "description": "",
        "osm_id": 2216102185
      },
      "geometry": {
        "type": "Point",
        "coordinates": [
          8.0224785,
          45.7465765
        ]
      }
    },
    {
      "type": "Feature",
      "properties": {
        "id": 2216102186,
        "name": "Punta Scalaccia",
        "type": "peak",
        "elevation": 2029,
        "sort_elevation": 2029,
        "website": "",
        "description": "Punta della Bosa è il toponimo indicato dalla mappa Rabbini",
        "osm_id": 2216102186
      },
      "geometry": {
        "type": "Point",
        "coordinates": [
          8.0157776,
          45.7343782
        ]
      }
    },
    {
      "type": "Feature",
      "properties": {
        "id": 2216102187,
        "name": "Testone delle Tre Alpi",
        "type": "peak",
        "elevation": 2081,
        "sort_elevation": 2081,
        "website": "",
        "description": "",
        "osm_id": 2216102187
      },
      "geometry": {
        "type": "Point",
        "coordinates": [
          8.0220579,
          45.7379109
        ]
      }
    },
    {
      "type": "Feature",
      "properties": {
        "id": 2216204219,
        "name": "Punta Rusca",
        "type": "peak",
        "elevation": 2463,
        "sort_elevation": 2463,
        "website": "",
        "description": "",
        "osm_id": 2216204219
      },
      "geometry": {
        "type": "Point",
        "coordinates": [
          7.9865647,
          45.7212912
        ]
      }
    },
    {
      "type": "Feature",
      "properties": {
        "id": 2223044607,
        "name": "Rifugio Meggiana",
        "type": "hut",
        "elevation": 1560,
        "sort_elevation": 1560,
        "website": "",
        "description": "",
        "osm_id": 2223044607
      },
      "geometry": {
        "type": "Point",
        "coordinates": [
          8.0417386,
          45.7491258
        ]
      }
    },
    {
      "type": "Feature",
      "properties": {
        "id": 2229345069,
        "name": "Monte Camparient o Talamone",
        "type": "peak",
        "elevation": 1739,
        "sort_elevation": 1739,
        "website": "",
        "description": "",
        "osm_id": 2229345069
      },
      "geometry": {
        "type": "Point",
        "coordinates": [
          8.0867767,
          45.7383924
        ]
      }
    },
    {
      "type": "Feature",
      "properties": {
        "id": 2234907362,
        "name": "Monte Ventolaro",
        "type": "peak",
        "elevation": 1833,
        "sort_elevation": 1833,
        "website": "",
        "description": "",
        "osm_id": 2234907362
      },
      "geometry": {
        "type": "Point",
        "coordinates": [
          8.0770235,
          45.7956882
        ]
      }
    },
    {
      "type": "Feature",
      "properties": {
        "id": 2245285979,
        "name": "Colma Masset o di Gaggia",
        "type": "peak",
        "elevation": 1571,
        "sort_elevation": 1571,
        "website": "",
        "description": "",
        "osm_id": 2245285979
      },
      "geometry": {
        "type": "Point",
        "coordinates": [
          8.1004514,
          45.8102479
        ]
      }
    },
    {
      "type": "Feature",
      "properties": {
        "id": 2245285986,
        "name": "Punta della Terruggia",
        "type": "peak",
        "elevation": 1498,
        "sort_elevation": 1498,
        "website": "",
        "description": "",
        "osm_id": 2245285986
      },
      "geometry": {
        "type": "Point",
        "coordinates": [
          8.1070359,
          45.8146159
        ]
      }
    },
    {
      "type": "Feature",
      "properties": {
        "id": 2250384221,
        "name": "Sasso Molino",
        "type": "peak",
        "elevation": "N/D",
        "sort_elevation": 0,
        "website": "",
        "description": "",
        "osm_id": 2250384221
      },
      "geometry": {
        "type": "Point",
        "coordinates": [
          8.1359835,
          45.8199993
        ]
      }
    },
    {
      "type": "Feature",
      "properties": {
        "id": 2258334150,
        "name": "Cima Lampone",
        "type": "peak",
        "elevation": 2585,
        "sort_elevation": 2585,
        "website": "",
        "description": "",
        "osm_id": 2258334150
      },
      "geometry": {
        "type": "Point",
        "coordinates": [
          8.0249072,
          45.8933204
        ]
      }
    },
    {
      "type": "Feature",
      "properties": {
        "id": 2258334151,
        "name": "Monte Cervero",
        "type": "peak",
        "elevation": 2061,
        "sort_elevation": 2061,
        "website": "",
        "description": "",
        "osm_id": 2258334151
      },
      "geometry": {
        "type": "Point",
        "coordinates": [
          8.0453666,
          45.8758977
        ]
      }
    },
    {
      "type": "Feature",
      "properties": {
        "id": 2260157138,
        "name": "Cima dei Caretti",
        "type": "peak",
        "elevation": 2363,
        "sort_elevation": 2363,
        "website": "",
        "description": "",
        "osm_id": 2260157138
      },
      "geometry": {
        "type": "Point",
        "coordinates": [
          8.0038916,
          45.846973
        ]
      }
    },
    {
      "type": "Feature",
      "properties": {
        "id": 2260243080,
        "name": "Aula",
        "type": "peak",
        "elevation": 1416,
        "sort_elevation": 1416,
        "website": "",
        "description": "",
        "osm_id": 2260243080
      },
      "geometry": {
        "type": "Point",
        "coordinates": [
          8.6510687,
          46.1806526
        ]
      }
    },
    {
      "type": "Feature",
      "properties": {
        "id": 2264670171,
        "name": "Colma Bella",
        "type": "peak",
        "elevation": 2232,
        "sort_elevation": 2232,
        "website": "",
        "description": "",
        "osm_id": 2264670171
      },
      "geometry": {
        "type": "Point",
        "coordinates": [
          8.0346781,
          45.8797058
        ]
      }
    },
    {
      "type": "Feature",
      "properties": {
        "id": 2270368210,
        "name": "Rifugio La Baita",
        "type": "hut",
        "elevation": "N/D",
        "sort_elevation": 0,
        "website": "http://www.seccio.it/",
        "description": "",
        "osm_id": 2270368210
      },
      "geometry": {
        "type": "Point",
        "coordinates": [
          8.1066054,
          45.8539545
        ]
      }
    },
    {
      "type": "Feature",
      "properties": {
        "id": 2270369005,
        "name": "Massa dei Ratei",
        "type": "peak",
        "elevation": 1927,
        "sort_elevation": 1927,
        "website": "",
        "description": "",
        "osm_id": 2270369005
      },
      "geometry": {
        "type": "Point",
        "coordinates": [
          8.1290727,
          45.8601897
        ]
      }
    },
    {
      "type": "Feature",
      "properties": {
        "id": 2272647414,
        "name": "Monte Fumadiga",
        "type": "peak",
        "elevation": 2010,
        "sort_elevation": 2010,
        "website": "",
        "description": "",
        "osm_id": 2272647414
      },
      "geometry": {
        "type": "Point",
        "coordinates": [
          8.6603585,
          46.1227497
        ]
      }
    },
    {
      "type": "Feature",
      "properties": {
        "id": 2277996502,
        "name": "Il Cimone",
        "type": "peak",
        "elevation": 2453,
        "sort_elevation": 2453,
        "website": "",
        "description": "",
        "osm_id": 2277996502
      },
      "geometry": {
        "type": "Point",
        "coordinates": [
          8.0863836,
          45.9211692
        ]
      }
    },
    {
      "type": "Feature",
      "properties": {
        "id": 2281873903,
        "name": "Sacro Monte di Varallo",
        "type": "peak",
        "elevation": 612,
        "sort_elevation": 612,
        "website": "",
        "description": "",
        "osm_id": 2281873903
      },
      "geometry": {
        "type": "Point",
        "coordinates": [
          8.2557778,
          45.8188631
        ]
      }
    },
    {
      "type": "Feature",
      "properties": {
        "id": 2281886862,
        "name": "Sacro Monte di Domodossola",
        "type": "peak",
        "elevation": "N/D",
        "sort_elevation": 0,
        "website": "",
        "description": "",
        "osm_id": 2281886862
      },
      "geometry": {
        "type": "Point",
        "coordinates": [
          8.2889038,
          46.106274
        ]
      }
    },
    {
      "type": "Feature",
      "properties": {
        "id": 2285884778,
        "name": "Corno del Sole - cima Ovest",
        "type": "peak",
        "elevation": 2149,
        "sort_elevation": 2149,
        "website": "",
        "description": "",
        "osm_id": 2285884778
      },
      "geometry": {
        "type": "Point",
        "coordinates": [
          8.1620721,
          45.9377234
        ]
      }
    },
    {
      "type": "Feature",
      "properties": {
        "id": 2297066365,
        "name": "Anticima Monte Mucrone",
        "type": "peak",
        "elevation": 2148,
        "sort_elevation": 2148,
        "website": "",
        "description": "",
        "osm_id": 2297066365
      },
      "geometry": {
        "type": "Point",
        "coordinates": [
          7.9430249,
          45.6238503
        ]
      }
    },
    {
      "type": "Feature",
      "properties": {
        "id": 2304704014,
        "name": "Entdeckungsfelsen",
        "type": "peak",
        "elevation": 4178,
        "sort_elevation": 4178,
        "website": "",
        "description": "",
        "osm_id": 2304704014
      },
      "geometry": {
        "type": "Point",
        "coordinates": [
          7.8516775,
          45.9209919
        ]
      }
    },
    {
      "type": "Feature",
      "properties": {
        "id": 2304704033,
        "name": "Sattelkuppe",
        "type": "peak",
        "elevation": 4430,
        "sort_elevation": 4430,
        "website": "",
        "description": "",
        "osm_id": 2304704033
      },
      "geometry": {
        "type": "Point",
        "coordinates": [
          7.8289804,
          45.9254027
        ]
      }
    },
    {
      "type": "Feature",
      "properties": {
        "id": 2304704034,
        "name": "Naso del Liskamm",
        "type": "peak",
        "elevation": 4272,
        "sort_elevation": 4272,
        "website": "",
        "description": "",
        "osm_id": 2304704034
      },
      "geometry": {
        "type": "Point",
        "coordinates": [
          7.8350674,
          45.9167093
        ]
      }
    },
    {
      "type": "Feature",
      "properties": {
        "id": 2306223539,
        "name": "Cima di Ventolaro",
        "type": "peak",
        "elevation": "N/D",
        "sort_elevation": 0,
        "website": "",
        "description": "",
        "osm_id": 2306223539
      },
      "geometry": {
        "type": "Point",
        "coordinates": [
          8.2639752,
          45.8835017
        ]
      }
    },
    {
      "type": "Feature",
      "properties": {
        "id": 2307516918,
        "name": "Monte La Mazza",
        "type": "peak",
        "elevation": 1816,
        "sort_elevation": 1816,
        "website": "",
        "description": "",
        "osm_id": 2307516918
      },
      "geometry": {
        "type": "Point",
        "coordinates": [
          8.2878739,
          45.8896268
        ]
      }
    },
    {
      "type": "Feature",
      "properties": {
        "id": 2314206032,
        "name": "Cima Castello",
        "type": "peak",
        "elevation": 1985,
        "sort_elevation": 1985,
        "website": "",
        "description": "",
        "osm_id": 2314206032
      },
      "geometry": {
        "type": "Point",
        "coordinates": [
          8.0877716,
          45.8608924
        ]
      }
    },
    {
      "type": "Feature",
      "properties": {
        "id": 2315131075,
        "name": "Le Tre Croci",
        "type": "peak",
        "elevation": 919,
        "sort_elevation": 919,
        "website": "",
        "description": "",
        "osm_id": 2315131075
      },
      "geometry": {
        "type": "Point",
        "coordinates": [
          8.2654448,
          45.823584
        ]
      }
    },
    {
      "type": "Feature",
      "properties": {
        "id": 2316977914,
        "name": "Sex de Marinda",
        "type": "peak",
        "elevation": 2906,
        "sort_elevation": 2906,
        "website": "",
        "description": "",
        "osm_id": 2316977914
      },
      "geometry": {
        "type": "Point",
        "coordinates": [
          7.5514476,
          46.1497242
        ]
      }
    },
    {
      "type": "Feature",
      "properties": {
        "id": 2325749191,
        "name": "Monte Scincina",
        "type": "peak",
        "elevation": 837,
        "sort_elevation": 837,
        "website": "",
        "description": "",
        "osm_id": 2325749191
      },
      "geometry": {
        "type": "Point",
        "coordinates": [
          8.501687,
          45.8530613
        ]
      }
    },
    {
      "type": "Feature",
      "properties": {
        "id": 2325761749,
        "name": "Motta Inva",
        "type": "peak",
        "elevation": 815,
        "sort_elevation": 815,
        "website": "",
        "description": "",
        "osm_id": 2325761749
      },
      "geometry": {
        "type": "Point",
        "coordinates": [
          8.4913396,
          45.8406721
        ]
      }
    },
    {
      "type": "Feature",
      "properties": {
        "id": 2330928451,
        "name": "Cima d'Ometto",
        "type": "peak",
        "elevation": 1912,
        "sort_elevation": 1912,
        "website": "",
        "description": "",
        "osm_id": 2330928451
      },
      "geometry": {
        "type": "Point",
        "coordinates": [
          8.0594536,
          45.7406373
        ]
      }
    },
    {
      "type": "Feature",
      "properties": {
        "id": 2331650101,
        "name": "Monte Bimella",
        "type": "peak",
        "elevation": 1722,
        "sort_elevation": 1722,
        "website": "",
        "description": "",
        "osm_id": 2331650101
      },
      "geometry": {
        "type": "Point",
        "coordinates": [
          8.0722047,
          45.736833
        ]
      }
    },
    {
      "type": "Feature",
      "properties": {
        "id": 2340543332,
        "name": "Monte Carrue",
        "type": "peak",
        "elevation": 981,
        "sort_elevation": 981,
        "website": "",
        "description": "",
        "osm_id": 2340543332
      },
      "geometry": {
        "type": "Point",
        "coordinates": [
          8.294287,
          45.7935933
        ]
      }
    },
    {
      "type": "Feature",
      "properties": {
        "id": 2350030617,
        "name": "Punta della Vecchia",
        "type": "peak",
        "elevation": 2387,
        "sort_elevation": 2387,
        "website": "",
        "description": "",
        "osm_id": 2350030617
      },
      "geometry": {
        "type": "Point",
        "coordinates": [
          7.9064981,
          45.6911864
        ]
      }
    },
    {
      "type": "Feature",
      "properties": {
        "id": 2350030629,
        "name": "Monte Pietra Bianca",
        "type": "peak",
        "elevation": 2491,
        "sort_elevation": 2491,
        "website": "",
        "description": "",
        "osm_id": 2350030629
      },
      "geometry": {
        "type": "Point",
        "coordinates": [
          7.9110302,
          45.6704461
        ]
      }
    },
    {
      "type": "Feature",
      "properties": {
        "id": 2392812998,
        "name": "Monte Debat",
        "type": "peak",
        "elevation": 2623,
        "sort_elevation": 2623,
        "website": "",
        "description": "",
        "osm_id": 2392812998
      },
      "geometry": {
        "type": "Point",
        "coordinates": [
          7.6883008,
          45.557469
        ]
      }
    },
    {
      "type": "Feature",
      "properties": {
        "id": 2392812999,
        "name": "Monte Vailet",
        "type": "peak",
        "elevation": 2613,
        "sort_elevation": 2613,
        "website": "",
        "description": "",
        "osm_id": 2392812999
      },
      "geometry": {
        "type": "Point",
        "coordinates": [
          7.6943766,
          45.55628
        ]
      }
    },
    {
      "type": "Feature",
      "properties": {
        "id": 2392813000,
        "name": "Punta Dondogna",
        "type": "peak",
        "elevation": 2550,
        "sort_elevation": 2550,
        "website": "",
        "description": "",
        "osm_id": 2392813000
      },
      "geometry": {
        "type": "Point",
        "coordinates": [
          7.6663281,
          45.557275
        ]
      }
    },
    {
      "type": "Feature",
      "properties": {
        "id": 2392888390,
        "name": "Il Monte di Dissimo",
        "type": "peak",
        "elevation": 1162,
        "sort_elevation": 1162,
        "website": "",
        "description": "",
        "osm_id": 2392888390
      },
      "geometry": {
        "type": "Point",
        "coordinates": [
          8.5661066,
          46.1474053
        ]
      }
    },
    {
      "type": "Feature",
      "properties": {
        "id": 2397721795,
        "name": "Punta Turiggia",
        "type": "peak",
        "elevation": 2811,
        "sort_elevation": 2811,
        "website": "",
        "description": "",
        "osm_id": 2397721795
      },
      "geometry": {
        "type": "Point",
        "coordinates": [
          8.0619109,
          46.0663088
        ]
      }
    },
    {
      "type": "Feature",
      "properties": {
        "id": 2414426628,
        "name": "Rifugio Alpe Colma",
        "type": "hut",
        "elevation": 1570,
        "sort_elevation": 1570,
        "website": "http://www.caivilladossola.it/catasto/rifugi.htm?A",
        "description": "",
        "osm_id": 2414426628
      },
      "geometry": {
        "type": "Point",
        "coordinates": [
          8.1932678,
          46.0342128
        ]
      }
    },
    {
      "type": "Feature",
      "properties": {
        "id": 2416061973,
        "name": "Corno Bianco",
        "type": "peak",
        "elevation": 3320,
        "sort_elevation": 3320,
        "website": "",
        "description": "",
        "osm_id": 2416061973
      },
      "geometry": {
        "type": "Point",
        "coordinates": [
          7.878678,
          45.8225522
        ]
      }
    },
    {
      "type": "Feature",
      "properties": {
        "id": 2417754544,
        "name": "Mont Dolin",
        "type": "peak",
        "elevation": 2974,
        "sort_elevation": 2974,
        "website": "",
        "description": "",
        "osm_id": 2417754544
      },
      "geometry": {
        "type": "Point",
        "coordinates": [
          7.4543482,
          46.02568
        ]
      }
    },
    {
      "type": "Feature",
      "properties": {
        "id": 2428041759,
        "name": "Cimone di Camposecco",
        "type": "peak",
        "elevation": 3398,
        "sort_elevation": 3398,
        "website": "",
        "description": "",
        "osm_id": 2428041759
      },
      "geometry": {
        "type": "Point",
        "coordinates": [
          8.0239109,
          46.0677542
        ]
      }
    },
    {
      "type": "Feature",
      "properties": {
        "id": 2428041762,
        "name": "Latelhorn / Punta di Saas",
        "type": "peak",
        "elevation": 3204,
        "sort_elevation": 3204,
        "website": "",
        "description": "",
        "osm_id": 2428041762
      },
      "geometry": {
        "type": "Point",
        "coordinates": [
          8.0347806,
          46.0444712
        ]
      }
    },
    {
      "type": "Feature",
      "properties": {
        "id": 2428043437,
        "name": "Punta della Rossa",
        "type": "peak",
        "elevation": 2911,
        "sort_elevation": 2911,
        "website": "",
        "description": "",
        "osm_id": 2428043437
      },
      "geometry": {
        "type": "Point",
        "coordinates": [
          8.0460352,
          46.038932
        ]
      }
    },
    {
      "type": "Feature",
      "properties": {
        "id": 2428059439,
        "name": "Cima di Pozzuoli",
        "type": "peak",
        "elevation": 2701,
        "sort_elevation": 2701,
        "website": "",
        "description": "",
        "osm_id": 2428059439
      },
      "geometry": {
        "type": "Point",
        "coordinates": [
          8.0737861,
          46.0695581
        ]
      }
    },
    {
      "type": "Feature",
      "properties": {
        "id": 2428062584,
        "name": "Il Segnale",
        "type": "peak",
        "elevation": 2545,
        "sort_elevation": 2545,
        "website": "",
        "description": "",
        "osm_id": 2428062584
      },
      "geometry": {
        "type": "Point",
        "coordinates": [
          8.0849727,
          46.0768344
        ]
      }
    },
    {
      "type": "Feature",
      "properties": {
        "id": 2428062613,
        "name": "Cime di Pozzuoli",
        "type": "peak",
        "elevation": 2602,
        "sort_elevation": 2602,
        "website": "",
        "description": "",
        "osm_id": 2428062613
      },
      "geometry": {
        "type": "Point",
        "coordinates": [
          8.0758593,
          46.0746846
        ]
      }
    },
    {
      "type": "Feature",
      "properties": {
        "id": 2428071842,
        "name": "Cima dello Spigolo",
        "type": "peak",
        "elevation": 3361,
        "sort_elevation": 3361,
        "website": "",
        "description": "",
        "osm_id": 2428071842
      },
      "geometry": {
        "type": "Point",
        "coordinates": [
          8.0236805,
          46.063608
        ]
      }
    },
    {
      "type": "Feature",
      "properties": {
        "id": 2428108371,
        "name": "Punta Giavin",
        "type": "peak",
        "elevation": 2973,
        "sort_elevation": 2973,
        "website": "",
        "description": "",
        "osm_id": 2428108371
      },
      "geometry": {
        "type": "Point",
        "coordinates": [
          8.0221419,
          46.0076905
        ]
      }
    },
    {
      "type": "Feature",
      "properties": {
        "id": 2428108372,
        "name": "Punta Laugera",
        "type": "peak",
        "elevation": 2995,
        "sort_elevation": 2995,
        "website": "",
        "description": "",
        "osm_id": 2428108372
      },
      "geometry": {
        "type": "Point",
        "coordinates": [
          8.0323028,
          46.0029333
        ]
      }
    },
    {
      "type": "Feature",
      "properties": {
        "id": 2428108373,
        "name": "Pizzo Lamè",
        "type": "peak",
        "elevation": 2794,
        "sort_elevation": 2794,
        "website": "",
        "description": "",
        "osm_id": 2428108373
      },
      "geometry": {
        "type": "Point",
        "coordinates": [
          8.0591896,
          46.0027386
        ]
      }
    },
    {
      "type": "Feature",
      "properties": {
        "id": 2428108374,
        "name": "Pizzo San Martino",
        "type": "peak",
        "elevation": 2733,
        "sort_elevation": 2733,
        "website": "",
        "description": "",
        "osm_id": 2428108374
      },
      "geometry": {
        "type": "Point",
        "coordinates": [
          8.0907583,
          46.0126621
        ]
      }
    },
    {
      "type": "Feature",
      "properties": {
        "id": 2428121710,
        "name": "Pizzo Lamè",
        "type": "peak",
        "elevation": 2470,
        "sort_elevation": 2470,
        "website": "",
        "description": "",
        "osm_id": 2428121710
      },
      "geometry": {
        "type": "Point",
        "coordinates": [
          8.0833632,
          46.0033018
        ]
      }
    },
    {
      "type": "Feature",
      "properties": {
        "id": 2428121713,
        "name": "Pizzo Torrigia",
        "type": "peak",
        "elevation": 2535,
        "sort_elevation": 2535,
        "website": "",
        "description": "",
        "osm_id": 2428121713
      },
      "geometry": {
        "type": "Point",
        "coordinates": [
          8.0965386,
          46.0044298
        ]
      }
    },
    {
      "type": "Feature",
      "properties": {
        "id": 2428306726,
        "name": "Pizzo del Fornalino",
        "type": "peak",
        "elevation": 2562,
        "sort_elevation": 2562,
        "website": "",
        "description": "",
        "osm_id": 2428306726
      },
      "geometry": {
        "type": "Point",
        "coordinates": [
          8.1433316,
          46.0956007
        ]
      }
    },
    {
      "type": "Feature",
      "properties": {
        "id": 2429104196,
        "name": "Cima Verosso",
        "type": "peak",
        "elevation": 2444,
        "sort_elevation": 2444,
        "website": "",
        "description": "",
        "osm_id": 2429104196
      },
      "geometry": {
        "type": "Point",
        "coordinates": [
          8.1563707,
          46.1469812
        ]
      }
    },
    {
      "type": "Feature",
      "properties": {
        "id": 2431050891,
        "name": "Il Badile",
        "type": "peak",
        "elevation": 1922,
        "sort_elevation": 1922,
        "website": "",
        "description": "",
        "osm_id": 2431050891
      },
      "geometry": {
        "type": "Point",
        "coordinates": [
          8.140798,
          45.7588658
        ]
      }
    },
    {
      "type": "Feature",
      "properties": {
        "id": 2431091975,
        "name": "Cima Massero",
        "type": "peak",
        "elevation": 1696,
        "sort_elevation": 1696,
        "website": "",
        "description": "",
        "osm_id": 2431091975
      },
      "geometry": {
        "type": "Point",
        "coordinates": [
          8.0980639,
          45.8506188
        ]
      }
    },
    {
      "type": "Feature",
      "properties": {
        "id": 2434442671,
        "name": "Monte Conge",
        "type": "peak",
        "elevation": 723,
        "sort_elevation": 723,
        "website": "",
        "description": "",
        "osm_id": 2434442671
      },
      "geometry": {
        "type": "Point",
        "coordinates": [
          7.690144,
          45.6730627
        ]
      }
    },
    {
      "type": "Feature",
      "properties": {
        "id": 2435092612,
        "name": "Punta Lioy",
        "type": "peak",
        "elevation": 3816,
        "sort_elevation": 3816,
        "website": "",
        "description": "",
        "osm_id": 2435092612
      },
      "geometry": {
        "type": "Point",
        "coordinates": [
          7.59891,
          45.946942
        ]
      }
    },
    {
      "type": "Feature",
      "properties": {
        "id": 2437491757,
        "name": "Corno del Camoscio",
        "type": "peak",
        "elevation": 3024,
        "sort_elevation": 3024,
        "website": "",
        "description": "",
        "osm_id": 2437491757
      },
      "geometry": {
        "type": "Point",
        "coordinates": [
          7.8677611,
          45.8731073
        ]
      }
    },
    {
      "type": "Feature",
      "properties": {
        "id": 2444540295,
        "name": "Bivacco Valentino Belloni",
        "type": "bivouac",
        "elevation": 2490,
        "sort_elevation": 2490,
        "website": "https://www.caigallarate.it/Rifugi-e-Bivacchi/Bivacco-Belloni-Valentino",
        "description": "",
        "osm_id": 2444540295
      },
      "geometry": {
        "type": "Point",
        "coordinates": [
          7.8994861,
          45.9631231
        ]
      }
    },
    {
      "type": "Feature",
      "properties": {
        "id": 2445421379,
        "name": "Pizzo Nero",
        "type": "peak",
        "elevation": 2738,
        "sort_elevation": 2738,
        "website": "",
        "description": "",
        "osm_id": 2445421379
      },
      "geometry": {
        "type": "Point",
        "coordinates": [
          7.9544984,
          45.9475748
        ]
      }
    },
    {
      "type": "Feature",
      "properties": {
        "id": 2447841046,
        "name": "Corno di Faller",
        "type": "peak",
        "elevation": 3128,
        "sort_elevation": 3128,
        "website": "",
        "description": "",
        "osm_id": 2447841046
      },
      "geometry": {
        "type": "Point",
        "coordinates": [
          7.942785,
          45.9068177
        ]
      }
    },
    {
      "type": "Feature",
      "properties": {
        "id": 2447841055,
        "name": "Punta Calderini",
        "type": "peak",
        "elevation": 3145,
        "sort_elevation": 3145,
        "website": "",
        "description": "",
        "osm_id": 2447841055
      },
      "geometry": {
        "type": "Point",
        "coordinates": [
          7.9413107,
          45.9096897
        ]
      }
    },
    {
      "type": "Feature",
      "properties": {
        "id": 2447841064,
        "name": "Punta Rizzetti",
        "type": "peak",
        "elevation": 3196,
        "sort_elevation": 3196,
        "website": "",
        "description": "",
        "osm_id": 2447841064
      },
      "geometry": {
        "type": "Point",
        "coordinates": [
          7.9386878,
          45.9122473
        ]
      }
    },
    {
      "type": "Feature",
      "properties": {
        "id": 2448116389,
        "name": "Piccolo Altare",
        "type": "peak",
        "elevation": 2627,
        "sort_elevation": 2627,
        "website": "",
        "description": "",
        "osm_id": 2448116389
      },
      "geometry": {
        "type": "Point",
        "coordinates": [
          7.9700939,
          45.9031902
        ]
      }
    },
    {
      "type": "Feature",
      "properties": {
        "id": 2448222001,
        "name": "Bivacco Amici della Val Moriana",
        "type": "bivouac",
        "elevation": 1795,
        "sort_elevation": 1795,
        "website": "http://www.caimacugnaga.org/rifugi/31-amici-della-valle-moriana.html",
        "description": "",
        "osm_id": 2448222001
      },
      "geometry": {
        "type": "Point",
        "coordinates": [
          8.0261089,
          45.9423161
        ]
      }
    },
    {
      "type": "Feature",
      "properties": {
        "id": 2448222006,
        "name": "Palone del Badile",
        "type": "peak",
        "elevation": 2675,
        "sort_elevation": 2675,
        "website": "",
        "description": "",
        "osm_id": 2448222006
      },
      "geometry": {
        "type": "Point",
        "coordinates": [
          8.0149183,
          45.9293731
        ]
      }
    },
    {
      "type": "Feature",
      "properties": {
        "id": 2448222010,
        "name": "Pizzo dei Vittini",
        "type": "peak",
        "elevation": 2454,
        "sort_elevation": 2454,
        "website": "",
        "description": "",
        "osm_id": 2448222010
      },
      "geometry": {
        "type": "Point",
        "coordinates": [
          8.0083023,
          45.9397777
        ]
      }
    },
    {
      "type": "Feature",
      "properties": {
        "id": 2448222014,
        "name": "Pizzo del Camino",
        "type": "peak",
        "elevation": 2006,
        "sort_elevation": 2006,
        "website": "",
        "description": "",
        "osm_id": 2448222014
      },
      "geometry": {
        "type": "Point",
        "coordinates": [
          8.0105147,
          45.948735
        ]
      }
    },
    {
      "type": "Feature",
      "properties": {
        "id": 2455053912,
        "name": "Monte Roncastello",
        "type": "peak",
        "elevation": 2401,
        "sort_elevation": 2401,
        "website": "",
        "description": "",
        "osm_id": 2455053912
      },
      "geometry": {
        "type": "Point",
        "coordinates": [
          8.07409,
          45.9413241
        ]
      }
    },
    {
      "type": "Feature",
      "properties": {
        "id": 2455053913,
        "name": "Pizzo Tignaga",
        "type": "peak",
        "elevation": 2652,
        "sort_elevation": 2652,
        "website": "",
        "description": "",
        "osm_id": 2455053913
      },
      "geometry": {
        "type": "Point",
        "coordinates": [
          8.0650766,
          45.9354076
        ]
      }
    },
    {
      "type": "Feature",
      "properties": {
        "id": 2455053914,
        "name": "Pizzo della Moriana",
        "type": "peak",
        "elevation": 2631,
        "sort_elevation": 2631,
        "website": "",
        "description": "",
        "osm_id": 2455053914
      },
      "geometry": {
        "type": "Point",
        "coordinates": [
          8.0443156,
          45.9364256
        ]
      }
    },
    {
      "type": "Feature",
      "properties": {
        "id": 2455680811,
        "name": "Cima Passet",
        "type": "peak",
        "elevation": 2283,
        "sort_elevation": 2283,
        "website": "",
        "description": "",
        "osm_id": 2455680811
      },
      "geometry": {
        "type": "Point",
        "coordinates": [
          8.0832831,
          45.9478533
        ]
      }
    },
    {
      "type": "Feature",
      "properties": {
        "id": 2464991271,
        "name": "Quota 1731",
        "type": "peak",
        "elevation": 1731,
        "sort_elevation": 1731,
        "website": "",
        "description": "",
        "osm_id": 2464991271
      },
      "geometry": {
        "type": "Point",
        "coordinates": [
          8.1268146,
          46.0035102
        ]
      }
    },
    {
      "type": "Feature",
      "properties": {
        "id": 2472066388,
        "name": "Monte Faroma",
        "type": "peak",
        "elevation": 3073,
        "sort_elevation": 3073,
        "website": "",
        "description": "",
        "osm_id": 2472066388
      },
      "geometry": {
        "type": "Point",
        "coordinates": [
          7.4472812,
          45.8193807
        ]
      }
    },
    {
      "type": "Feature",
      "properties": {
        "id": 2473533762,
        "name": "Cima dei Turni",
        "type": "peak",
        "elevation": 2110,
        "sort_elevation": 2110,
        "website": "",
        "description": "",
        "osm_id": 2473533762
      },
      "geometry": {
        "type": "Point",
        "coordinates": [
          8.0975699,
          45.9371744
        ]
      }
    },
    {
      "type": "Feature",
      "properties": {
        "id": 2477800007,
        "name": "Cima Cresta",
        "type": "peak",
        "elevation": 2324,
        "sort_elevation": 2324,
        "website": "",
        "description": "",
        "osm_id": 2477800007
      },
      "geometry": {
        "type": "Point",
        "coordinates": [
          8.183061,
          45.950494
        ]
      }
    },
    {
      "type": "Feature",
      "properties": {
        "id": 2477800008,
        "name": "Monte Mora",
        "type": "peak",
        "elevation": 2313,
        "sort_elevation": 2313,
        "website": "",
        "description": "",
        "osm_id": 2477800008
      },
      "geometry": {
        "type": "Point",
        "coordinates": [
          8.1918458,
          45.9508391
        ]
      }
    },
    {
      "type": "Feature",
      "properties": {
        "id": 2478837856,
        "name": "Pizzetto",
        "type": "peak",
        "elevation": 1879,
        "sort_elevation": 1879,
        "website": "",
        "description": "",
        "osm_id": 2478837856
      },
      "geometry": {
        "type": "Point",
        "coordinates": [
          8.1093927,
          45.9546326
        ]
      }
    },
    {
      "type": "Feature",
      "properties": {
        "id": 2480025772,
        "name": "Croce del Cavallo",
        "type": "peak",
        "elevation": 1904,
        "sort_elevation": 1904,
        "website": "",
        "description": "",
        "osm_id": 2480025772
      },
      "geometry": {
        "type": "Point",
        "coordinates": [
          8.1610228,
          46.0242908
        ]
      }
    },
    {
      "type": "Feature",
      "properties": {
        "id": 2489695498,
        "name": "Cima dell'Ovac",
        "type": "peak",
        "elevation": 1850,
        "sort_elevation": 1850,
        "website": "",
        "description": "",
        "osm_id": 2489695498
      },
      "geometry": {
        "type": "Point",
        "coordinates": [
          8.1847291,
          45.985522
        ]
      }
    },
    {
      "type": "Feature",
      "properties": {
        "id": 2493482414,
        "name": "Corno di Mud",
        "type": "peak",
        "elevation": 2802,
        "sort_elevation": 2802,
        "website": "",
        "description": "",
        "osm_id": 2493482414
      },
      "geometry": {
        "type": "Point",
        "coordinates": [
          7.9632221,
          45.8843114
        ]
      }
    },
    {
      "type": "Feature",
      "properties": {
        "id": 2494095699,
        "name": "L'Omo",
        "type": "peak",
        "elevation": 1243,
        "sort_elevation": 1243,
        "website": "",
        "description": "",
        "osm_id": 2494095699
      },
      "geometry": {
        "type": "Point",
        "coordinates": [
          8.435259,
          45.8764708
        ]
      }
    },
    {
      "type": "Feature",
      "properties": {
        "id": 2495076998,
        "name": "Monte Mazzarone",
        "type": "peak",
        "elevation": 1146,
        "sort_elevation": 1146,
        "website": "",
        "description": "",
        "osm_id": 2495076998
      },
      "geometry": {
        "type": "Point",
        "coordinates": [
          8.4486391,
          45.853965
        ]
      }
    },
    {
      "type": "Feature",
      "properties": {
        "id": 2498512258,
        "name": "Croce di Propiano",
        "type": "peak",
        "elevation": 1129,
        "sort_elevation": 1129,
        "website": "",
        "description": "",
        "osm_id": 2498512258
      },
      "geometry": {
        "type": "Point",
        "coordinates": [
          8.244725,
          46.0303802
        ]
      }
    },
    {
      "type": "Feature",
      "properties": {
        "id": 2504277363,
        "name": "Monte Cerano",
        "type": "peak",
        "elevation": 1701,
        "sort_elevation": 1701,
        "website": "",
        "description": "",
        "osm_id": 2504277363
      },
      "geometry": {
        "type": "Point",
        "coordinates": [
          8.3856453,
          45.9330798
        ]
      }
    },
    {
      "type": "Feature",
      "properties": {
        "id": 2504277371,
        "name": "Monte Zuccaro",
        "type": "peak",
        "elevation": 1338,
        "sort_elevation": 1338,
        "website": "",
        "description": "",
        "osm_id": 2504277371
      },
      "geometry": {
        "type": "Point",
        "coordinates": [
          8.3815065,
          45.9140868
        ]
      }
    },
    {
      "type": "Feature",
      "properties": {
        "id": 2504277378,
        "name": "Poggio Croce",
        "type": "peak",
        "elevation": 1759,
        "sort_elevation": 1759,
        "website": "",
        "description": "",
        "osm_id": 2504277378
      },
      "geometry": {
        "type": "Point",
        "coordinates": [
          8.3764682,
          45.9349365
        ]
      }
    },
    {
      "type": "Feature",
      "properties": {
        "id": 2521848967,
        "name": "Kanzilti",
        "type": "peak",
        "elevation": 3308,
        "sort_elevation": 3308,
        "website": "",
        "description": "",
        "osm_id": 2521848967
      },
      "geometry": {
        "type": "Point",
        "coordinates": [
          8.0029965,
          46.0801918
        ]
      }
    },
    {
      "type": "Feature",
      "properties": {
        "id": 2521848973,
        "name": "Plattenhorn",
        "type": "peak",
        "elevation": 3324,
        "sort_elevation": 3324,
        "website": "",
        "description": "",
        "osm_id": 2521848973
      },
      "geometry": {
        "type": "Point",
        "coordinates": [
          8.0074982,
          46.0808948
        ]
      }
    },
    {
      "type": "Feature",
      "properties": {
        "id": 2530302457,
        "name": "Irgilihorn",
        "type": "peak",
        "elevation": 2461,
        "sort_elevation": 2461,
        "website": "",
        "description": "",
        "osm_id": 2530302457
      },
      "geometry": {
        "type": "Point",
        "coordinates": [
          8.127237,
          46.1462824
        ]
      }
    },
    {
      "type": "Feature",
      "properties": {
        "id": 2530302468,
        "name": "Tschawinerhorn",
        "type": "peak",
        "elevation": 2496,
        "sort_elevation": 2496,
        "website": "",
        "description": "",
        "osm_id": 2530302468
      },
      "geometry": {
        "type": "Point",
        "coordinates": [
          8.1361709,
          46.141281
        ]
      }
    },
    {
      "type": "Feature",
      "properties": {
        "id": 2531749348,
        "name": "Balmahorn",
        "type": "peak",
        "elevation": 2870,
        "sort_elevation": 2870,
        "website": "",
        "description": "",
        "osm_id": 2531749348
      },
      "geometry": {
        "type": "Point",
        "coordinates": [
          8.0759258,
          46.1378408
        ]
      }
    },
    {
      "type": "Feature",
      "properties": {
        "id": 2531749359,
        "name": "Furmulegrat",
        "type": "peak",
        "elevation": 2472,
        "sort_elevation": 2472,
        "website": "",
        "description": "",
        "osm_id": 2531749359
      },
      "geometry": {
        "type": "Point",
        "coordinates": [
          8.0851745,
          46.1569467
        ]
      }
    },
    {
      "type": "Feature",
      "properties": {
        "id": 2531749362,
        "name": "Galihorn",
        "type": "peak",
        "elevation": 2577,
        "sort_elevation": 2577,
        "website": "",
        "description": "",
        "osm_id": 2531749362
      },
      "geometry": {
        "type": "Point",
        "coordinates": [
          8.0867282,
          46.1483227
        ]
      }
    },
    {
      "type": "Feature",
      "properties": {
        "id": 2531749368,
        "name": "Grauhorn",
        "type": "peak",
        "elevation": 2637,
        "sort_elevation": 2637,
        "website": "",
        "description": "",
        "osm_id": 2531749368
      },
      "geometry": {
        "type": "Point",
        "coordinates": [
          8.0617724,
          46.1450873
        ]
      }
    },
    {
      "type": "Feature",
      "properties": {
        "id": 2531749375,
        "name": "Guggilihorn",
        "type": "peak",
        "elevation": 2351,
        "sort_elevation": 2351,
        "website": "",
        "description": "",
        "osm_id": 2531749375
      },
      "geometry": {
        "type": "Point",
        "coordinates": [
          8.0882428,
          46.1649819
        ]
      }
    },
    {
      "type": "Feature",
      "properties": {
        "id": 2531749378,
        "name": "Muttetosse",
        "type": "peak",
        "elevation": 2590,
        "sort_elevation": 2590,
        "website": "",
        "description": "",
        "osm_id": 2531749378
      },
      "geometry": {
        "type": "Point",
        "coordinates": [
          8.055339,
          46.1367855
        ]
      }
    },
    {
      "type": "Feature",
      "properties": {
        "id": 2531749389,
        "name": "Pizzo Cardo",
        "type": "peak",
        "elevation": 2451,
        "sort_elevation": 2451,
        "website": "",
        "description": "",
        "osm_id": 2531749389
      },
      "geometry": {
        "type": "Point",
        "coordinates": [
          8.1467185,
          46.0913744
        ]
      }
    },
    {
      "type": "Feature",
      "properties": {
        "id": 2531749427,
        "name": "Punta della Forcoletta",
        "type": "peak",
        "elevation": 2135,
        "sort_elevation": 2135,
        "website": "",
        "description": "",
        "osm_id": 2531749427
      },
      "geometry": {
        "type": "Point",
        "coordinates": [
          8.1506427,
          46.1052325
        ]
      }
    },
    {
      "type": "Feature",
      "properties": {
        "id": 2531749428,
        "name": "Testa dei Rossi",
        "type": "peak",
        "elevation": 2026,
        "sort_elevation": 2026,
        "website": "",
        "description": "",
        "osm_id": 2531749428
      },
      "geometry": {
        "type": "Point",
        "coordinates": [
          8.1855555,
          46.0717023
        ]
      }
    },
    {
      "type": "Feature",
      "properties": {
        "id": 2531749429,
        "name": "Tschuggmatthorn",
        "type": "peak",
        "elevation": 2313,
        "sort_elevation": 2313,
        "website": "",
        "description": "",
        "osm_id": 2531749429
      },
      "geometry": {
        "type": "Point",
        "coordinates": [
          8.0894198,
          46.17147
        ]
      }
    },
    {
      "type": "Feature",
      "properties": {
        "id": 2531749431,
        "name": "Zibelenfluehorn",
        "type": "peak",
        "elevation": 2985,
        "sort_elevation": 2985,
        "website": "",
        "description": "",
        "osm_id": 2531749431
      },
      "geometry": {
        "type": "Point",
        "coordinates": [
          8.0602394,
          46.1241374
        ]
      }
    },
    {
      "type": "Feature",
      "properties": {
        "id": 2533998522,
        "name": "Galmenhorn",
        "type": "peak",
        "elevation": 2846,
        "sort_elevation": 2846,
        "website": "",
        "description": "",
        "osm_id": 2533998522
      },
      "geometry": {
        "type": "Point",
        "coordinates": [
          7.9820194,
          46.0210438
        ]
      }
    },
    {
      "type": "Feature",
      "properties": {
        "id": 2533998523,
        "name": "Latelhorn Italienergipfel",
        "type": "peak",
        "elevation": 3197,
        "sort_elevation": 3197,
        "website": "",
        "description": "",
        "osm_id": 2533998523
      },
      "geometry": {
        "type": "Point",
        "coordinates": [
          8.0353504,
          46.0440239
        ]
      }
    },
    {
      "type": "Feature",
      "properties": {
        "id": 2533998760,
        "name": "Punta San Pietro",
        "type": "peak",
        "elevation": 2905,
        "sort_elevation": 2905,
        "website": "",
        "description": "",
        "osm_id": 2533998760
      },
      "geometry": {
        "type": "Point",
        "coordinates": [
          7.9828123,
          45.9945205
        ]
      }
    },
    {
      "type": "Feature",
      "properties": {
        "id": 2534664962,
        "name": "Bodmerhorn",
        "type": "peak",
        "elevation": 2335,
        "sort_elevation": 2335,
        "website": "",
        "description": "",
        "osm_id": 2534664962
      },
      "geometry": {
        "type": "Point",
        "coordinates": [
          8.0378083,
          46.1898816
        ]
      }
    },
    {
      "type": "Feature",
      "properties": {
        "id": 2534664966,
        "name": "Inner Rothorn",
        "type": "peak",
        "elevation": 3455,
        "sort_elevation": 3455,
        "website": "",
        "description": "",
        "osm_id": 2534664966
      },
      "geometry": {
        "type": "Point",
        "coordinates": [
          7.9813271,
          46.1637022
        ]
      }
    },
    {
      "type": "Feature",
      "properties": {
        "id": 2534664986,
        "name": "Rothorn",
        "type": "peak",
        "elevation": 3108,
        "sort_elevation": 3108,
        "website": "",
        "description": "",
        "osm_id": 2534664986
      },
      "geometry": {
        "type": "Point",
        "coordinates": [
          8.0305332,
          46.1701734
        ]
      }
    },
    {
      "type": "Feature",
      "properties": {
        "id": 2534664987,
        "name": "Schwarzmies",
        "type": "peak",
        "elevation": 3185,
        "sort_elevation": 3185,
        "website": "",
        "description": "",
        "osm_id": 2534664987
      },
      "geometry": {
        "type": "Point",
        "coordinates": [
          7.9837307,
          46.1253402
        ]
      }
    },
    {
      "type": "Feature",
      "properties": {
        "id": 2534664988,
        "name": "Wenghorn",
        "type": "peak",
        "elevation": 2588,
        "sort_elevation": 2588,
        "website": "",
        "description": "",
        "osm_id": 2534664988
      },
      "geometry": {
        "type": "Point",
        "coordinates": [
          8.0503057,
          46.1784166
        ]
      }
    },
    {
      "type": "Feature",
      "properties": {
        "id": 2535261431,
        "name": "Monte Togano",
        "type": "peak",
        "elevation": 2301,
        "sort_elevation": 2301,
        "website": "",
        "description": "",
        "osm_id": 2535261431
      },
      "geometry": {
        "type": "Point",
        "coordinates": [
          8.3946379,
          46.0898416
        ]
      }
    },
    {
      "type": "Feature",
      "properties": {
        "id": 2581072684,
        "name": "Monte Todum",
        "type": "peak",
        "elevation": 1280,
        "sort_elevation": 1280,
        "website": "",
        "description": "",
        "osm_id": 2581072684
      },
      "geometry": {
        "type": "Point",
        "coordinates": [
          8.502369,
          45.9896508
        ]
      }
    },
    {
      "type": "Feature",
      "properties": {
        "id": 2585366505,
        "name": "Pizzo del Ton",
        "type": "peak",
        "elevation": 2675,
        "sort_elevation": 2675,
        "website": "",
        "description": "",
        "osm_id": 2585366505
      },
      "geometry": {
        "type": "Point",
        "coordinates": [
          8.1079505,
          46.0281677
        ]
      }
    },
    {
      "type": "Feature",
      "properties": {
        "id": 2585368259,
        "name": "q2247",
        "type": "peak",
        "elevation": 2247,
        "sort_elevation": 2247,
        "website": "",
        "description": "",
        "osm_id": 2585368259
      },
      "geometry": {
        "type": "Point",
        "coordinates": [
          8.1080125,
          46.0385146
        ]
      }
    },
    {
      "type": "Feature",
      "properties": {
        "id": 2590530442,
        "name": "i Ton Cima Sud",
        "type": "peak",
        "elevation": 2484,
        "sort_elevation": 2484,
        "website": "",
        "description": "",
        "osm_id": 2590530442
      },
      "geometry": {
        "type": "Point",
        "coordinates": [
          8.0873223,
          46.0828511
        ]
      }
    },
    {
      "type": "Feature",
      "properties": {
        "id": 2605783405,
        "name": "Pizzo Sergio",
        "type": "peak",
        "elevation": 2079,
        "sort_elevation": 2079,
        "website": "",
        "description": "",
        "osm_id": 2605783405
      },
      "geometry": {
        "type": "Point",
        "coordinates": [
          8.4557129,
          46.0760413
        ]
      }
    },
    {
      "type": "Feature",
      "properties": {
        "id": 2606343053,
        "name": "Cima Terla",
        "type": "peak",
        "elevation": 436,
        "sort_elevation": 436,
        "website": "",
        "description": "",
        "osm_id": 2606343053
      },
      "geometry": {
        "type": "Point",
        "coordinates": [
          8.260949,
          45.626282
        ]
      }
    },
    {
      "type": "Feature",
      "properties": {
        "id": 2620991402,
        "name": "Gran Rossa",
        "type": "peak",
        "elevation": 2865,
        "sort_elevation": 2865,
        "website": "",
        "description": "",
        "osm_id": 2620991402
      },
      "geometry": {
        "type": "Point",
        "coordinates": [
          7.5577069,
          45.6347258
        ]
      }
    },
    {
      "type": "Feature",
      "properties": {
        "id": 2620991403,
        "name": "Bocon Damon",
        "type": "peak",
        "elevation": 2792,
        "sort_elevation": 2792,
        "website": "",
        "description": "",
        "osm_id": 2620991403
      },
      "geometry": {
        "type": "Point",
        "coordinates": [
          7.5696255,
          45.636359
        ]
      }
    },
    {
      "type": "Feature",
      "properties": {
        "id": 2620991411,
        "name": "Quota",
        "type": "peak",
        "elevation": 2827,
        "sort_elevation": 2827,
        "website": "",
        "description": "",
        "osm_id": 2620991411
      },
      "geometry": {
        "type": "Point",
        "coordinates": [
          7.5513333,
          45.6332667
        ]
      }
    },
    {
      "type": "Feature",
      "properties": {
        "id": 2620991413,
        "name": "Tête des Hommes",
        "type": "peak",
        "elevation": 2619,
        "sort_elevation": 2619,
        "website": "",
        "description": "",
        "osm_id": 2620991413
      },
      "geometry": {
        "type": "Point",
        "coordinates": [
          7.5810546,
          45.6375398
        ]
      }
    },
    {
      "type": "Feature",
      "properties": {
        "id": 2620997545,
        "name": "Monte Meabé",
        "type": "peak",
        "elevation": 2615,
        "sort_elevation": 2615,
        "website": "",
        "description": "",
        "osm_id": 2620997545
      },
      "geometry": {
        "type": "Point",
        "coordinates": [
          7.5464683,
          45.828072
        ]
      }
    },
    {
      "type": "Feature",
      "properties": {
        "id": 2625621396,
        "name": "Becca di Salé",
        "type": "peak",
        "elevation": 3137,
        "sort_elevation": 3137,
        "website": "",
        "description": "",
        "osm_id": 2625621396
      },
      "geometry": {
        "type": "Point",
        "coordinates": [
          7.420079,
          45.6883778
        ]
      }
    },
    {
      "type": "Feature",
      "properties": {
        "id": 2629499935,
        "name": "Punta di Trivera",
        "type": "peak",
        "elevation": 2144,
        "sort_elevation": 2144,
        "website": "",
        "description": "",
        "osm_id": 2629499935
      },
      "geometry": {
        "type": "Point",
        "coordinates": [
          8.1120816,
          46.0411919
        ]
      }
    },
    {
      "type": "Feature",
      "properties": {
        "id": 2633812769,
        "name": "Pizzo Ciapè",
        "type": "peak",
        "elevation": 2394,
        "sort_elevation": 2394,
        "website": "",
        "description": "",
        "osm_id": 2633812769
      },
      "geometry": {
        "type": "Point",
        "coordinates": [
          8.1555196,
          46.0771687
        ]
      }
    },
    {
      "type": "Feature",
      "properties": {
        "id": 2651664320,
        "name": "Monte Cimolo",
        "type": "peak",
        "elevation": 959,
        "sort_elevation": 959,
        "website": "",
        "description": "",
        "osm_id": 2651664320
      },
      "geometry": {
        "type": "Point",
        "coordinates": [
          8.5741789,
          45.9701658
        ]
      }
    },
    {
      "type": "Feature",
      "properties": {
        "id": 2661394595,
        "name": "La Colma",
        "type": "peak",
        "elevation": 1673,
        "sort_elevation": 1673,
        "website": "",
        "description": "",
        "osm_id": 2661394595
      },
      "geometry": {
        "type": "Point",
        "coordinates": [
          8.4976923,
          46.1596256
        ]
      }
    },
    {
      "type": "Feature",
      "properties": {
        "id": 2662893344,
        "name": "q.1856",
        "type": "peak",
        "elevation": 1856,
        "sort_elevation": 1856,
        "website": "",
        "description": "",
        "osm_id": 2662893344
      },
      "geometry": {
        "type": "Point",
        "coordinates": [
          8.1929056,
          46.0742197
        ]
      }
    },
    {
      "type": "Feature",
      "properties": {
        "id": 2664968260,
        "name": "Pizzo Formalone",
        "type": "peak",
        "elevation": 2063,
        "sort_elevation": 2063,
        "website": "",
        "description": "",
        "osm_id": 2664968260
      },
      "geometry": {
        "type": "Point",
        "coordinates": [
          8.5233763,
          46.1715361
        ]
      }
    },
    {
      "type": "Feature",
      "properties": {
        "id": 2664968324,
        "name": "Cima del Sassone",
        "type": "peak",
        "elevation": 2085,
        "sort_elevation": 2085,
        "website": "",
        "description": "",
        "osm_id": 2664968324
      },
      "geometry": {
        "type": "Point",
        "coordinates": [
          8.5176137,
          46.1752531
        ]
      }
    },
    {
      "type": "Feature",
      "properties": {
        "id": 2664968339,
        "name": "Schegge di Muino Cima S",
        "type": "peak",
        "elevation": 2034,
        "sort_elevation": 2034,
        "website": "",
        "description": "",
        "osm_id": 2664968339
      },
      "geometry": {
        "type": "Point",
        "coordinates": [
          8.4898762,
          46.178975
        ]
      }
    },
    {
      "type": "Feature",
      "properties": {
        "id": 2676690864,
        "name": "Rifugio dott. Giovanni Rondolini",
        "type": "bivouac",
        "elevation": 1324,
        "sort_elevation": 1324,
        "website": "http://www.estmonterosa.it/baita-dott-giovanni-rondolini.html",
        "description": "",
        "osm_id": 2676690864
      },
      "geometry": {
        "type": "Point",
        "coordinates": [
          8.2313305,
          46.0424872
        ]
      }
    },
    {
      "type": "Feature",
      "properties": {
        "id": 2684957708,
        "name": "Cima di Caneto",
        "type": "peak",
        "elevation": 1913,
        "sort_elevation": 1913,
        "website": "",
        "description": "",
        "osm_id": 2684957708
      },
      "geometry": {
        "type": "Point",
        "coordinates": [
          8.5396724,
          46.1703479
        ]
      }
    },
    {
      "type": "Feature",
      "properties": {
        "id": 2688510450,
        "name": "Cima Frascheia",
        "type": "peak",
        "elevation": 625,
        "sort_elevation": 625,
        "website": "",
        "description": "",
        "osm_id": 2688510450
      },
      "geometry": {
        "type": "Point",
        "coordinates": [
          8.300016,
          45.6545233
        ]
      }
    },
    {
      "type": "Feature",
      "properties": {
        "id": 2710892680,
        "name": "Pizzo Tracciora di Cervatto",
        "type": "peak",
        "elevation": 1917,
        "sort_elevation": 1917,
        "website": "",
        "description": "",
        "osm_id": 2710892680
      },
      "geometry": {
        "type": "Point",
        "coordinates": [
          8.1367473,
          45.8566126
        ]
      }
    },
    {
      "type": "Feature",
      "properties": {
        "id": 2727160058,
        "name": "Faderhorn",
        "type": "peak",
        "elevation": 2475,
        "sort_elevation": 2475,
        "website": "",
        "description": "",
        "osm_id": 2727160058
      },
      "geometry": {
        "type": "Point",
        "coordinates": [
          7.9496774,
          45.9832987
        ]
      }
    },
    {
      "type": "Feature",
      "properties": {
        "id": 2737042689,
        "name": "Pizzo dei Diosi",
        "type": "peak",
        "elevation": 2163,
        "sort_elevation": 2163,
        "website": "",
        "description": "",
        "osm_id": 2737042689
      },
      "geometry": {
        "type": "Point",
        "coordinates": [
          8.4446536,
          46.0748252
        ]
      }
    },
    {
      "type": "Feature",
      "properties": {
        "id": 2737042800,
        "name": "Cimone di Straolgio",
        "type": "peak",
        "elevation": 2151,
        "sort_elevation": 2151,
        "website": "",
        "description": "",
        "osm_id": 2737042800
      },
      "geometry": {
        "type": "Point",
        "coordinates": [
          8.462985,
          46.0733088
        ]
      }
    },
    {
      "type": "Feature",
      "properties": {
        "id": 2741790300,
        "name": "Mont Mussaillon",
        "type": "peak",
        "elevation": 3073,
        "sort_elevation": 3073,
        "website": "",
        "description": "",
        "osm_id": 2741790300
      },
      "geometry": {
        "type": "Point",
        "coordinates": [
          7.5042199,
          45.6153902
        ]
      }
    },
    {
      "type": "Feature",
      "properties": {
        "id": 2755968677,
        "name": "Pizzo Nona",
        "type": "peak",
        "elevation": 2245,
        "sort_elevation": 2245,
        "website": "",
        "description": "",
        "osm_id": 2755968677
      },
      "geometry": {
        "type": "Point",
        "coordinates": [
          8.145914,
          45.933449
        ]
      }
    },
    {
      "type": "Feature",
      "properties": {
        "id": 2828463972,
        "name": "La Maya",
        "type": "peak",
        "elevation": 2916,
        "sort_elevation": 2916,
        "website": "",
        "description": "",
        "osm_id": 2828463972
      },
      "geometry": {
        "type": "Point",
        "coordinates": [
          7.4922101,
          46.1716631
        ]
      }
    },
    {
      "type": "Feature",
      "properties": {
        "id": 2891572001,
        "name": "Pizzo la Scheggia",
        "type": "peak",
        "elevation": 2466,
        "sort_elevation": 2466,
        "website": "",
        "description": "",
        "osm_id": 2891572001
      },
      "geometry": {
        "type": "Point",
        "coordinates": [
          8.4151113,
          46.1841969
        ]
      }
    },
    {
      "type": "Feature",
      "properties": {
        "id": 2891603514,
        "name": "Corno d'Olen",
        "type": "peak",
        "elevation": 2556,
        "sort_elevation": 2556,
        "website": "",
        "description": "",
        "osm_id": 2891603514
      },
      "geometry": {
        "type": "Point",
        "coordinates": [
          7.9106678,
          45.8747755
        ]
      }
    },
    {
      "type": "Feature",
      "properties": {
        "id": 2898974105,
        "name": "Rifugio Alpe Campo",
        "type": "hut",
        "elevation": 1550,
        "sort_elevation": 1550,
        "website": "",
        "description": "",
        "osm_id": 2898974105
      },
      "geometry": {
        "type": "Point",
        "coordinates": [
          8.0689996,
          45.859349
        ]
      }
    },
    {
      "type": "Feature",
      "properties": {
        "id": 2911368579,
        "name": "Rifugio Solivo",
        "type": "hut",
        "elevation": 1050,
        "sort_elevation": 1050,
        "website": "",
        "description": "",
        "osm_id": 2911368579
      },
      "geometry": {
        "type": "Point",
        "coordinates": [
          8.1119259,
          45.8430445
        ]
      }
    },
    {
      "type": "Feature",
      "properties": {
        "id": 2928051446,
        "name": "Rifugio il dosso",
        "type": "hut",
        "elevation": "N/D",
        "sort_elevation": 0,
        "website": "https://www.facebook.com/rifugioildosso",
        "description": "",
        "osm_id": 2928051446
      },
      "geometry": {
        "type": "Point",
        "coordinates": [
          8.1840961,
          46.1575315
        ]
      }
    },
    {
      "type": "Feature",
      "properties": {
        "id": 2928558266,
        "name": "Monte Cavallaria",
        "type": "peak",
        "elevation": 1478,
        "sort_elevation": 1478,
        "website": "",
        "description": "",
        "osm_id": 2928558266
      },
      "geometry": {
        "type": "Point",
        "coordinates": [
          7.8090644,
          45.5209464
        ]
      }
    },
    {
      "type": "Feature",
      "properties": {
        "id": 2932496642,
        "name": "Castello di Gavala",
        "type": "peak",
        "elevation": 1827,
        "sort_elevation": 1827,
        "website": "",
        "description": "",
        "osm_id": 2932496642
      },
      "geometry": {
        "type": "Point",
        "coordinates": [
          8.1893754,
          45.7769692
        ]
      }
    },
    {
      "type": "Feature",
      "properties": {
        "id": 2933909095,
        "name": "Monte Tucri",
        "type": "peak",
        "elevation": 791,
        "sort_elevation": 791,
        "website": "",
        "description": "",
        "osm_id": 2933909095
      },
      "geometry": {
        "type": "Point",
        "coordinates": [
          8.2809991,
          45.7714842
        ]
      }
    },
    {
      "type": "Feature",
      "properties": {
        "id": 2943121527,
        "name": "Quota 2256",
        "type": "peak",
        "elevation": 2256,
        "sort_elevation": 2256,
        "website": "",
        "description": "",
        "osm_id": 2943121527
      },
      "geometry": {
        "type": "Point",
        "coordinates": [
          7.4170629,
          45.7764713
        ]
      }
    },
    {
      "type": "Feature",
      "properties": {
        "id": 2949696747,
        "name": "Capanna Fratelli Gugliermina",
        "type": "bivouac",
        "elevation": 3212,
        "sort_elevation": 3212,
        "website": "https://www.caivarallo.com/rifugi-cai-piemonte-valsesia/capanna-gugliermina/",
        "description": "Dormitorio con 12 posti letto (materassi e coperte), locale soggiorno con una cucina con gas e pentole, stufa a legna (provvedersi alla legna). Acqua a pochi metri a destra (est).",
        "osm_id": 2949696747
      },
      "geometry": {
        "type": "Point",
        "coordinates": [
          7.8830236,
          45.9124463
        ]
      }
    },
    {
      "type": "Feature",
      "properties": {
        "id": 2954510896,
        "name": "Cima Turrio",
        "type": "peak",
        "elevation": 1601,
        "sort_elevation": 1601,
        "website": "",
        "description": "",
        "osm_id": 2954510896
      },
      "geometry": {
        "type": "Point",
        "coordinates": [
          8.191426,
          45.8827191
        ]
      }
    },
    {
      "type": "Feature",
      "properties": {
        "id": 2954939622,
        "name": "Monte Tre Croci di Breia",
        "type": "peak",
        "elevation": 986,
        "sort_elevation": 986,
        "website": "",
        "description": "",
        "osm_id": 2954939622
      },
      "geometry": {
        "type": "Point",
        "coordinates": [
          8.2946277,
          45.7658376
        ]
      }
    },
    {
      "type": "Feature",
      "properties": {
        "id": 2966864270,
        "name": "Monte Massaro",
        "type": "peak",
        "elevation": 1494,
        "sort_elevation": 1494,
        "website": "",
        "description": "",
        "osm_id": 2966864270
      },
      "geometry": {
        "type": "Point",
        "coordinates": [
          8.0849357,
          45.6749673
        ]
      }
    },
    {
      "type": "Feature",
      "properties": {
        "id": 2966866012,
        "name": "Monte Marca",
        "type": "peak",
        "elevation": 1616,
        "sort_elevation": 1616,
        "website": "",
        "description": "",
        "osm_id": 2966866012
      },
      "geometry": {
        "type": "Point",
        "coordinates": [
          8.0815816,
          45.6655794
        ]
      }
    },
    {
      "type": "Feature",
      "properties": {
        "id": 2966866013,
        "name": "Monte Cerchio",
        "type": "peak",
        "elevation": 1621,
        "sort_elevation": 1621,
        "website": "",
        "description": "",
        "osm_id": 2966866013
      },
      "geometry": {
        "type": "Point",
        "coordinates": [
          8.0874947,
          45.6666173
        ]
      }
    },
    {
      "type": "Feature",
      "properties": {
        "id": 2967623996,
        "name": "Punta del Pizzo",
        "type": "peak",
        "elevation": 2232,
        "sort_elevation": 2232,
        "website": "",
        "description": "",
        "osm_id": 2967623996
      },
      "geometry": {
        "type": "Point",
        "coordinates": [
          8.2127613,
          45.9255419
        ]
      }
    },
    {
      "type": "Feature",
      "properties": {
        "id": 3018567020,
        "name": "Bivacco Città di Luino",
        "type": "bivouac",
        "elevation": 3580,
        "sort_elevation": 3580,
        "website": "",
        "description": "",
        "osm_id": 3018567020
      },
      "geometry": {
        "type": "Point",
        "coordinates": [
          7.9099479,
          45.996784
        ]
      }
    },
    {
      "type": "Feature",
      "properties": {
        "id": 3018567022,
        "name": "Crestone Marinelli",
        "type": "peak",
        "elevation": 2675,
        "sort_elevation": 2675,
        "website": "",
        "description": "",
        "osm_id": 3018567022
      },
      "geometry": {
        "type": "Point",
        "coordinates": [
          7.8976176,
          45.9472493
        ]
      }
    },
    {
      "type": "Feature",
      "properties": {
        "id": 3018568580,
        "name": "Capanna Eugenio Sella",
        "type": "bivouac",
        "elevation": 3029,
        "sort_elevation": 3029,
        "website": "https://www.caimacugnaga.org/sezione/rifugi/25-rifugio-sella",
        "description": "Attualmente il rifugio non è custodito ma è comunque aperto come ricovero di emergenza. Il sentiero di salita dall'Alpe Roffelstaffen non è in buone condizioni, non è tracciato regolarmente e nel tratto finale è soggetto a caduta sassi",
        "osm_id": 3018568580
      },
      "geometry": {
        "type": "Point",
        "coordinates": [
          7.9123744,
          45.9875223
        ]
      }
    },
    {
      "type": "Feature",
      "properties": {
        "id": 3018568584,
        "name": "Torre di Castelfranco",
        "type": "peak",
        "elevation": 3627,
        "sort_elevation": 3627,
        "website": "",
        "description": "",
        "osm_id": 3018568584
      },
      "geometry": {
        "type": "Point",
        "coordinates": [
          7.8794668,
          45.9728958
        ]
      }
    },
    {
      "type": "Feature",
      "properties": {
        "id": 3019936333,
        "name": "Tête de Milon",
        "type": "peak",
        "elevation": 3693,
        "sort_elevation": 3693,
        "website": "",
        "description": "",
        "osm_id": 3019936333
      },
      "geometry": {
        "type": "Point",
        "coordinates": [
          7.6903361,
          46.1185312
        ]
      }
    },
    {
      "type": "Feature",
      "properties": {
        "id": 3019948777,
        "name": "Pointe d'Arpitetta",
        "type": "peak",
        "elevation": 3132,
        "sort_elevation": 3132,
        "website": "",
        "description": "",
        "osm_id": 3019948777
      },
      "geometry": {
        "type": "Point",
        "coordinates": [
          7.6663786,
          46.1108037
        ]
      }
    },
    {
      "type": "Feature",
      "properties": {
        "id": 3024677444,
        "name": "Gran Sometta",
        "type": "peak",
        "elevation": 3166,
        "sort_elevation": 3166,
        "website": "",
        "description": "",
        "osm_id": 3024677444
      },
      "geometry": {
        "type": "Point",
        "coordinates": [
          7.6770428,
          45.9143461
        ]
      }
    },
    {
      "type": "Feature",
      "properties": {
        "id": 3029801348,
        "name": "Besso",
        "type": "peak",
        "elevation": 3667,
        "sort_elevation": 3667,
        "website": "",
        "description": "",
        "osm_id": 3029801348
      },
      "geometry": {
        "type": "Point",
        "coordinates": [
          7.6587807,
          46.0777578
        ]
      }
    },
    {
      "type": "Feature",
      "properties": {
        "id": 3038939860,
        "name": "Garde de Bordon",
        "type": "peak",
        "elevation": 3310,
        "sort_elevation": 3310,
        "website": "",
        "description": "",
        "osm_id": 3038939860
      },
      "geometry": {
        "type": "Point",
        "coordinates": [
          7.5975672,
          46.1210726
        ]
      }
    },
    {
      "type": "Feature",
      "properties": {
        "id": 3039988405,
        "name": "Jegihorn",
        "type": "peak",
        "elevation": 3206,
        "sort_elevation": 3206,
        "website": "",
        "description": "",
        "osm_id": 3039988405
      },
      "geometry": {
        "type": "Point",
        "coordinates": [
          7.9702588,
          46.1514642
        ]
      }
    },
    {
      "type": "Feature",
      "properties": {
        "id": 3042780282,
        "name": "Wellenkuppe",
        "type": "peak",
        "elevation": 3903,
        "sort_elevation": 3903,
        "website": "",
        "description": "",
        "osm_id": 3042780282
      },
      "geometry": {
        "type": "Point",
        "coordinates": [
          7.6778635,
          46.0419912
        ]
      }
    },
    {
      "type": "Feature",
      "properties": {
        "id": 3048645660,
        "name": "Bec Pio Merlo",
        "type": "peak",
        "elevation": 2620,
        "sort_elevation": 2620,
        "website": "",
        "description": "",
        "osm_id": 3048645660
      },
      "geometry": {
        "type": "Point",
        "coordinates": [
          7.6405866,
          45.919593
        ]
      }
    },
    {
      "type": "Feature",
      "properties": {
        "id": 3048781775,
        "name": "Motta di Plété Occidentale",
        "type": "peak",
        "elevation": 2840,
        "sort_elevation": 2840,
        "website": "",
        "description": "",
        "osm_id": 3048781775
      },
      "geometry": {
        "type": "Point",
        "coordinates": [
          7.6487425,
          45.9124569
        ]
      }
    },
    {
      "type": "Feature",
      "properties": {
        "id": 3053278559,
        "name": "Monte alle Croci",
        "type": "peak",
        "elevation": 628,
        "sort_elevation": 628,
        "website": "",
        "description": "",
        "osm_id": 3053278559
      },
      "geometry": {
        "type": "Point",
        "coordinates": [
          8.5534828,
          45.8380843
        ]
      }
    },
    {
      "type": "Feature",
      "properties": {
        "id": 3059077043,
        "name": "Becca Chatelet",
        "type": "peak",
        "elevation": 3208,
        "sort_elevation": 3208,
        "website": "",
        "description": "",
        "osm_id": 3059077043
      },
      "geometry": {
        "type": "Point",
        "coordinates": [
          7.4615689,
          45.9084707
        ]
      }
    },
    {
      "type": "Feature",
      "properties": {
        "id": 3072467875,
        "name": "Durlochhorn",
        "type": "peak",
        "elevation": 2723,
        "sort_elevation": 2723,
        "website": "",
        "description": "",
        "osm_id": 3072467875
      },
      "geometry": {
        "type": "Point",
        "coordinates": [
          7.851811,
          46.1770764
        ]
      }
    },
    {
      "type": "Feature",
      "properties": {
        "id": 3072467879,
        "name": "Lammenhorn",
        "type": "peak",
        "elevation": 3190,
        "sort_elevation": 3190,
        "website": "",
        "description": "",
        "osm_id": 3072467879
      },
      "geometry": {
        "type": "Point",
        "coordinates": [
          7.8945179,
          46.1544398
        ]
      }
    },
    {
      "type": "Feature",
      "properties": {
        "id": 3072469319,
        "name": "Rihorn",
        "type": "peak",
        "elevation": 2916,
        "sort_elevation": 2916,
        "website": "",
        "description": "",
        "osm_id": 3072469319
      },
      "geometry": {
        "type": "Point",
        "coordinates": [
          7.8733699,
          46.1690633
        ]
      }
    },
    {
      "type": "Feature",
      "properties": {
        "id": 3072469320,
        "name": "Seebodenhorn",
        "type": "peak",
        "elevation": 2798,
        "sort_elevation": 2798,
        "website": "",
        "description": "",
        "osm_id": 3072469320
      },
      "geometry": {
        "type": "Point",
        "coordinates": [
          7.8786713,
          46.177651
        ]
      }
    },
    {
      "type": "Feature",
      "properties": {
        "id": 3072469321,
        "name": "Stock",
        "type": "peak",
        "elevation": 2490,
        "sort_elevation": 2490,
        "website": "",
        "description": "",
        "osm_id": 3072469321
      },
      "geometry": {
        "type": "Point",
        "coordinates": [
          7.8776573,
          46.1896448
        ]
      }
    },
    {
      "type": "Feature",
      "properties": {
        "id": 3072469322,
        "name": "Torleten",
        "type": "peak",
        "elevation": 3008,
        "sort_elevation": 3008,
        "website": "",
        "description": "",
        "osm_id": 3072469322
      },
      "geometry": {
        "type": "Point",
        "coordinates": [
          7.8639627,
          46.1702249
        ]
      }
    },
    {
      "type": "Feature",
      "properties": {
        "id": 3075889254,
        "name": "Breithorn",
        "type": "peak",
        "elevation": 3178,
        "sort_elevation": 3178,
        "website": "",
        "description": "",
        "osm_id": 3075889254
      },
      "geometry": {
        "type": "Point",
        "coordinates": [
          7.8300143,
          46.1435551
        ]
      }
    },
    {
      "type": "Feature",
      "properties": {
        "id": 3075889255,
        "name": "Chli Haupt",
        "type": "peak",
        "elevation": 3098,
        "sort_elevation": 3098,
        "website": "",
        "description": "",
        "osm_id": 3075889255
      },
      "geometry": {
        "type": "Point",
        "coordinates": [
          7.8197691,
          46.0984316
        ]
      }
    },
    {
      "type": "Feature",
      "properties": {
        "id": 3075889258,
        "name": "Grand Gendarme",
        "type": "peak",
        "elevation": 4468,
        "sort_elevation": 4468,
        "website": "",
        "description": "",
        "osm_id": 3075889258
      },
      "geometry": {
        "type": "Point",
        "coordinates": [
          7.8620468,
          46.0959063
        ]
      }
    },
    {
      "type": "Feature",
      "properties": {
        "id": 3075889259,
        "name": "Grathorn",
        "type": "peak",
        "elevation": 2273,
        "sort_elevation": 2273,
        "website": "",
        "description": "",
        "osm_id": 3075889259
      },
      "geometry": {
        "type": "Point",
        "coordinates": [
          7.8221342,
          46.1646957
        ]
      }
    },
    {
      "type": "Feature",
      "properties": {
        "id": 3075889260,
        "name": "Gross Haupt",
        "type": "peak",
        "elevation": 2872,
        "sort_elevation": 2872,
        "website": "",
        "description": "",
        "osm_id": 3075889260
      },
      "geometry": {
        "type": "Point",
        "coordinates": [
          7.8150895,
          46.0987171
        ]
      }
    },
    {
      "type": "Feature",
      "properties": {
        "id": 3075889261,
        "name": "Horn",
        "type": "peak",
        "elevation": 3214,
        "sort_elevation": 3214,
        "website": "",
        "description": "",
        "osm_id": 3075889261
      },
      "geometry": {
        "type": "Point",
        "coordinates": [
          7.8130033,
          46.0733835
        ]
      }
    },
    {
      "type": "Feature",
      "properties": {
        "id": 3075889263,
        "name": "Mittelberg",
        "type": "peak",
        "elevation": 2718,
        "sort_elevation": 2718,
        "website": "",
        "description": "",
        "osm_id": 3075889263
      },
      "geometry": {
        "type": "Point",
        "coordinates": [
          7.8257028,
          46.1545822
        ]
      }
    },
    {
      "type": "Feature",
      "properties": {
        "id": 3075893049,
        "name": "Troäre",
        "type": "peak",
        "elevation": 2396,
        "sort_elevation": 2396,
        "website": "",
        "description": "",
        "osm_id": 3075893049
      },
      "geometry": {
        "type": "Point",
        "coordinates": [
          7.7985021,
          46.0833888
        ]
      }
    },
    {
      "type": "Feature",
      "properties": {
        "id": 3077280639,
        "name": "Grünberghorn",
        "type": "peak",
        "elevation": 3074,
        "sort_elevation": 3074,
        "website": "",
        "description": "",
        "osm_id": 3077280639
      },
      "geometry": {
        "type": "Point",
        "coordinates": [
          7.9447248,
          46.0098489
        ]
      }
    },
    {
      "type": "Feature",
      "properties": {
        "id": 3077281518,
        "name": "Ruppenstein",
        "type": "peak",
        "elevation": 2501,
        "sort_elevation": 2501,
        "website": "",
        "description": "",
        "osm_id": 3077281518
      },
      "geometry": {
        "type": "Point",
        "coordinates": [
          7.9774172,
          45.9877738
        ]
      }
    },
    {
      "type": "Feature",
      "properties": {
        "id": 3077281519,
        "name": "Seewjinenhorn / Corno di Seewjinen",
        "type": "peak",
        "elevation": 3205,
        "sort_elevation": 3205,
        "website": "",
        "description": "",
        "osm_id": 3077281519
      },
      "geometry": {
        "type": "Point",
        "coordinates": [
          7.9590611,
          45.9964852
        ]
      }
    },
    {
      "type": "Feature",
      "properties": {
        "id": 3077281521,
        "name": "Signal",
        "type": "peak",
        "elevation": 3015,
        "sort_elevation": 3015,
        "website": "",
        "description": "",
        "osm_id": 3077281521
      },
      "geometry": {
        "type": "Point",
        "coordinates": [
          7.9464824,
          46.0173019
        ]
      }
    },
    {
      "type": "Feature",
      "properties": {
        "id": 3114843125,
        "name": "Dunantspitze",
        "type": "peak",
        "elevation": 4631,
        "sort_elevation": 4631,
        "website": "",
        "description": "",
        "osm_id": 3114843125
      },
      "geometry": {
        "type": "Point",
        "coordinates": [
          7.8677736,
          45.9368783
        ]
      }
    },
    {
      "type": "Feature",
      "properties": {
        "id": 3125935758,
        "name": "Il Pizzo (Toden)",
        "type": "peak",
        "elevation": 1644,
        "sort_elevation": 1644,
        "website": "",
        "description": "",
        "osm_id": 3125935758
      },
      "geometry": {
        "type": "Point",
        "coordinates": [
          8.5523711,
          46.0152082
        ]
      }
    },
    {
      "type": "Feature",
      "properties": {
        "id": 3125935760,
        "name": "Pian Cavallone",
        "type": "peak",
        "elevation": 1564,
        "sort_elevation": 1564,
        "website": "",
        "description": "",
        "osm_id": 3125935760
      },
      "geometry": {
        "type": "Point",
        "coordinates": [
          8.5352376,
          46.0093315
        ]
      }
    },
    {
      "type": "Feature",
      "properties": {
        "id": 3149297702,
        "name": "Poggio Corciole",
        "type": "peak",
        "elevation": 1654,
        "sort_elevation": 1654,
        "website": "",
        "description": "",
        "osm_id": 3149297702
      },
      "geometry": {
        "type": "Point",
        "coordinates": [
          8.2868589,
          45.9013799
        ]
      }
    },
    {
      "type": "Feature",
      "properties": {
        "id": 3166630806,
        "name": "Cimone di Cortechiuso",
        "type": "peak",
        "elevation": 2183,
        "sort_elevation": 2183,
        "website": "",
        "description": "",
        "osm_id": 3166630806
      },
      "geometry": {
        "type": "Point",
        "coordinates": [
          8.484158,
          46.060403
        ]
      }
    },
    {
      "type": "Feature",
      "properties": {
        "id": 3212697214,
        "name": "Monte Marzo",
        "type": "peak",
        "elevation": 2756,
        "sort_elevation": 2756,
        "website": "",
        "description": "",
        "osm_id": 3212697214
      },
      "geometry": {
        "type": "Point",
        "coordinates": [
          7.6087788,
          45.5624647
        ]
      }
    },
    {
      "type": "Feature",
      "properties": {
        "id": 3227750212,
        "name": "Monte Aronne",
        "type": "peak",
        "elevation": 667,
        "sort_elevation": 667,
        "website": "",
        "description": "",
        "osm_id": 3227750212
      },
      "geometry": {
        "type": "Point",
        "coordinates": [
          8.2651725,
          45.7064503
        ]
      }
    },
    {
      "type": "Feature",
      "properties": {
        "id": 3231088702,
        "name": "Corno Rosso",
        "type": "peak",
        "elevation": 2979,
        "sort_elevation": 2979,
        "website": "",
        "description": "",
        "osm_id": 3231088702
      },
      "geometry": {
        "type": "Point",
        "coordinates": [
          7.8805174,
          45.7670723
        ]
      }
    },
    {
      "type": "Feature",
      "properties": {
        "id": 3231118612,
        "name": "Corno di Valdobbia",
        "type": "peak",
        "elevation": 2761,
        "sort_elevation": 2761,
        "website": "",
        "description": "",
        "osm_id": 3231118612
      },
      "geometry": {
        "type": "Point",
        "coordinates": [
          7.8617778,
          45.7916857
        ]
      }
    },
    {
      "type": "Feature",
      "properties": {
        "id": 3252599092,
        "name": "Massa del Turlo",
        "type": "peak",
        "elevation": 1959,
        "sort_elevation": 1959,
        "website": "",
        "description": "",
        "osm_id": 3252599092
      },
      "geometry": {
        "type": "Point",
        "coordinates": [
          8.2771473,
          45.895283
        ]
      }
    },
    {
      "type": "Feature",
      "properties": {
        "id": 3252599093,
        "name": "Monte Forcolaccia",
        "type": "peak",
        "elevation": 2034,
        "sort_elevation": 2034,
        "website": "",
        "description": "",
        "osm_id": 3252599093
      },
      "geometry": {
        "type": "Point",
        "coordinates": [
          8.2679459,
          45.9073131
        ]
      }
    },
    {
      "type": "Feature",
      "properties": {
        "id": 3259513995,
        "name": "Cima Piccio",
        "type": "peak",
        "elevation": 945,
        "sort_elevation": 945,
        "website": "",
        "description": "",
        "osm_id": 3259513995
      },
      "geometry": {
        "type": "Point",
        "coordinates": [
          8.2375564,
          45.7343544
        ]
      }
    },
    {
      "type": "Feature",
      "properties": {
        "id": 3275398612,
        "name": "Brich di Zumaglia",
        "type": "peak",
        "elevation": 669,
        "sort_elevation": 669,
        "website": "",
        "description": "",
        "osm_id": 3275398612
      },
      "geometry": {
        "type": "Point",
        "coordinates": [
          8.0928023,
          45.5860378
        ]
      }
    },
    {
      "type": "Feature",
      "properties": {
        "id": 3297524063,
        "name": "Rifugio Corte Nuovo",
        "type": "bivouac",
        "elevation": 1635,
        "sort_elevation": 1635,
        "website": "https://www.cortenuovo.ch/",
        "description": "",
        "osm_id": 3297524063
      },
      "geometry": {
        "type": "Point",
        "coordinates": [
          8.6113018,
          46.1790119
        ]
      }
    },
    {
      "type": "Feature",
      "properties": {
        "id": 3297524067,
        "name": "Pianascio",
        "type": "peak",
        "elevation": 1643,
        "sort_elevation": 1643,
        "website": "",
        "description": "",
        "osm_id": 3297524067
      },
      "geometry": {
        "type": "Point",
        "coordinates": [
          8.6241227,
          46.1821186
        ]
      }
    },
    {
      "type": "Feature",
      "properties": {
        "id": 3297524068,
        "name": "Pizzin",
        "type": "peak",
        "elevation": 1510,
        "sort_elevation": 1510,
        "website": "",
        "description": "",
        "osm_id": 3297524068
      },
      "geometry": {
        "type": "Point",
        "coordinates": [
          8.6287546,
          46.1811697
        ]
      }
    },
    {
      "type": "Feature",
      "properties": {
        "id": 3308406393,
        "name": "Mittelallalin",
        "type": "peak",
        "elevation": 3456,
        "sort_elevation": 3456,
        "website": "",
        "description": "",
        "osm_id": 3308406393
      },
      "geometry": {
        "type": "Point",
        "coordinates": [
          7.9048774,
          46.0575453
        ]
      }
    },
    {
      "type": "Feature",
      "properties": {
        "id": 3323214596,
        "name": "Torre Daverio",
        "type": "peak",
        "elevation": 364,
        "sort_elevation": 364,
        "website": "",
        "description": "",
        "osm_id": 3323214596
      },
      "geometry": {
        "type": "Point",
        "coordinates": [
          8.6961171,
          45.7324147
        ]
      }
    },
    {
      "type": "Feature",
      "properties": {
        "id": 3332208420,
        "name": "Rifugio Regi",
        "type": "bivouac",
        "elevation": 1888,
        "sort_elevation": 1888,
        "website": "https://www.caivigezzo.org/rifugi/rifugio-regi/",
        "description": "",
        "osm_id": 3332208420
      },
      "geometry": {
        "type": "Point",
        "coordinates": [
          8.4270991,
          46.1802272
        ]
      }
    },
    {
      "type": "Feature",
      "properties": {
        "id": 3347442426,
        "name": "Mel de la Niva",
        "type": "peak",
        "elevation": 2758,
        "sort_elevation": 2758,
        "website": "",
        "description": "",
        "osm_id": 3347442426
      },
      "geometry": {
        "type": "Point",
        "coordinates": [
          7.464968,
          46.101186
        ]
      }
    },
    {
      "type": "Feature",
      "properties": {
        "id": 3347448084,
        "name": "Râz d'Arbey",
        "type": "peak",
        "elevation": 2347,
        "sort_elevation": 2347,
        "website": "",
        "description": "",
        "osm_id": 3347448084
      },
      "geometry": {
        "type": "Point",
        "coordinates": [
          7.4621342,
          46.1085575
        ]
      }
    },
    {
      "type": "Feature",
      "properties": {
        "id": 3368872968,
        "name": "Cresta di Moriming",
        "type": "peak",
        "elevation": 1995,
        "sort_elevation": 1995,
        "website": "",
        "description": "",
        "osm_id": 3368872968
      },
      "geometry": {
        "type": "Point",
        "coordinates": [
          8.5185656,
          46.1812888
        ]
      }
    },
    {
      "type": "Feature",
      "properties": {
        "id": 3375067660,
        "name": "Schegge di Muino Cima Centrale",
        "type": "peak",
        "elevation": 2163,
        "sort_elevation": 2163,
        "website": "",
        "description": "",
        "osm_id": 3375067660
      },
      "geometry": {
        "type": "Point",
        "coordinates": [
          8.4845407,
          46.1817672
        ]
      }
    },
    {
      "type": "Feature",
      "properties": {
        "id": 3375067730,
        "name": "Schegge di Muino Cima N",
        "type": "peak",
        "elevation": 2170,
        "sort_elevation": 2170,
        "website": "",
        "description": "",
        "osm_id": 3375067730
      },
      "geometry": {
        "type": "Point",
        "coordinates": [
          8.481921,
          46.1852341
        ]
      }
    },
    {
      "type": "Feature",
      "properties": {
        "id": 3393785086,
        "name": "Le Boudry",
        "type": "peak",
        "elevation": 3070,
        "sort_elevation": 3070,
        "website": "",
        "description": "",
        "osm_id": 3393785086
      },
      "geometry": {
        "type": "Point",
        "coordinates": [
          7.6596345,
          46.191811
        ]
      }
    },
    {
      "type": "Feature",
      "properties": {
        "id": 3393785087,
        "name": "Omen Roso",
        "type": "peak",
        "elevation": 3031,
        "sort_elevation": 3031,
        "website": "",
        "description": "",
        "osm_id": 3393785087
      },
      "geometry": {
        "type": "Point",
        "coordinates": [
          7.6603448,
          46.1743978
        ]
      }
    },
    {
      "type": "Feature",
      "properties": {
        "id": 3393791162,
        "name": "Frilihorn",
        "type": "peak",
        "elevation": 3144,
        "sort_elevation": 3144,
        "website": "",
        "description": "",
        "osm_id": 3393791162
      },
      "geometry": {
        "type": "Point",
        "coordinates": [
          7.66628,
          46.17048
        ]
      }
    },
    {
      "type": "Feature",
      "properties": {
        "id": 3397882758,
        "name": "Monte Luvot",
        "type": "peak",
        "elevation": 1597,
        "sort_elevation": 1597,
        "website": "",
        "description": "",
        "osm_id": 3397882758
      },
      "geometry": {
        "type": "Point",
        "coordinates": [
          8.2048769,
          45.7659786
        ]
      }
    },
    {
      "type": "Feature",
      "properties": {
        "id": 3399411090,
        "name": "Becco della Guardia",
        "type": "peak",
        "elevation": 1817,
        "sort_elevation": 1817,
        "website": "",
        "description": "",
        "osm_id": 3399411090
      },
      "geometry": {
        "type": "Point",
        "coordinates": [
          8.0112604,
          45.7805958
        ]
      }
    },
    {
      "type": "Feature",
      "properties": {
        "id": 3400248360,
        "name": "Hirli",
        "type": "peak",
        "elevation": 2890,
        "sort_elevation": 2890,
        "website": "",
        "description": "",
        "osm_id": 3400248360
      },
      "geometry": {
        "type": "Point",
        "coordinates": [
          7.69688,
          45.9902385
        ]
      }
    },
    {
      "type": "Feature",
      "properties": {
        "id": 3401534519,
        "name": "Château des Dames",
        "type": "peak",
        "elevation": 3489,
        "sort_elevation": 3489,
        "website": "",
        "description": "",
        "osm_id": 3401534519
      },
      "geometry": {
        "type": "Point",
        "coordinates": [
          7.5770478,
          45.9161277
        ]
      }
    },
    {
      "type": "Feature",
      "properties": {
        "id": 3401573293,
        "name": "Monte Vesso",
        "type": "peak",
        "elevation": 1257,
        "sort_elevation": 1257,
        "website": "",
        "description": "",
        "osm_id": 3401573293
      },
      "geometry": {
        "type": "Point",
        "coordinates": [
          8.3233213,
          45.8327117
        ]
      }
    },
    {
      "type": "Feature",
      "properties": {
        "id": 3402065242,
        "name": "Monte Margineta",
        "type": "peak",
        "elevation": 2017,
        "sort_elevation": 2017,
        "website": "",
        "description": "",
        "osm_id": 3402065242
      },
      "geometry": {
        "type": "Point",
        "coordinates": [
          8.4142481,
          46.1604146
        ]
      }
    },
    {
      "type": "Feature",
      "properties": {
        "id": 3403761718,
        "name": "Rifugio Alpini di Lozzolo",
        "type": "hut",
        "elevation": "N/D",
        "sort_elevation": 0,
        "website": "",
        "description": "",
        "osm_id": 3403761718
      },
      "geometry": {
        "type": "Point",
        "coordinates": [
          8.3326766,
          45.6415526
        ]
      }
    },
    {
      "type": "Feature",
      "properties": {
        "id": 3404935274,
        "name": "P. 3405",
        "type": "peak",
        "elevation": 3405,
        "sort_elevation": 3405,
        "website": "",
        "description": "",
        "osm_id": 3404935274
      },
      "geometry": {
        "type": "Point",
        "coordinates": [
          7.6741671,
          46.1335191
        ]
      }
    },
    {
      "type": "Feature",
      "properties": {
        "id": 3405733648,
        "name": "Cima Alagni",
        "type": "peak",
        "elevation": 1254,
        "sort_elevation": 1254,
        "website": "",
        "description": "",
        "osm_id": 3405733648
      },
      "geometry": {
        "type": "Point",
        "coordinates": [
          8.2163365,
          45.7482688
        ]
      }
    },
    {
      "type": "Feature",
      "properties": {
        "id": 3405868466,
        "name": "Monte San Grato",
        "type": "peak",
        "elevation": 914,
        "sort_elevation": 914,
        "website": "",
        "description": "",
        "osm_id": 3405868466
      },
      "geometry": {
        "type": "Point",
        "coordinates": [
          8.2899651,
          45.7558991
        ]
      }
    },
    {
      "type": "Feature",
      "properties": {
        "id": 3406827422,
        "name": "Monte Verità",
        "type": "peak",
        "elevation": 403,
        "sort_elevation": 403,
        "website": "",
        "description": "",
        "osm_id": 3406827422
      },
      "geometry": {
        "type": "Point",
        "coordinates": [
          8.7630297,
          46.1582933
        ]
      }
    },
    {
      "type": "Feature",
      "properties": {
        "id": 3407231965,
        "name": "Punta del Talamone",
        "type": "peak",
        "elevation": 2494,
        "sort_elevation": 2494,
        "website": "",
        "description": "",
        "osm_id": 3407231965
      },
      "geometry": {
        "type": "Point",
        "coordinates": [
          7.9973581,
          45.7181861
        ]
      }
    },
    {
      "type": "Feature",
      "properties": {
        "id": 3408997726,
        "name": "Rifugio Axerio",
        "type": "bivouac",
        "elevation": "N/D",
        "sort_elevation": 0,
        "website": "",
        "description": "",
        "osm_id": 3408997726
      },
      "geometry": {
        "type": "Point",
        "coordinates": [
          7.9682326,
          45.9019264
        ]
      }
    },
    {
      "type": "Feature",
      "properties": {
        "id": 3409106500,
        "name": "Piovatte d'Egua",
        "type": "peak",
        "elevation": 2469,
        "sort_elevation": 2469,
        "website": "",
        "description": "",
        "osm_id": 3409106500
      },
      "geometry": {
        "type": "Point",
        "coordinates": [
          8.0840715,
          45.9133076
        ]
      }
    },
    {
      "type": "Feature",
      "properties": {
        "id": 3417156564,
        "name": "Il Pizzo",
        "type": "peak",
        "elevation": 1198,
        "sort_elevation": 1198,
        "website": "",
        "description": "",
        "osm_id": 3417156564
      },
      "geometry": {
        "type": "Point",
        "coordinates": [
          8.231593,
          45.8083394
        ]
      }
    },
    {
      "type": "Feature",
      "properties": {
        "id": 3417265195,
        "name": "Bec d'Ovaga",
        "type": "peak",
        "elevation": 1638,
        "sort_elevation": 1638,
        "website": "",
        "description": "",
        "osm_id": 3417265195
      },
      "geometry": {
        "type": "Point",
        "coordinates": [
          8.2163341,
          45.7939911
        ]
      }
    },
    {
      "type": "Feature",
      "properties": {
        "id": 3417437660,
        "name": "Cima di Vaso",
        "type": "peak",
        "elevation": 1327,
        "sort_elevation": 1327,
        "website": "",
        "description": "",
        "osm_id": 3417437660
      },
      "geometry": {
        "type": "Point",
        "coordinates": [
          8.230332,
          45.8365463
        ]
      }
    },
    {
      "type": "Feature",
      "properties": {
        "id": 3419301704,
        "name": "Poggio Pianale",
        "type": "peak",
        "elevation": 619,
        "sort_elevation": 619,
        "website": "",
        "description": "",
        "osm_id": 3419301704
      },
      "geometry": {
        "type": "Point",
        "coordinates": [
          8.2808901,
          45.7866037
        ]
      }
    },
    {
      "type": "Feature",
      "properties": {
        "id": 3430028202,
        "name": "Couronne de Bréona",
        "type": "peak",
        "elevation": 3159,
        "sort_elevation": 3159,
        "website": "",
        "description": "",
        "osm_id": 3430028202
      },
      "geometry": {
        "type": "Point",
        "coordinates": [
          7.5706472,
          46.0917047
        ]
      }
    },
    {
      "type": "Feature",
      "properties": {
        "id": 3430028204,
        "name": "Tsa de l'Ano",
        "type": "peak",
        "elevation": 3368,
        "sort_elevation": 3368,
        "website": "",
        "description": "",
        "osm_id": 3430028204
      },
      "geometry": {
        "type": "Point",
        "coordinates": [
          7.5733079,
          46.0781688
        ]
      }
    },
    {
      "type": "Feature",
      "properties": {
        "id": 3430337995,
        "name": "Pointe de la Tsevalire",
        "type": "peak",
        "elevation": 3026,
        "sort_elevation": 3026,
        "website": "",
        "description": "",
        "osm_id": 3430337995
      },
      "geometry": {
        "type": "Point",
        "coordinates": [
          7.5086246,
          46.1623954
        ]
      }
    },
    {
      "type": "Feature",
      "properties": {
        "id": 3478790107,
        "name": "Cima Saler",
        "type": "peak",
        "elevation": 2020,
        "sort_elevation": 2020,
        "website": "",
        "description": "",
        "osm_id": 3478790107
      },
      "geometry": {
        "type": "Point",
        "coordinates": [
          8.346444,
          46.0324869
        ]
      }
    },
    {
      "type": "Feature",
      "properties": {
        "id": 3486465766,
        "name": "Monte dell'Orso",
        "type": "peak",
        "elevation": 1302,
        "sort_elevation": 1302,
        "website": "",
        "description": "",
        "osm_id": 3486465766
      },
      "geometry": {
        "type": "Point",
        "coordinates": [
          7.8224875,
          45.595503
        ]
      }
    },
    {
      "type": "Feature",
      "properties": {
        "id": 3521397279,
        "name": "Pizzo delle Pecore",
        "type": "peak",
        "elevation": 2018,
        "sort_elevation": 2018,
        "website": "",
        "description": "",
        "osm_id": 3521397279
      },
      "geometry": {
        "type": "Point",
        "coordinates": [
          8.3258815,
          46.0350651
        ]
      }
    },
    {
      "type": "Feature",
      "properties": {
        "id": 3521989916,
        "name": "Pizzo di Cortetto Est",
        "type": "peak",
        "elevation": 1935,
        "sort_elevation": 1935,
        "website": "",
        "description": "",
        "osm_id": 3521989916
      },
      "geometry": {
        "type": "Point",
        "coordinates": [
          8.3394071,
          46.0316656
        ]
      }
    },
    {
      "type": "Feature",
      "properties": {
        "id": 3521989917,
        "name": "Pizzo di Cortetto Ovest",
        "type": "peak",
        "elevation": 1941,
        "sort_elevation": 1941,
        "website": "",
        "description": "",
        "osm_id": 3521989917
      },
      "geometry": {
        "type": "Point",
        "coordinates": [
          8.3384286,
          46.0320026
        ]
      }
    },
    {
      "type": "Feature",
      "properties": {
        "id": 3529142586,
        "name": "Cima Ologno",
        "type": "peak",
        "elevation": 1132,
        "sort_elevation": 1132,
        "website": "",
        "description": "",
        "osm_id": 3529142586
      },
      "geometry": {
        "type": "Point",
        "coordinates": [
          8.6637982,
          46.0437465
        ]
      }
    },
    {
      "type": "Feature",
      "properties": {
        "id": 3581171594,
        "name": "Rifugio Nigritella",
        "type": "hut",
        "elevation": 1491,
        "sort_elevation": 1491,
        "website": "",
        "description": "",
        "osm_id": 3581171594
      },
      "geometry": {
        "type": "Point",
        "coordinates": [
          8.4842751,
          46.1096199
        ]
      }
    },
    {
      "type": "Feature",
      "properties": {
        "id": 3643123701,
        "name": "Becca d'Oren Est",
        "type": "peak",
        "elevation": 3532,
        "sort_elevation": 3532,
        "website": "",
        "description": "",
        "osm_id": 3643123701
      },
      "geometry": {
        "type": "Point",
        "coordinates": [
          7.4930638,
          45.9556272
        ]
      }
    },
    {
      "type": "Feature",
      "properties": {
        "id": 3643123702,
        "name": "Becca d'Oren Ovest",
        "type": "peak",
        "elevation": 3490,
        "sort_elevation": 3490,
        "website": "",
        "description": "",
        "osm_id": 3643123702
      },
      "geometry": {
        "type": "Point",
        "coordinates": [
          7.4829102,
          45.9540228
        ]
      }
    },
    {
      "type": "Feature",
      "properties": {
        "id": 3643155765,
        "name": "Aiguille Blanche des Lacs",
        "type": "peak",
        "elevation": 3440,
        "sort_elevation": 3440,
        "website": "",
        "description": "",
        "osm_id": 3643155765
      },
      "geometry": {
        "type": "Point",
        "coordinates": [
          7.4912031,
          45.9261485
        ]
      }
    },
    {
      "type": "Feature",
      "properties": {
        "id": 3643155766,
        "name": "Aiguille Rouge des Lacs",
        "type": "peak",
        "elevation": 3460,
        "sort_elevation": 3460,
        "website": "",
        "description": "",
        "osm_id": 3643155766
      },
      "geometry": {
        "type": "Point",
        "coordinates": [
          7.485225,
          45.9270352
        ]
      }
    },
    {
      "type": "Feature",
      "properties": {
        "id": 3643155767,
        "name": "Becca des Lacs",
        "type": "peak",
        "elevation": 3470,
        "sort_elevation": 3470,
        "website": "",
        "description": "",
        "osm_id": 3643155767
      },
      "geometry": {
        "type": "Point",
        "coordinates": [
          7.4805225,
          45.9285188
        ]
      }
    },
    {
      "type": "Feature",
      "properties": {
        "id": 3643162002,
        "name": "Becca Chardonney inf.",
        "type": "peak",
        "elevation": 3282,
        "sort_elevation": 3282,
        "website": "",
        "description": "",
        "osm_id": 3643162002
      },
      "geometry": {
        "type": "Point",
        "coordinates": [
          7.4055768,
          45.9061642
        ]
      }
    },
    {
      "type": "Feature",
      "properties": {
        "id": 3643162003,
        "name": "Becca Chardonney",
        "type": "peak",
        "elevation": 3447,
        "sort_elevation": 3447,
        "website": "",
        "description": "",
        "osm_id": 3643162003
      },
      "geometry": {
        "type": "Point",
        "coordinates": [
          7.4123314,
          45.9091975
        ]
      }
    },
    {
      "type": "Feature",
      "properties": {
        "id": 3643162005,
        "name": "Monte Cervo",
        "type": "peak",
        "elevation": 3441,
        "sort_elevation": 3441,
        "website": "",
        "description": "",
        "osm_id": 3643162005
      },
      "geometry": {
        "type": "Point",
        "coordinates": [
          7.4203512,
          45.906808
        ]
      }
    },
    {
      "type": "Feature",
      "properties": {
        "id": 3643162006,
        "name": "La Rayette",
        "type": "peak",
        "elevation": 3428,
        "sort_elevation": 3428,
        "website": "",
        "description": "",
        "osm_id": 3643162006
      },
      "geometry": {
        "type": "Point",
        "coordinates": [
          7.418508,
          45.9115557
        ]
      }
    },
    {
      "type": "Feature",
      "properties": {
        "id": 3651057032,
        "name": "Pic Tyndall",
        "type": "peak",
        "elevation": 4241,
        "sort_elevation": 4241,
        "website": "",
        "description": "",
        "osm_id": 3651057032
      },
      "geometry": {
        "type": "Point",
        "coordinates": [
          7.6537092,
          45.9742852
        ]
      }
    },
    {
      "type": "Feature",
      "properties": {
        "id": 3663683338,
        "name": "Corno Piglimò",
        "type": "peak",
        "elevation": 2894,
        "sort_elevation": 2894,
        "website": "",
        "description": "",
        "osm_id": 3663683338
      },
      "geometry": {
        "type": "Point",
        "coordinates": [
          7.9613405,
          45.8972421
        ]
      }
    },
    {
      "type": "Feature",
      "properties": {
        "id": 3666226118,
        "name": "Bielti",
        "type": "peak",
        "elevation": "N/D",
        "sort_elevation": 0,
        "website": "",
        "description": "",
        "osm_id": 3666226118
      },
      "geometry": {
        "type": "Point",
        "coordinates": [
          7.726527,
          46.0028228
        ]
      }
    },
    {
      "type": "Feature",
      "properties": {
        "id": 3666925486,
        "name": "Altemberg",
        "type": "peak",
        "elevation": 2394,
        "sort_elevation": 2394,
        "website": "",
        "description": "",
        "osm_id": 3666925486
      },
      "geometry": {
        "type": "Point",
        "coordinates": [
          8.2038647,
          45.9366206
        ]
      }
    },
    {
      "type": "Feature",
      "properties": {
        "id": 3666925487,
        "name": "Corno di Vegliana",
        "type": "peak",
        "elevation": 2102,
        "sort_elevation": 2102,
        "website": "",
        "description": "",
        "osm_id": 3666925487
      },
      "geometry": {
        "type": "Point",
        "coordinates": [
          8.1931544,
          45.932635
        ]
      }
    },
    {
      "type": "Feature",
      "properties": {
        "id": 3672285891,
        "name": "Q. 2278",
        "type": "peak",
        "elevation": 2232,
        "sort_elevation": 2232,
        "website": "",
        "description": "",
        "osm_id": 3672285891
      },
      "geometry": {
        "type": "Point",
        "coordinates": [
          8.2102818,
          45.9300819
        ]
      }
    },
    {
      "type": "Feature",
      "properties": {
        "id": 3676440276,
        "name": "Motta di Pleté Centrale",
        "type": "peak",
        "elevation": 2870,
        "sort_elevation": 2870,
        "website": "",
        "description": "",
        "osm_id": 3676440276
      },
      "geometry": {
        "type": "Point",
        "coordinates": [
          7.6538477,
          45.9182265
        ]
      }
    },
    {
      "type": "Feature",
      "properties": {
        "id": 3691769535,
        "name": "Mazzaronetto",
        "type": "peak",
        "elevation": "N/D",
        "sort_elevation": 0,
        "website": "",
        "description": "",
        "osm_id": 3691769535
      },
      "geometry": {
        "type": "Point",
        "coordinates": [
          8.4451734,
          45.8496802
        ]
      }
    },
    {
      "type": "Feature",
      "properties": {
        "id": 3697202611,
        "name": "Punta Jean Vert",
        "type": "peak",
        "elevation": 3150,
        "sort_elevation": 3150,
        "website": "",
        "description": "",
        "osm_id": 3697202611
      },
      "geometry": {
        "type": "Point",
        "coordinates": [
          7.4430182,
          45.6391381
        ]
      }
    },
    {
      "type": "Feature",
      "properties": {
        "id": 3697202612,
        "name": "Testa Doreire",
        "type": "peak",
        "elevation": 2888,
        "sort_elevation": 2888,
        "website": "",
        "description": "",
        "osm_id": 3697202612
      },
      "geometry": {
        "type": "Point",
        "coordinates": [
          7.4444135,
          45.6316961
        ]
      }
    },
    {
      "type": "Feature",
      "properties": {
        "id": 3728302400,
        "name": "Gendarme",
        "type": "peak",
        "elevation": "N/D",
        "sort_elevation": 0,
        "website": "",
        "description": "",
        "osm_id": 3728302400
      },
      "geometry": {
        "type": "Point",
        "coordinates": [
          7.8025266,
          45.7604067
        ]
      }
    },
    {
      "type": "Feature",
      "properties": {
        "id": 3728302401,
        "name": "Mont Ciosè",
        "type": "peak",
        "elevation": 2647,
        "sort_elevation": 2647,
        "website": "",
        "description": "",
        "osm_id": 3728302401
      },
      "geometry": {
        "type": "Point",
        "coordinates": [
          7.7981464,
          45.7642125
        ]
      }
    },
    {
      "type": "Feature",
      "properties": {
        "id": 3739431725,
        "name": "Monte Sangiano",
        "type": "peak",
        "elevation": 532,
        "sort_elevation": 532,
        "website": "",
        "description": "",
        "osm_id": 3739431725
      },
      "geometry": {
        "type": "Point",
        "coordinates": [
          8.637369,
          45.8824869
        ]
      }
    },
    {
      "type": "Feature",
      "properties": {
        "id": 3740972016,
        "name": "La Cassa",
        "type": "peak",
        "elevation": 1137,
        "sort_elevation": 1137,
        "website": "",
        "description": "",
        "osm_id": 3740972016
      },
      "geometry": {
        "type": "Point",
        "coordinates": [
          8.1797401,
          45.8440393
        ]
      }
    },
    {
      "type": "Feature",
      "properties": {
        "id": 3745114000,
        "name": "Petite Tête de Bella Tsa",
        "type": "peak",
        "elevation": 2917,
        "sort_elevation": 2917,
        "website": "",
        "description": "",
        "osm_id": 3745114000
      },
      "geometry": {
        "type": "Point",
        "coordinates": [
          7.5696904,
          45.9367696
        ]
      }
    },
    {
      "type": "Feature",
      "properties": {
        "id": 3745142781,
        "name": "Monte Cavalpiccolo",
        "type": "peak",
        "elevation": 2190,
        "sort_elevation": 2190,
        "website": "",
        "description": "",
        "osm_id": 3745142781
      },
      "geometry": {
        "type": "Point",
        "coordinates": [
          7.8875288,
          45.5767465
        ]
      }
    },
    {
      "type": "Feature",
      "properties": {
        "id": 3745142782,
        "name": "Monte Cavalgrosso",
        "type": "peak",
        "elevation": 2227,
        "sort_elevation": 2227,
        "website": "",
        "description": "",
        "osm_id": 3745142782
      },
      "geometry": {
        "type": "Point",
        "coordinates": [
          7.8924769,
          45.5810038
        ]
      }
    },
    {
      "type": "Feature",
      "properties": {
        "id": 3745142783,
        "name": "Monte La Torretta",
        "type": "peak",
        "elevation": 2179,
        "sort_elevation": 2179,
        "website": "",
        "description": "",
        "osm_id": 3745142783
      },
      "geometry": {
        "type": "Point",
        "coordinates": [
          7.8815512,
          45.5715286
        ]
      }
    },
    {
      "type": "Feature",
      "properties": {
        "id": 3745660043,
        "name": "Mont Roisetta (Punta Sud)",
        "type": "peak",
        "elevation": 3324,
        "sort_elevation": 3324,
        "website": "",
        "description": "",
        "osm_id": 3745660043
      },
      "geometry": {
        "type": "Point",
        "coordinates": [
          7.678897,
          45.8847511
        ]
      }
    },
    {
      "type": "Feature",
      "properties": {
        "id": 3745701454,
        "name": "Poggio Frassati",
        "type": "peak",
        "elevation": 1966,
        "sort_elevation": 1966,
        "website": "",
        "description": "",
        "osm_id": 3745701454
      },
      "geometry": {
        "type": "Point",
        "coordinates": [
          7.959122,
          45.6145796
        ]
      }
    },
    {
      "type": "Feature",
      "properties": {
        "id": 3762429860,
        "name": "Punta della Forcoletta",
        "type": "peak",
        "elevation": 1785,
        "sort_elevation": 1785,
        "website": "",
        "description": "",
        "osm_id": 3762429860
      },
      "geometry": {
        "type": "Point",
        "coordinates": [
          8.5678281,
          46.1739922
        ]
      }
    },
    {
      "type": "Feature",
      "properties": {
        "id": 3767542512,
        "name": "Grand-Tournalin - Punta Nord",
        "type": "peak",
        "elevation": 3379,
        "sort_elevation": 3379,
        "website": "",
        "description": "",
        "osm_id": 3767542512
      },
      "geometry": {
        "type": "Point",
        "coordinates": [
          7.6879009,
          45.8715016
        ]
      }
    },
    {
      "type": "Feature",
      "properties": {
        "id": 3770673086,
        "name": "Tour de La Tza",
        "type": "peak",
        "elevation": 3071,
        "sort_elevation": 3071,
        "website": "",
        "description": "",
        "osm_id": 3770673086
      },
      "geometry": {
        "type": "Point",
        "coordinates": [
          7.4223209,
          45.8987387
        ]
      }
    },
    {
      "type": "Feature",
      "properties": {
        "id": 3770684645,
        "name": "Monte Quiapa",
        "type": "peak",
        "elevation": 2684,
        "sort_elevation": 2684,
        "website": "",
        "description": "",
        "osm_id": 3770684645
      },
      "geometry": {
        "type": "Point",
        "coordinates": [
          7.7516189,
          45.7844926
        ]
      }
    },
    {
      "type": "Feature",
      "properties": {
        "id": 3792916223,
        "name": "Belvedere",
        "type": "peak",
        "elevation": 960,
        "sort_elevation": 960,
        "website": "",
        "description": "",
        "osm_id": 3792916223
      },
      "geometry": {
        "type": "Point",
        "coordinates": [
          7.6927907,
          45.6819629
        ]
      }
    },
    {
      "type": "Feature",
      "properties": {
        "id": 3801251357,
        "name": "Cima la Sella",
        "type": "peak",
        "elevation": 1712,
        "sort_elevation": 1712,
        "website": "",
        "description": "",
        "osm_id": 3801251357
      },
      "geometry": {
        "type": "Point",
        "coordinates": [
          8.3744203,
          46.151513
        ]
      }
    },
    {
      "type": "Feature",
      "properties": {
        "id": 3815600688,
        "name": "Moncucco",
        "type": "peak",
        "elevation": 1963,
        "sort_elevation": 1963,
        "website": "",
        "description": "",
        "osm_id": 3815600688
      },
      "geometry": {
        "type": "Point",
        "coordinates": [
          8.4579692,
          46.086475
        ]
      }
    },
    {
      "type": "Feature",
      "properties": {
        "id": 3815600689,
        "name": "Motta di Campo",
        "type": "peak",
        "elevation": 1720,
        "sort_elevation": 1720,
        "website": "",
        "description": "",
        "osm_id": 3815600689
      },
      "geometry": {
        "type": "Point",
        "coordinates": [
          8.4481382,
          46.0567343
        ]
      }
    },
    {
      "type": "Feature",
      "properties": {
        "id": 3822284577,
        "name": "Monte Bieteron",
        "type": "peak",
        "elevation": 2764,
        "sort_elevation": 2764,
        "website": "",
        "description": "",
        "osm_id": 3822284577
      },
      "geometry": {
        "type": "Point",
        "coordinates": [
          7.782367,
          45.7773508
        ]
      }
    },
    {
      "type": "Feature",
      "properties": {
        "id": 3822368037,
        "name": "Monte Giavino",
        "type": "peak",
        "elevation": 2766,
        "sort_elevation": 2766,
        "website": "",
        "description": "",
        "osm_id": 3822368037
      },
      "geometry": {
        "type": "Point",
        "coordinates": [
          7.6249479,
          45.5121966
        ]
      }
    },
    {
      "type": "Feature",
      "properties": {
        "id": 3822373065,
        "name": "Monfandì",
        "type": "peak",
        "elevation": 2820,
        "sort_elevation": 2820,
        "website": "",
        "description": "",
        "osm_id": 3822373065
      },
      "geometry": {
        "type": "Point",
        "coordinates": [
          7.6180541,
          45.5207982
        ]
      }
    },
    {
      "type": "Feature",
      "properties": {
        "id": 3822848579,
        "name": "Truc Chaveran",
        "type": "peak",
        "elevation": 718,
        "sort_elevation": 718,
        "website": "",
        "description": "",
        "osm_id": 3822848579
      },
      "geometry": {
        "type": "Point",
        "coordinates": [
          7.7537567,
          45.6081194
        ]
      }
    },
    {
      "type": "Feature",
      "properties": {
        "id": 3824726686,
        "name": "Punta Liamau",
        "type": "peak",
        "elevation": 2734,
        "sort_elevation": 2734,
        "website": "",
        "description": "",
        "osm_id": 3824726686
      },
      "geometry": {
        "type": "Point",
        "coordinates": [
          7.6186995,
          45.5271453
        ]
      }
    },
    {
      "type": "Feature",
      "properties": {
        "id": 3826501857,
        "name": "Rifugio Alpenrose",
        "type": "hut",
        "elevation": "N/D",
        "sort_elevation": 0,
        "website": "",
        "description": "rifugioalpenrosegta.com",
        "osm_id": 3826501857
      },
      "geometry": {
        "type": "Point",
        "coordinates": [
          8.050603,
          45.9076719
        ]
      }
    },
    {
      "type": "Feature",
      "properties": {
        "id": 3828522880,
        "name": "Cristo degli Alpini",
        "type": "bivouac",
        "elevation": "N/D",
        "sort_elevation": 0,
        "website": "",
        "description": "",
        "osm_id": 3828522880
      },
      "geometry": {
        "type": "Point",
        "coordinates": [
          8.6833108,
          45.8035091
        ]
      }
    },
    {
      "type": "Feature",
      "properties": {
        "id": 3828983961,
        "name": "Cima Pariet",
        "type": "peak",
        "elevation": 1325,
        "sort_elevation": 1325,
        "website": "",
        "description": "",
        "osm_id": 3828983961
      },
      "geometry": {
        "type": "Point",
        "coordinates": [
          8.0240272,
          45.8134332
        ]
      }
    },
    {
      "type": "Feature",
      "properties": {
        "id": 3832767030,
        "name": "Cima delle Balme",
        "type": "peak",
        "elevation": 1930,
        "sort_elevation": 1930,
        "website": "",
        "description": "",
        "osm_id": 3832767030
      },
      "geometry": {
        "type": "Point",
        "coordinates": [
          8.0637995,
          45.7917746
        ]
      }
    },
    {
      "type": "Feature",
      "properties": {
        "id": 3833231730,
        "name": "Cima Vallone",
        "type": "peak",
        "elevation": 2135,
        "sort_elevation": 2135,
        "website": "",
        "description": "",
        "osm_id": 3833231730
      },
      "geometry": {
        "type": "Point",
        "coordinates": [
          7.7459108,
          45.5408072
        ]
      }
    },
    {
      "type": "Feature",
      "properties": {
        "id": 3838782008,
        "name": "Croix Courma",
        "type": "peak",
        "elevation": 1966,
        "sort_elevation": 1966,
        "website": "",
        "description": "",
        "osm_id": 3838782008
      },
      "geometry": {
        "type": "Point",
        "coordinates": [
          7.7839402,
          45.6258167
        ]
      }
    },
    {
      "type": "Feature",
      "properties": {
        "id": 3838833618,
        "name": "Testun",
        "type": "peak",
        "elevation": 1929,
        "sort_elevation": 1929,
        "website": "",
        "description": "",
        "osm_id": 3838833618
      },
      "geometry": {
        "type": "Point",
        "coordinates": [
          8.1255405,
          45.863679
        ]
      }
    },
    {
      "type": "Feature",
      "properties": {
        "id": 3838944226,
        "name": "Lose Bianche",
        "type": "peak",
        "elevation": 2435,
        "sort_elevation": 2435,
        "website": "",
        "description": "",
        "osm_id": 3838944226
      },
      "geometry": {
        "type": "Point",
        "coordinates": [
          7.8147118,
          45.6516157
        ]
      }
    },
    {
      "type": "Feature",
      "properties": {
        "id": 3840882021,
        "name": "Punta Laval Nord",
        "type": "peak",
        "elevation": 3083,
        "sort_elevation": 3083,
        "website": "",
        "description": "",
        "osm_id": 3840882021
      },
      "geometry": {
        "type": "Point",
        "coordinates": [
          7.434529,
          45.6461893
        ]
      }
    },
    {
      "type": "Feature",
      "properties": {
        "id": 3840882022,
        "name": "Punta Laval Sud",
        "type": "peak",
        "elevation": 3094,
        "sort_elevation": 3094,
        "website": "",
        "description": "",
        "osm_id": 3840882022
      },
      "geometry": {
        "type": "Point",
        "coordinates": [
          7.4366248,
          45.6454552
        ]
      }
    },
    {
      "type": "Feature",
      "properties": {
        "id": 3844622478,
        "name": "Monte Cresto",
        "type": "peak",
        "elevation": 2546,
        "sort_elevation": 2546,
        "website": "",
        "description": "",
        "osm_id": 3844622478
      },
      "geometry": {
        "type": "Point",
        "coordinates": [
          7.9105095,
          45.6805332
        ]
      }
    },
    {
      "type": "Feature",
      "properties": {
        "id": 3844847164,
        "name": "Cima Biolley",
        "type": "peak",
        "elevation": 1986,
        "sort_elevation": 1986,
        "website": "",
        "description": "",
        "osm_id": 3844847164
      },
      "geometry": {
        "type": "Point",
        "coordinates": [
          7.7726601,
          45.5361009
        ]
      }
    },
    {
      "type": "Feature",
      "properties": {
        "id": 3844847165,
        "name": "Cima Bracca",
        "type": "peak",
        "elevation": 1925,
        "sort_elevation": 1925,
        "website": "",
        "description": "",
        "osm_id": 3844847165
      },
      "geometry": {
        "type": "Point",
        "coordinates": [
          7.7612527,
          45.5386294
        ]
      }
    },
    {
      "type": "Feature",
      "properties": {
        "id": 3849213704,
        "name": "Cima delle Chiose",
        "type": "peak",
        "elevation": 2495,
        "sort_elevation": 2495,
        "website": "",
        "description": "",
        "osm_id": 3849213704
      },
      "geometry": {
        "type": "Point",
        "coordinates": [
          7.6072269,
          45.5458301
        ]
      }
    },
    {
      "type": "Feature",
      "properties": {
        "id": 3856607212,
        "name": "Nodo della Rayette",
        "type": "peak",
        "elevation": 3440,
        "sort_elevation": 3440,
        "website": "",
        "description": "",
        "osm_id": 3856607212
      },
      "geometry": {
        "type": "Point",
        "coordinates": [
          7.4208027,
          45.9121017
        ]
      }
    },
    {
      "type": "Feature",
      "properties": {
        "id": 3859020669,
        "name": "Monte Lion",
        "type": "peak",
        "elevation": 2009,
        "sort_elevation": 2009,
        "website": "",
        "description": "",
        "osm_id": 3859020669
      },
      "geometry": {
        "type": "Point",
        "coordinates": [
          7.69274,
          45.5016689
        ]
      }
    },
    {
      "type": "Feature",
      "properties": {
        "id": 3860781332,
        "name": "Mont Delà",
        "type": "peak",
        "elevation": 3139,
        "sort_elevation": 3139,
        "website": "",
        "description": "",
        "osm_id": 3860781332
      },
      "geometry": {
        "type": "Point",
        "coordinates": [
          7.5293183,
          45.6241187
        ]
      }
    },
    {
      "type": "Feature",
      "properties": {
        "id": 3864840058,
        "name": "Colle della Guardia",
        "type": "peak",
        "elevation": 541,
        "sort_elevation": 541,
        "website": "",
        "description": "",
        "osm_id": 3864840058
      },
      "geometry": {
        "type": "Point",
        "coordinates": [
          8.4077703,
          45.7541342
        ]
      }
    },
    {
      "type": "Feature",
      "properties": {
        "id": 3870625687,
        "name": "Bec Renon",
        "type": "peak",
        "elevation": 2265,
        "sort_elevation": 2265,
        "website": "",
        "description": "",
        "osm_id": 3870625687
      },
      "geometry": {
        "type": "Point",
        "coordinates": [
          7.7581256,
          45.565127
        ]
      }
    },
    {
      "type": "Feature",
      "properties": {
        "id": 3883407292,
        "name": "Le Grand-Château",
        "type": "peak",
        "elevation": 1634,
        "sort_elevation": 1634,
        "website": "",
        "description": "",
        "osm_id": 3883407292
      },
      "geometry": {
        "type": "Point",
        "coordinates": [
          7.7026043,
          45.624394
        ]
      }
    },
    {
      "type": "Feature",
      "properties": {
        "id": 3895047305,
        "name": "Bec Tolomont",
        "type": "peak",
        "elevation": 1805,
        "sort_elevation": 1805,
        "website": "",
        "description": "",
        "osm_id": 3895047305
      },
      "geometry": {
        "type": "Point",
        "coordinates": [
          7.5140218,
          45.7128369
        ]
      }
    },
    {
      "type": "Feature",
      "properties": {
        "id": 3906134035,
        "name": "Truc del Buscajun",
        "type": "peak",
        "elevation": 2110,
        "sort_elevation": 2110,
        "website": "",
        "description": "",
        "osm_id": 3906134035
      },
      "geometry": {
        "type": "Point",
        "coordinates": [
          7.9068307,
          45.5899532
        ]
      }
    },
    {
      "type": "Feature",
      "properties": {
        "id": 3909716598,
        "name": "Cima Carnera",
        "type": "peak",
        "elevation": 2741,
        "sort_elevation": 2741,
        "website": "",
        "description": "",
        "osm_id": 3909716598
      },
      "geometry": {
        "type": "Point",
        "coordinates": [
          7.9698643,
          45.8549818
        ]
      }
    },
    {
      "type": "Feature",
      "properties": {
        "id": 3912721980,
        "name": "Cima del Tiglio",
        "type": "peak",
        "elevation": 2546,
        "sort_elevation": 2546,
        "website": "",
        "description": "",
        "osm_id": 3912721980
      },
      "geometry": {
        "type": "Point",
        "coordinates": [
          8.0122982,
          45.8993457
        ]
      }
    },
    {
      "type": "Feature",
      "properties": {
        "id": 3912777954,
        "name": "Pioda di Crana",
        "type": "peak",
        "elevation": 2430,
        "sort_elevation": 2430,
        "website": "",
        "description": "",
        "osm_id": 3912777954
      },
      "geometry": {
        "type": "Point",
        "coordinates": [
          8.4480387,
          46.1956456
        ]
      }
    },
    {
      "type": "Feature",
      "properties": {
        "id": 3914012330,
        "name": "Monte Miracolo",
        "type": "peak",
        "elevation": 2601,
        "sort_elevation": 2601,
        "website": "https://www.inalto.org/it/schede/vette/monte_miracolo",
        "description": "",
        "osm_id": 3914012330
      },
      "geometry": {
        "type": "Point",
        "coordinates": [
          7.5420862,
          45.8347875
        ]
      }
    },
    {
      "type": "Feature",
      "properties": {
        "id": 3926024718,
        "name": "Sass de l'Om",
        "type": "peak",
        "elevation": "N/D",
        "sort_elevation": 0,
        "website": "",
        "description": "",
        "osm_id": 3926024718
      },
      "geometry": {
        "type": "Point",
        "coordinates": [
          8.4422948,
          45.8514033
        ]
      }
    },
    {
      "type": "Feature",
      "properties": {
        "id": 3974221331,
        "name": "Punta Bordevolo",
        "type": "peak",
        "elevation": 2622,
        "sort_elevation": 2622,
        "website": "",
        "description": "",
        "osm_id": 3974221331
      },
      "geometry": {
        "type": "Point",
        "coordinates": [
          7.6371973,
          45.5026763
        ]
      }
    },
    {
      "type": "Feature",
      "properties": {
        "id": 3981936474,
        "name": "Bec de Nona",
        "type": "peak",
        "elevation": 1917,
        "sort_elevation": 1917,
        "website": "",
        "description": "",
        "osm_id": 3981936474
      },
      "geometry": {
        "type": "Point",
        "coordinates": [
          7.6504057,
          45.6353002
        ]
      }
    },
    {
      "type": "Feature",
      "properties": {
        "id": 3984618030,
        "name": "Mont Bechit",
        "type": "peak",
        "elevation": 2320,
        "sort_elevation": 2320,
        "website": "",
        "description": "",
        "osm_id": 3984618030
      },
      "geometry": {
        "type": "Point",
        "coordinates": [
          7.8944982,
          45.6085488
        ]
      }
    },
    {
      "type": "Feature",
      "properties": {
        "id": 3997580019,
        "name": "Cima Scaravini",
        "type": "peak",
        "elevation": 2119,
        "sort_elevation": 2119,
        "website": "",
        "description": "",
        "osm_id": 3997580019
      },
      "geometry": {
        "type": "Point",
        "coordinates": [
          8.3192995,
          45.9489039
        ]
      }
    },
    {
      "type": "Feature",
      "properties": {
        "id": 4011231028,
        "name": "Mont de Molar",
        "type": "peak",
        "elevation": 2502,
        "sort_elevation": 2502,
        "website": "",
        "description": "",
        "osm_id": 4011231028
      },
      "geometry": {
        "type": "Point",
        "coordinates": [
          7.6546295,
          45.8734695
        ]
      }
    },
    {
      "type": "Feature",
      "properties": {
        "id": 4011231158,
        "name": "Mont de Molar Ovest",
        "type": "peak",
        "elevation": 2485,
        "sort_elevation": 2485,
        "website": "",
        "description": "",
        "osm_id": 4011231158
      },
      "geometry": {
        "type": "Point",
        "coordinates": [
          7.6522698,
          45.8724325
        ]
      }
    },
    {
      "type": "Feature",
      "properties": {
        "id": 4019716807,
        "name": "Bec Raty centrale",
        "type": "peak",
        "elevation": 2398,
        "sort_elevation": 2398,
        "website": "",
        "description": "",
        "osm_id": 4019716807
      },
      "geometry": {
        "type": "Point",
        "coordinates": [
          7.5710648,
          45.6208885
        ]
      }
    },
    {
      "type": "Feature",
      "properties": {
        "id": 4019716808,
        "name": "Bec Raty orientale",
        "type": "peak",
        "elevation": 2382,
        "sort_elevation": 2382,
        "website": "",
        "description": "",
        "osm_id": 4019716808
      },
      "geometry": {
        "type": "Point",
        "coordinates": [
          7.5752223,
          45.6207879
        ]
      }
    },
    {
      "type": "Feature",
      "properties": {
        "id": 4019726901,
        "name": "Bec Barmasse",
        "type": "peak",
        "elevation": 2302,
        "sort_elevation": 2302,
        "website": "",
        "description": "",
        "osm_id": 4019726901
      },
      "geometry": {
        "type": "Point",
        "coordinates": [
          7.5829397,
          45.6255138
        ]
      }
    },
    {
      "type": "Feature",
      "properties": {
        "id": 4019726902,
        "name": "Mont Ros",
        "type": "peak",
        "elevation": 2288,
        "sort_elevation": 2288,
        "website": "",
        "description": "",
        "osm_id": 4019726902
      },
      "geometry": {
        "type": "Point",
        "coordinates": [
          7.589236,
          45.6292149
        ]
      }
    },
    {
      "type": "Feature",
      "properties": {
        "id": 4022005397,
        "name": "Punta Straling",
        "type": "peak",
        "elevation": 3115,
        "sort_elevation": 3115,
        "website": "",
        "description": "",
        "osm_id": 4022005397
      },
      "geometry": {
        "type": "Point",
        "coordinates": [
          7.8738933,
          45.853749
        ]
      }
    },
    {
      "type": "Feature",
      "properties": {
        "id": 4055324759,
        "name": "Cima di Foggia",
        "type": "peak",
        "elevation": 1538,
        "sort_elevation": 1538,
        "website": "",
        "description": "",
        "osm_id": 4055324759
      },
      "geometry": {
        "type": "Point",
        "coordinates": [
          8.1126472,
          45.7002519
        ]
      }
    },
    {
      "type": "Feature",
      "properties": {
        "id": 4055324761,
        "name": "Cima di Bors",
        "type": "peak",
        "elevation": 1959,
        "sort_elevation": 1959,
        "website": "",
        "description": "",
        "osm_id": 4055324761
      },
      "geometry": {
        "type": "Point",
        "coordinates": [
          8.1141121,
          45.7348258
        ]
      }
    },
    {
      "type": "Feature",
      "properties": {
        "id": 4079655340,
        "name": "Motto Solivo",
        "type": "peak",
        "elevation": 377,
        "sort_elevation": 377,
        "website": "",
        "description": "",
        "osm_id": 4079655340
      },
      "geometry": {
        "type": "Point",
        "coordinates": [
          8.5755606,
          45.6987535
        ]
      }
    },
    {
      "type": "Feature",
      "properties": {
        "id": 4079735632,
        "name": "Montagna Ronda",
        "type": "peak",
        "elevation": 2414,
        "sort_elevation": 2414,
        "website": "",
        "description": "",
        "osm_id": 4079735632
      },
      "geometry": {
        "type": "Point",
        "coordinates": [
          8.221021,
          45.9546739
        ]
      }
    },
    {
      "type": "Feature",
      "properties": {
        "id": 4086657824,
        "name": "Monte Sarezza",
        "type": "peak",
        "elevation": 2787,
        "sort_elevation": 2787,
        "website": "",
        "description": "",
        "osm_id": 4086657824
      },
      "geometry": {
        "type": "Point",
        "coordinates": [
          7.7641464,
          45.8398402
        ]
      }
    },
    {
      "type": "Feature",
      "properties": {
        "id": 4119504100,
        "name": "Diablon des Dames",
        "type": "peak",
        "elevation": 3538,
        "sort_elevation": 3538,
        "website": "",
        "description": "",
        "osm_id": 4119504100
      },
      "geometry": {
        "type": "Point",
        "coordinates": [
          7.6720223,
          46.1372722
        ]
      }
    },
    {
      "type": "Feature",
      "properties": {
        "id": 4131425462,
        "name": "Rifugio Magià",
        "type": "hut",
        "elevation": 2007,
        "sort_elevation": 2007,
        "website": "http://www.rifugiomagia.it",
        "description": "",
        "osm_id": 4131425462
      },
      "geometry": {
        "type": "Point",
        "coordinates": [
          7.5078975,
          45.8404087
        ]
      }
    },
    {
      "type": "Feature",
      "properties": {
        "id": 4147500406,
        "name": "Monte Penegra",
        "type": "peak",
        "elevation": 550,
        "sort_elevation": 550,
        "website": "",
        "description": "",
        "osm_id": 4147500406
      },
      "geometry": {
        "type": "Point",
        "coordinates": [
          8.7967732,
          45.9457903
        ]
      }
    },
    {
      "type": "Feature",
      "properties": {
        "id": 4189243411,
        "name": "Punta Chermontane",
        "type": "peak",
        "elevation": 2680,
        "sort_elevation": 2680,
        "website": "",
        "description": "",
        "osm_id": 4189243411
      },
      "geometry": {
        "type": "Point",
        "coordinates": [
          7.5268757,
          45.6967793
        ]
      }
    },
    {
      "type": "Feature",
      "properties": {
        "id": 4210737012,
        "name": "Monte Massaro",
        "type": "peak",
        "elevation": 1276,
        "sort_elevation": 1276,
        "website": "",
        "description": "",
        "osm_id": 4210737012
      },
      "geometry": {
        "type": "Point",
        "coordinates": [
          8.3194649,
          45.8366824
        ]
      }
    },
    {
      "type": "Feature",
      "properties": {
        "id": 4236477181,
        "name": "Pointe d'Arcomy",
        "type": "peak",
        "elevation": 1990,
        "sort_elevation": 1990,
        "website": "",
        "description": "",
        "osm_id": 4236477181
      },
      "geometry": {
        "type": "Point",
        "coordinates": [
          7.6377966,
          45.6382295
        ]
      }
    },
    {
      "type": "Feature",
      "properties": {
        "id": 4240240065,
        "name": "Rocca d'Argimonia",
        "type": "peak",
        "elevation": 1610,
        "sort_elevation": 1610,
        "website": "",
        "description": "",
        "osm_id": 4240240065
      },
      "geometry": {
        "type": "Point",
        "coordinates": [
          8.1045549,
          45.6676354
        ]
      }
    },
    {
      "type": "Feature",
      "properties": {
        "id": 4288028419,
        "name": "Monte di Chamousira",
        "type": "peak",
        "elevation": 1755,
        "sort_elevation": 1755,
        "website": "",
        "description": "",
        "osm_id": 4288028419
      },
      "geometry": {
        "type": "Point",
        "coordinates": [
          7.7522887,
          45.7533392
        ]
      }
    },
    {
      "type": "Feature",
      "properties": {
        "id": 4292824613,
        "name": "Mitre de l'Eveque",
        "type": "peak",
        "elevation": 3672,
        "sort_elevation": 3672,
        "website": "",
        "description": "",
        "osm_id": 4292824613
      },
      "geometry": {
        "type": "Point",
        "coordinates": [
          7.5064041,
          45.9688414
        ]
      }
    },
    {
      "type": "Feature",
      "properties": {
        "id": 4292824615,
        "name": "Dents des Bouquetins - Sommet Nord",
        "type": "peak",
        "elevation": 3779,
        "sort_elevation": 3779,
        "website": "",
        "description": "",
        "osm_id": 4292824615
      },
      "geometry": {
        "type": "Point",
        "coordinates": [
          7.5447591,
          45.9875416
        ]
      }
    },
    {
      "type": "Feature",
      "properties": {
        "id": 4292824616,
        "name": "Dents des Bouquetins - Sommet Sud",
        "type": "peak",
        "elevation": 3670,
        "sort_elevation": 3670,
        "website": "",
        "description": "",
        "osm_id": 4292824616
      },
      "geometry": {
        "type": "Point",
        "coordinates": [
          7.5421604,
          45.9778415
        ]
      }
    },
    {
      "type": "Feature",
      "properties": {
        "id": 4311058673,
        "name": "Mont Digny",
        "type": "peak",
        "elevation": 2134,
        "sort_elevation": 2134,
        "website": "",
        "description": "",
        "osm_id": 4311058673
      },
      "geometry": {
        "type": "Point",
        "coordinates": [
          7.6430204,
          45.6013295
        ]
      }
    },
    {
      "type": "Feature",
      "properties": {
        "id": 4311058674,
        "name": "Mont Giavin",
        "type": "peak",
        "elevation": 2438,
        "sort_elevation": 2438,
        "website": "",
        "description": "",
        "osm_id": 4311058674
      },
      "geometry": {
        "type": "Point",
        "coordinates": [
          7.6329031,
          45.5947235
        ]
      }
    },
    {
      "type": "Feature",
      "properties": {
        "id": 4311058675,
        "name": "Punta di Chenessy",
        "type": "peak",
        "elevation": 2630,
        "sort_elevation": 2630,
        "website": "",
        "description": "",
        "osm_id": 4311058675
      },
      "geometry": {
        "type": "Point",
        "coordinates": [
          7.6298347,
          45.5851434
        ]
      }
    },
    {
      "type": "Feature",
      "properties": {
        "id": 4329880099,
        "name": "Testa del Parise",
        "type": "peak",
        "elevation": 2092,
        "sort_elevation": 2092,
        "website": "",
        "description": "",
        "osm_id": 4329880099
      },
      "geometry": {
        "type": "Point",
        "coordinates": [
          8.3569832,
          46.0684252
        ]
      }
    },
    {
      "type": "Feature",
      "properties": {
        "id": 4331921306,
        "name": "Pointe de Verdonaz",
        "type": "peak",
        "elevation": 2875,
        "sort_elevation": 2875,
        "website": "",
        "description": "",
        "osm_id": 4331921306
      },
      "geometry": {
        "type": "Point",
        "coordinates": [
          7.4224798,
          45.8182925
        ]
      }
    },
    {
      "type": "Feature",
      "properties": {
        "id": 4335921282,
        "name": "Monte Bavarione",
        "type": "peak",
        "elevation": 1505,
        "sort_elevation": 1505,
        "website": "",
        "description": "",
        "osm_id": 4335921282
      },
      "geometry": {
        "type": "Point",
        "coordinates": [
          8.5898984,
          46.0392895
        ]
      }
    },
    {
      "type": "Feature",
      "properties": {
        "id": 4352239989,
        "name": "Corno Rosso",
        "type": "peak",
        "elevation": 3022,
        "sort_elevation": 3022,
        "website": "",
        "description": "",
        "osm_id": 4352239989
      },
      "geometry": {
        "type": "Point",
        "coordinates": [
          7.8689298,
          45.8671963
        ]
      }
    },
    {
      "type": "Feature",
      "properties": {
        "id": 4399549524,
        "name": "Cabane d'Arpitettaz",
        "type": "hut",
        "elevation": 2786,
        "sort_elevation": 2786,
        "website": "https://www.arpitettaz.ch/",
        "description": "",
        "osm_id": 4399549524
      },
      "geometry": {
        "type": "Point",
        "coordinates": [
          7.6793553,
          46.1008928
        ]
      }
    },
    {
      "type": "Feature",
      "properties": {
        "id": 4399562394,
        "name": "Cabane de Moiry",
        "type": "hut",
        "elevation": 2825,
        "sort_elevation": 2825,
        "website": "https://cabane-moiry.ch/",
        "description": "",
        "osm_id": 4399562394
      },
      "geometry": {
        "type": "Point",
        "coordinates": [
          7.5954924,
          46.0906851
        ]
      }
    },
    {
      "type": "Feature",
      "properties": {
        "id": 4399727779,
        "name": "Kleiner Pollux",
        "type": "peak",
        "elevation": "N/D",
        "sort_elevation": 0,
        "website": "",
        "description": "",
        "osm_id": 4399727779
      },
      "geometry": {
        "type": "Point",
        "coordinates": [
          7.7946745,
          45.9485116
        ]
      }
    },
    {
      "type": "Feature",
      "properties": {
        "id": 4399832720,
        "name": "Cabane de la Tsa",
        "type": "hut",
        "elevation": 2607,
        "sort_elevation": 2607,
        "website": "https://www.cabtza.com/",
        "description": "",
        "osm_id": 4399832720
      },
      "geometry": {
        "type": "Point",
        "coordinates": [
          7.5038158,
          46.0303483
        ]
      }
    },
    {
      "type": "Feature",
      "properties": {
        "id": 4401592902,
        "name": "Dents des Bouquetins - Faux Sommet",
        "type": "peak",
        "elevation": 3824,
        "sort_elevation": 3824,
        "website": "",
        "description": "",
        "osm_id": 4401592902
      },
      "geometry": {
        "type": "Point",
        "coordinates": [
          7.5458019,
          45.9828858
        ]
      }
    },
    {
      "type": "Feature",
      "properties": {
        "id": 4401592903,
        "name": "Tête de Chavanne",
        "type": "peak",
        "elevation": 3671,
        "sort_elevation": 3671,
        "website": "",
        "description": "",
        "osm_id": 4401592903
      },
      "geometry": {
        "type": "Point",
        "coordinates": [
          7.5647952,
          45.9863828
        ]
      }
    },
    {
      "type": "Feature",
      "properties": {
        "id": 4401592947,
        "name": "Mont Miné",
        "type": "peak",
        "elevation": 2914,
        "sort_elevation": 2914,
        "website": "",
        "description": "",
        "osm_id": 4401592947
      },
      "geometry": {
        "type": "Point",
        "coordinates": [
          7.5581982,
          46.0286028
        ]
      }
    },
    {
      "type": "Feature",
      "properties": {
        "id": 4401607322,
        "name": "Pointe de Chamois",
        "type": "peak",
        "elevation": 3387,
        "sort_elevation": 3387,
        "website": "",
        "description": "",
        "osm_id": 4401607322
      },
      "geometry": {
        "type": "Point",
        "coordinates": [
          7.5261953,
          46.0036272
        ]
      }
    },
    {
      "type": "Feature",
      "properties": {
        "id": 4401607323,
        "name": "Pointe de Bertol",
        "type": "peak",
        "elevation": 3499,
        "sort_elevation": 3499,
        "website": "",
        "description": "",
        "osm_id": 4401607323
      },
      "geometry": {
        "type": "Point",
        "coordinates": [
          7.5282236,
          46.0095812
        ]
      }
    },
    {
      "type": "Feature",
      "properties": {
        "id": 4401607324,
        "name": "Pointe Sud des Douves Blanches",
        "type": "peak",
        "elevation": 3642,
        "sort_elevation": 3642,
        "website": "",
        "description": "",
        "osm_id": 4401607324
      },
      "geometry": {
        "type": "Point",
        "coordinates": [
          7.5210115,
          46.0153335
        ]
      }
    },
    {
      "type": "Feature",
      "properties": {
        "id": 4401607325,
        "name": "Pointe Nord des Douves Blanches",
        "type": "peak",
        "elevation": 3664,
        "sort_elevation": 3664,
        "website": "",
        "description": "",
        "osm_id": 4401607325
      },
      "geometry": {
        "type": "Point",
        "coordinates": [
          7.5214904,
          46.0181899
        ]
      }
    },
    {
      "type": "Feature",
      "properties": {
        "id": 4401613936,
        "name": "P3150",
        "type": "peak",
        "elevation": "N/D",
        "sort_elevation": 0,
        "website": "",
        "description": "",
        "osm_id": 4401613936
      },
      "geometry": {
        "type": "Point",
        "coordinates": [
          7.5321253,
          45.9752718
        ]
      }
    },
    {
      "type": "Feature",
      "properties": {
        "id": 4401648183,
        "name": "Stier",
        "type": "peak",
        "elevation": 3507,
        "sort_elevation": 3507,
        "website": "",
        "description": "",
        "osm_id": 4401648183
      },
      "geometry": {
        "type": "Point",
        "coordinates": [
          7.6966106,
          46.1353881
        ]
      }
    },
    {
      "type": "Feature",
      "properties": {
        "id": 4406457706,
        "name": "Monte (Pizzo) Castello",
        "type": "peak",
        "elevation": 781,
        "sort_elevation": 781,
        "website": "",
        "description": "",
        "osm_id": 4406457706
      },
      "geometry": {
        "type": "Point",
        "coordinates": [
          8.3693478,
          45.843798
        ]
      }
    },
    {
      "type": "Feature",
      "properties": {
        "id": 4407261997,
        "name": "Mont Jetire",
        "type": "peak",
        "elevation": 2145,
        "sort_elevation": 2145,
        "website": "",
        "description": "",
        "osm_id": 4407261997
      },
      "geometry": {
        "type": "Point",
        "coordinates": [
          7.6819563,
          45.7778797
        ]
      }
    },
    {
      "type": "Feature",
      "properties": {
        "id": 4430436890,
        "name": "Bec Gavin",
        "type": "peak",
        "elevation": 2002,
        "sort_elevation": 2002,
        "website": "",
        "description": "",
        "osm_id": 4430436890
      },
      "geometry": {
        "type": "Point",
        "coordinates": [
          7.640002,
          45.6593804
        ]
      }
    },
    {
      "type": "Feature",
      "properties": {
        "id": 4438713562,
        "name": "Motto della Croce",
        "type": "peak",
        "elevation": 471,
        "sort_elevation": 471,
        "website": "",
        "description": "",
        "osm_id": 4438713562
      },
      "geometry": {
        "type": "Point",
        "coordinates": [
          8.465489,
          45.744138
        ]
      }
    },
    {
      "type": "Feature",
      "properties": {
        "id": 4439581751,
        "name": "Punta Vittoria",
        "type": "peak",
        "elevation": 3435,
        "sort_elevation": 3435,
        "website": "",
        "description": "",
        "osm_id": 4439581751
      },
      "geometry": {
        "type": "Point",
        "coordinates": [
          7.8782549,
          45.8967991
        ]
      }
    },
    {
      "type": "Feature",
      "properties": {
        "id": 4450921685,
        "name": "Monte Pinter",
        "type": "peak",
        "elevation": 3132,
        "sort_elevation": 3132,
        "website": "",
        "description": "",
        "osm_id": 4450921685
      },
      "geometry": {
        "type": "Point",
        "coordinates": [
          7.7914299,
          45.8234804
        ]
      }
    },
    {
      "type": "Feature",
      "properties": {
        "id": 4453712876,
        "name": "Rocca di Verra",
        "type": "peak",
        "elevation": 3321,
        "sort_elevation": 3321,
        "website": "",
        "description": "",
        "osm_id": 4453712876
      },
      "geometry": {
        "type": "Point",
        "coordinates": [
          7.7384003,
          45.9052596
        ]
      }
    },
    {
      "type": "Feature",
      "properties": {
        "id": 4458392985,
        "name": "Cima della Forcola",
        "type": "peak",
        "elevation": 1850,
        "sort_elevation": 1850,
        "website": "",
        "description": "",
        "osm_id": 4458392985
      },
      "geometry": {
        "type": "Point",
        "coordinates": [
          8.4908035,
          46.0858692
        ]
      }
    },
    {
      "type": "Feature",
      "properties": {
        "id": 4463091990,
        "name": "Cima Ravinella",
        "type": "peak",
        "elevation": 2117,
        "sort_elevation": 2117,
        "website": "",
        "description": "",
        "osm_id": 4463091990
      },
      "geometry": {
        "type": "Point",
        "coordinates": [
          8.252862,
          45.9475927
        ]
      }
    },
    {
      "type": "Feature",
      "properties": {
        "id": 4463097657,
        "name": "Punta dell'Usciolo",
        "type": "peak",
        "elevation": 2187,
        "sort_elevation": 2187,
        "website": "",
        "description": "",
        "osm_id": 4463097657
      },
      "geometry": {
        "type": "Point",
        "coordinates": [
          8.2468216,
          45.9523972
        ]
      }
    },
    {
      "type": "Feature",
      "properties": {
        "id": 4466782393,
        "name": "La Colma",
        "type": "peak",
        "elevation": 795,
        "sort_elevation": 795,
        "website": "",
        "description": "",
        "osm_id": 4466782393
      },
      "geometry": {
        "type": "Point",
        "coordinates": [
          8.7365488,
          46.1942898
        ]
      }
    },
    {
      "type": "Feature",
      "properties": {
        "id": 4473658118,
        "name": "Monte Alom",
        "type": "peak",
        "elevation": 2011,
        "sort_elevation": 2011,
        "website": "",
        "description": "",
        "osm_id": 4473658118
      },
      "geometry": {
        "type": "Point",
        "coordinates": [
          8.39718,
          46.1582539
        ]
      }
    },
    {
      "type": "Feature",
      "properties": {
        "id": 4474091321,
        "name": "Monte Todano",
        "type": "peak",
        "elevation": 1634,
        "sort_elevation": 1634,
        "website": "",
        "description": "",
        "osm_id": 4474091321
      },
      "geometry": {
        "type": "Point",
        "coordinates": [
          8.5454944,
          46.0159226
        ]
      }
    },
    {
      "type": "Feature",
      "properties": {
        "id": 4480347637,
        "name": "Cima delle Croci",
        "type": "peak",
        "elevation": 2501,
        "sort_elevation": 2501,
        "website": "",
        "description": "",
        "osm_id": 4480347637
      },
      "geometry": {
        "type": "Point",
        "coordinates": [
          7.9912216,
          45.8424508
        ]
      }
    },
    {
      "type": "Feature",
      "properties": {
        "id": 4483469444,
        "name": "Bivacco Bocchetta di Campo",
        "type": "bivouac",
        "elevation": 1994,
        "sort_elevation": 1994,
        "website": "",
        "description": "",
        "osm_id": 4483469444
      },
      "geometry": {
        "type": "Point",
        "coordinates": [
          8.4595591,
          46.0471854
        ]
      }
    },
    {
      "type": "Feature",
      "properties": {
        "id": 4490997775,
        "name": "Corno d'Otro",
        "type": "peak",
        "elevation": 2494,
        "sort_elevation": 2494,
        "website": "",
        "description": "",
        "osm_id": 4490997775
      },
      "geometry": {
        "type": "Point",
        "coordinates": [
          7.9212845,
          45.8291769
        ]
      }
    },
    {
      "type": "Feature",
      "properties": {
        "id": 4499049430,
        "name": "Monte Ziccher",
        "type": "peak",
        "elevation": 1967,
        "sort_elevation": 1967,
        "website": "",
        "description": "",
        "osm_id": 4499049430
      },
      "geometry": {
        "type": "Point",
        "coordinates": [
          8.5341167,
          46.163397
        ]
      }
    },
    {
      "type": "Feature",
      "properties": {
        "id": 4501046201,
        "name": "Cima della Bondala",
        "type": "peak",
        "elevation": 1770,
        "sort_elevation": 1770,
        "website": "",
        "description": "",
        "osm_id": 4501046201
      },
      "geometry": {
        "type": "Point",
        "coordinates": [
          8.1026447,
          45.7197833
        ]
      }
    },
    {
      "type": "Feature",
      "properties": {
        "id": 4501883375,
        "name": "La Trucca",
        "type": "peak",
        "elevation": 1777,
        "sort_elevation": 1777,
        "website": "",
        "description": "",
        "osm_id": 4501883375
      },
      "geometry": {
        "type": "Point",
        "coordinates": [
          7.7021678,
          45.5404147
        ]
      }
    },
    {
      "type": "Feature",
      "properties": {
        "id": 4505444110,
        "name": "Corno di Stofful occidentale",
        "type": "peak",
        "elevation": 2466,
        "sort_elevation": 2466,
        "website": "",
        "description": "",
        "osm_id": 4505444110
      },
      "geometry": {
        "type": "Point",
        "coordinates": [
          7.9145471,
          45.8767724
        ]
      }
    },
    {
      "type": "Feature",
      "properties": {
        "id": 4505549031,
        "name": "Corno di Stofful orientale",
        "type": "peak",
        "elevation": 2385,
        "sort_elevation": 2385,
        "website": "",
        "description": "",
        "osm_id": 4505549031
      },
      "geometry": {
        "type": "Point",
        "coordinates": [
          7.9223026,
          45.8765782
        ]
      }
    },
    {
      "type": "Feature",
      "properties": {
        "id": 4513347146,
        "name": "Punta Rossa",
        "type": "peak",
        "elevation": 2695,
        "sort_elevation": 2695,
        "website": "",
        "description": "",
        "osm_id": 4513347146
      },
      "geometry": {
        "type": "Point",
        "coordinates": [
          7.4455067,
          45.5789359
        ]
      }
    },
    {
      "type": "Feature",
      "properties": {
        "id": 4518252331,
        "name": "Corno Grosso",
        "type": "peak",
        "elevation": 3042,
        "sort_elevation": 3042,
        "website": "",
        "description": "",
        "osm_id": 4518252331
      },
      "geometry": {
        "type": "Point",
        "coordinates": [
          7.8653609,
          45.8443402
        ]
      }
    },
    {
      "type": "Feature",
      "properties": {
        "id": 4521168644,
        "name": "Croce di Rovareccio",
        "type": "peak",
        "elevation": 1767,
        "sort_elevation": 1767,
        "website": "",
        "description": "",
        "osm_id": 4521168644
      },
      "geometry": {
        "type": "Point",
        "coordinates": [
          8.3817732,
          46.1521214
        ]
      }
    },
    {
      "type": "Feature",
      "properties": {
        "id": 4523154274,
        "name": "Cima Trubbio",
        "type": "peak",
        "elevation": 2062,
        "sort_elevation": 2062,
        "website": "",
        "description": "",
        "osm_id": 4523154274
      },
      "geometry": {
        "type": "Point",
        "coordinates": [
          8.4932664,
          46.1731205
        ]
      }
    },
    {
      "type": "Feature",
      "properties": {
        "id": 4523172817,
        "name": "Monte Corno",
        "type": "peak",
        "elevation": 1508,
        "sort_elevation": 1508,
        "website": "",
        "description": "",
        "osm_id": 4523172817
      },
      "geometry": {
        "type": "Point",
        "coordinates": [
          8.5492825,
          46.1887306
        ]
      }
    },
    {
      "type": "Feature",
      "properties": {
        "id": 4523251456,
        "name": "Monte la Cavallina",
        "type": "peak",
        "elevation": 1504,
        "sort_elevation": 1504,
        "website": "",
        "description": "",
        "osm_id": 4523251456
      },
      "geometry": {
        "type": "Point",
        "coordinates": [
          8.5646154,
          46.1567904
        ]
      }
    },
    {
      "type": "Feature",
      "properties": {
        "id": 4523409894,
        "name": "Il sassetto",
        "type": "peak",
        "elevation": 1766,
        "sort_elevation": 1766,
        "website": "",
        "description": "",
        "osm_id": 4523409894
      },
      "geometry": {
        "type": "Point",
        "coordinates": [
          8.518395,
          46.15976
        ]
      }
    },
    {
      "type": "Feature",
      "properties": {
        "id": 4523952384,
        "name": "la Cima",
        "type": "peak",
        "elevation": 1803,
        "sort_elevation": 1803,
        "website": "",
        "description": "",
        "osm_id": 4523952384
      },
      "geometry": {
        "type": "Point",
        "coordinates": [
          8.4771845,
          46.162795
        ]
      }
    },
    {
      "type": "Feature",
      "properties": {
        "id": 4524508272,
        "name": "Cima Alta",
        "type": "peak",
        "elevation": 2056,
        "sort_elevation": 2056,
        "website": "",
        "description": "",
        "osm_id": 4524508272
      },
      "geometry": {
        "type": "Point",
        "coordinates": [
          8.4771806,
          46.1836575
        ]
      }
    },
    {
      "type": "Feature",
      "properties": {
        "id": 4524541903,
        "name": "Pizzo di Fontanalba",
        "type": "peak",
        "elevation": 2200,
        "sort_elevation": 2200,
        "website": "",
        "description": "",
        "osm_id": 4524541903
      },
      "geometry": {
        "type": "Point",
        "coordinates": [
          8.4664952,
          46.1996594
        ]
      }
    },
    {
      "type": "Feature",
      "properties": {
        "id": 4524734819,
        "name": "Cima dei Casaletti",
        "type": "peak",
        "elevation": 2417,
        "sort_elevation": 2417,
        "website": "",
        "description": "",
        "osm_id": 4524734819
      },
      "geometry": {
        "type": "Point",
        "coordinates": [
          8.4213707,
          46.1930927
        ]
      }
    },
    {
      "type": "Feature",
      "properties": {
        "id": 4524854799,
        "name": "Pizzo Locciabella",
        "type": "peak",
        "elevation": 2340,
        "sort_elevation": 2340,
        "website": "",
        "description": "",
        "osm_id": 4524854799
      },
      "geometry": {
        "type": "Point",
        "coordinates": [
          8.4116146,
          46.1810145
        ]
      }
    },
    {
      "type": "Feature",
      "properties": {
        "id": 4525001436,
        "name": "Monte Loccia di Peve",
        "type": "peak",
        "elevation": 2127,
        "sort_elevation": 2127,
        "website": "",
        "description": "",
        "osm_id": 4525001436
      },
      "geometry": {
        "type": "Point",
        "coordinates": [
          8.406764,
          46.1652053
        ]
      }
    },
    {
      "type": "Feature",
      "properties": {
        "id": 4525001464,
        "name": "Pizzo Cazzola",
        "type": "peak",
        "elevation": 2074,
        "sort_elevation": 2074,
        "website": "",
        "description": "",
        "osm_id": 4525001464
      },
      "geometry": {
        "type": "Point",
        "coordinates": [
          8.4065762,
          46.1680994
        ]
      }
    },
    {
      "type": "Feature",
      "properties": {
        "id": 4525024749,
        "name": "Monte Mater",
        "type": "peak",
        "elevation": 2026,
        "sort_elevation": 2026,
        "website": "",
        "description": "",
        "osm_id": 4525024749
      },
      "geometry": {
        "type": "Point",
        "coordinates": [
          8.4268022,
          46.1613688
        ]
      }
    },
    {
      "type": "Feature",
      "properties": {
        "id": 4526449112,
        "name": "Monte Corgiolo",
        "type": "peak",
        "elevation": 1768,
        "sort_elevation": 1768,
        "website": "",
        "description": "",
        "osm_id": 4526449112
      },
      "geometry": {
        "type": "Point",
        "coordinates": [
          8.3975017,
          46.1517829
        ]
      }
    },
    {
      "type": "Feature",
      "properties": {
        "id": 4526590167,
        "name": "Cima Lavaggio",
        "type": "peak",
        "elevation": 1594,
        "sort_elevation": 1594,
        "website": "",
        "description": "",
        "osm_id": 4526590167
      },
      "geometry": {
        "type": "Point",
        "coordinates": [
          8.163279,
          45.8465442
        ]
      }
    },
    {
      "type": "Feature",
      "properties": {
        "id": 4528410622,
        "name": "Monte Castello",
        "type": "peak",
        "elevation": 897,
        "sort_elevation": 897,
        "website": "",
        "description": "",
        "osm_id": 4528410622
      },
      "geometry": {
        "type": "Point",
        "coordinates": [
          8.5447748,
          46.0974228
        ]
      }
    },
    {
      "type": "Feature",
      "properties": {
        "id": 4528474916,
        "name": "Bivacco Alpe Pluni",
        "type": "bivouac",
        "elevation": 1450,
        "sort_elevation": 1450,
        "website": "",
        "description": "",
        "osm_id": 4528474916
      },
      "geometry": {
        "type": "Point",
        "coordinates": [
          8.5742436,
          46.1179708
        ]
      }
    },
    {
      "type": "Feature",
      "properties": {
        "id": 4528528095,
        "name": "Monte Netto",
        "type": "peak",
        "elevation": 1317,
        "sort_elevation": 1317,
        "website": "",
        "description": "",
        "osm_id": 4528528095
      },
      "geometry": {
        "type": "Point",
        "coordinates": [
          8.5496722,
          46.1147615
        ]
      }
    },
    {
      "type": "Feature",
      "properties": {
        "id": 4530429356,
        "name": "Motto Cantè",
        "type": "peak",
        "elevation": 1618,
        "sort_elevation": 1618,
        "website": "",
        "description": "",
        "osm_id": 4530429356
      },
      "geometry": {
        "type": "Point",
        "coordinates": [
          8.5260393,
          46.0836748
        ]
      }
    },
    {
      "type": "Feature",
      "properties": {
        "id": 4530487703,
        "name": "Testa Durone",
        "type": "peak",
        "elevation": 1122,
        "sort_elevation": 1122,
        "website": "",
        "description": "",
        "osm_id": 4530487703
      },
      "geometry": {
        "type": "Point",
        "coordinates": [
          8.527869,
          46.1078458
        ]
      }
    },
    {
      "type": "Feature",
      "properties": {
        "id": 4530587400,
        "name": "Monte Bassetta",
        "type": "peak",
        "elevation": 1672,
        "sort_elevation": 1672,
        "website": "",
        "description": "",
        "osm_id": 4530587400
      },
      "geometry": {
        "type": "Point",
        "coordinates": [
          8.4459078,
          46.1162155
        ]
      }
    },
    {
      "type": "Feature",
      "properties": {
        "id": 4530587401,
        "name": "La Porcella",
        "type": "peak",
        "elevation": 1829,
        "sort_elevation": 1829,
        "website": "",
        "description": "",
        "osm_id": 4530587401
      },
      "geometry": {
        "type": "Point",
        "coordinates": [
          8.4441108,
          46.1084393
        ]
      }
    },
    {
      "type": "Feature",
      "properties": {
        "id": 4531907791,
        "name": "Monte Ovago",
        "type": "peak",
        "elevation": 1757,
        "sort_elevation": 1757,
        "website": "",
        "description": "",
        "osm_id": 4531907791
      },
      "geometry": {
        "type": "Point",
        "coordinates": [
          8.0612152,
          45.7511847
        ]
      }
    },
    {
      "type": "Feature",
      "properties": {
        "id": 4532080035,
        "name": "Pizzo Marcio",
        "type": "peak",
        "elevation": 1924,
        "sort_elevation": 1924,
        "website": "",
        "description": "",
        "osm_id": 4532080035
      },
      "geometry": {
        "type": "Point",
        "coordinates": [
          8.390143,
          46.101209
        ]
      }
    },
    {
      "type": "Feature",
      "properties": {
        "id": 4532543690,
        "name": "Punta i Pisoni",
        "type": "peak",
        "elevation": 1910,
        "sort_elevation": 1910,
        "website": "",
        "description": "",
        "osm_id": 4532543690
      },
      "geometry": {
        "type": "Point",
        "coordinates": [
          8.3560479,
          46.0904048
        ]
      }
    },
    {
      "type": "Feature",
      "properties": {
        "id": 4535672318,
        "name": "Punta Sparone",
        "type": "peak",
        "elevation": 1852,
        "sort_elevation": 1852,
        "website": "",
        "description": "",
        "osm_id": 4535672318
      },
      "geometry": {
        "type": "Point",
        "coordinates": [
          7.9954116,
          45.8086501
        ]
      }
    },
    {
      "type": "Feature",
      "properties": {
        "id": 4536190293,
        "name": "Corno Molera",
        "type": "peak",
        "elevation": 2423,
        "sort_elevation": 2423,
        "website": "",
        "description": "",
        "osm_id": 4536190293
      },
      "geometry": {
        "type": "Point",
        "coordinates": [
          7.9017413,
          45.8772693
        ]
      }
    },
    {
      "type": "Feature",
      "properties": {
        "id": 4539347620,
        "name": "Pizzo Ruggia",
        "type": "peak",
        "elevation": 2289,
        "sort_elevation": 2289,
        "website": "",
        "description": "",
        "osm_id": 4539347620
      },
      "geometry": {
        "type": "Point",
        "coordinates": [
          8.4827599,
          46.1928414
        ]
      }
    },
    {
      "type": "Feature",
      "properties": {
        "id": 4540345689,
        "name": "Cima di Grignano",
        "type": "peak",
        "elevation": 1342,
        "sort_elevation": 1342,
        "website": "",
        "description": "",
        "osm_id": 4540345689
      },
      "geometry": {
        "type": "Point",
        "coordinates": [
          8.2283495,
          45.8389188
        ]
      }
    },
    {
      "type": "Feature",
      "properties": {
        "id": 4543649360,
        "name": "Punta Chiara",
        "type": "peak",
        "elevation": 2747,
        "sort_elevation": 2747,
        "website": "",
        "description": "",
        "osm_id": 4543649360
      },
      "geometry": {
        "type": "Point",
        "coordinates": [
          7.9632681,
          45.8924339
        ]
      }
    },
    {
      "type": "Feature",
      "properties": {
        "id": 4547437726,
        "name": "Torre delle Giavine",
        "type": "peak",
        "elevation": 1060,
        "sort_elevation": 1060,
        "website": "",
        "description": "",
        "osm_id": 4547437726
      },
      "geometry": {
        "type": "Point",
        "coordinates": [
          8.103404,
          45.8330379
        ]
      }
    },
    {
      "type": "Feature",
      "properties": {
        "id": 4554637667,
        "name": "Cima del Falò",
        "type": "peak",
        "elevation": 1055,
        "sort_elevation": 1055,
        "website": "",
        "description": "",
        "osm_id": 4554637667
      },
      "geometry": {
        "type": "Point",
        "coordinates": [
          8.2131553,
          45.8564299
        ]
      }
    },
    {
      "type": "Feature",
      "properties": {
        "id": 4554671243,
        "name": "Galerno di Cravagliana",
        "type": "peak",
        "elevation": 1248,
        "sort_elevation": 1248,
        "website": "",
        "description": "",
        "osm_id": 4554671243
      },
      "geometry": {
        "type": "Point",
        "coordinates": [
          8.1991385,
          45.8588011
        ]
      }
    },
    {
      "type": "Feature",
      "properties": {
        "id": 4559234658,
        "name": "Sasso delle Gaie",
        "type": "peak",
        "elevation": 1608,
        "sort_elevation": 1608,
        "website": "",
        "description": "",
        "osm_id": 4559234658
      },
      "geometry": {
        "type": "Point",
        "coordinates": [
          8.0945875,
          45.8029809
        ]
      }
    },
    {
      "type": "Feature",
      "properties": {
        "id": 4559289302,
        "name": "Cima dei Laghetti",
        "type": "peak",
        "elevation": 2064,
        "sort_elevation": 2064,
        "website": "",
        "description": "",
        "osm_id": 4559289302
      },
      "geometry": {
        "type": "Point",
        "coordinates": [
          8.056637,
          45.8151391
        ]
      }
    },
    {
      "type": "Feature",
      "properties": {
        "id": 4559954237,
        "name": "Testa di Frasso",
        "type": "peak",
        "elevation": 1642,
        "sort_elevation": 1642,
        "website": "",
        "description": "",
        "osm_id": 4559954237
      },
      "geometry": {
        "type": "Point",
        "coordinates": [
          8.0844608,
          45.7900209
        ]
      }
    },
    {
      "type": "Feature",
      "properties": {
        "id": 4560984705,
        "name": "Cima Kaval",
        "type": "peak",
        "elevation": 1895,
        "sort_elevation": 1895,
        "website": "",
        "description": "",
        "osm_id": 4560984705
      },
      "geometry": {
        "type": "Point",
        "coordinates": [
          8.1971916,
          45.8939231
        ]
      }
    },
    {
      "type": "Feature",
      "properties": {
        "id": 4571909285,
        "name": "Monte Massale",
        "type": "peak",
        "elevation": 1744,
        "sort_elevation": 1744,
        "website": "",
        "description": "",
        "osm_id": 4571909285
      },
      "geometry": {
        "type": "Point",
        "coordinates": [
          8.1929595,
          45.7918299
        ]
      }
    },
    {
      "type": "Feature",
      "properties": {
        "id": 4571975323,
        "name": "Bric delle Galline",
        "type": "peak",
        "elevation": 1431,
        "sort_elevation": 1431,
        "website": "",
        "description": "",
        "osm_id": 4571975323
      },
      "geometry": {
        "type": "Point",
        "coordinates": [
          8.2212456,
          45.8037678
        ]
      }
    },
    {
      "type": "Feature",
      "properties": {
        "id": 4577973695,
        "name": "Croce Monte Camoscio",
        "type": "peak",
        "elevation": 865,
        "sort_elevation": 865,
        "website": "",
        "description": "",
        "osm_id": 4577973695
      },
      "geometry": {
        "type": "Point",
        "coordinates": [
          8.4749704,
          45.914436
        ]
      }
    },
    {
      "type": "Feature",
      "properties": {
        "id": 4578231328,
        "name": "Cima Scarcione",
        "type": "peak",
        "elevation": 1430,
        "sort_elevation": 1430,
        "website": "",
        "description": "",
        "osm_id": 4578231328
      },
      "geometry": {
        "type": "Point",
        "coordinates": [
          8.1732254,
          45.8650516
        ]
      }
    },
    {
      "type": "Feature",
      "properties": {
        "id": 4579646678,
        "name": "Monte Saccarello",
        "type": "peak",
        "elevation": 1228,
        "sort_elevation": 1228,
        "website": "",
        "description": "",
        "osm_id": 4579646678
      },
      "geometry": {
        "type": "Point",
        "coordinates": [
          8.3608042,
          45.8804577
        ]
      }
    },
    {
      "type": "Feature",
      "properties": {
        "id": 4579646680,
        "name": "Monte Croce",
        "type": "peak",
        "elevation": 1643,
        "sort_elevation": 1643,
        "website": "",
        "description": "",
        "osm_id": 4579646680
      },
      "geometry": {
        "type": "Point",
        "coordinates": [
          8.3094285,
          45.8835436
        ]
      }
    },
    {
      "type": "Feature",
      "properties": {
        "id": 4580358480,
        "name": "Adlerflüe",
        "type": "peak",
        "elevation": 2922,
        "sort_elevation": 2922,
        "website": "",
        "description": "",
        "osm_id": 4580358480
      },
      "geometry": {
        "type": "Point",
        "coordinates": [
          7.7004257,
          46.1464169
        ]
      }
    },
    {
      "type": "Feature",
      "properties": {
        "id": 4580384271,
        "name": "P. 3143",
        "type": "peak",
        "elevation": "N/D",
        "sort_elevation": 0,
        "website": "",
        "description": "",
        "osm_id": 4580384271
      },
      "geometry": {
        "type": "Point",
        "coordinates": [
          7.6570218,
          46.1546225
        ]
      }
    },
    {
      "type": "Feature",
      "properties": {
        "id": 4580384272,
        "name": "P. 3374",
        "type": "peak",
        "elevation": "N/D",
        "sort_elevation": 0,
        "website": "",
        "description": "",
        "osm_id": 4580384272
      },
      "geometry": {
        "type": "Point",
        "coordinates": [
          7.6617532,
          46.15175
        ]
      }
    },
    {
      "type": "Feature",
      "properties": {
        "id": 4584238049,
        "name": "Cornello di Tailly",
        "type": "peak",
        "elevation": 2708,
        "sort_elevation": 2708,
        "website": "",
        "description": "",
        "osm_id": 4584238049
      },
      "geometry": {
        "type": "Point",
        "coordinates": [
          7.8918475,
          45.830159
        ]
      }
    },
    {
      "type": "Feature",
      "properties": {
        "id": 4584238050,
        "name": "d'Sender Houre",
        "type": "peak",
        "elevation": 2272,
        "sort_elevation": 2272,
        "website": "",
        "description": "",
        "osm_id": 4584238050
      },
      "geometry": {
        "type": "Point",
        "coordinates": [
          7.9013253,
          45.8351291
        ]
      }
    },
    {
      "type": "Feature",
      "properties": {
        "id": 4584252910,
        "name": "Corno di Puio",
        "type": "peak",
        "elevation": 3031,
        "sort_elevation": 3031,
        "website": "",
        "description": "",
        "osm_id": 4584252910
      },
      "geometry": {
        "type": "Point",
        "coordinates": [
          7.8870409,
          45.823586
        ]
      }
    },
    {
      "type": "Feature",
      "properties": {
        "id": 4584754392,
        "name": "Corno Foric",
        "type": "peak",
        "elevation": 3018,
        "sort_elevation": 3018,
        "website": "",
        "description": "",
        "osm_id": 4584754392
      },
      "geometry": {
        "type": "Point",
        "coordinates": [
          7.873247,
          45.8582689
        ]
      }
    },
    {
      "type": "Feature",
      "properties": {
        "id": 4593390398,
        "name": "Äbihorn",
        "type": "peak",
        "elevation": 3472,
        "sort_elevation": 3472,
        "website": "",
        "description": "",
        "osm_id": 4593390398
      },
      "geometry": {
        "type": "Point",
        "coordinates": [
          7.6535813,
          46.0207199
        ]
      }
    },
    {
      "type": "Feature",
      "properties": {
        "id": 4593664777,
        "name": "Pizzo Montevecchio",
        "type": "peak",
        "elevation": 2789,
        "sort_elevation": 2789,
        "website": "",
        "description": "",
        "osm_id": 4593664777
      },
      "geometry": {
        "type": "Point",
        "coordinates": [
          7.9994834,
          45.9128278
        ]
      }
    },
    {
      "type": "Feature",
      "properties": {
        "id": 4593664778,
        "name": "Pizzo Quarazzola",
        "type": "peak",
        "elevation": 2798,
        "sort_elevation": 2798,
        "website": "",
        "description": "",
        "osm_id": 4593664778
      },
      "geometry": {
        "type": "Point",
        "coordinates": [
          8.0075318,
          45.9231116
        ]
      }
    },
    {
      "type": "Feature",
      "properties": {
        "id": 4599751298,
        "name": "Punta Palit",
        "type": "peak",
        "elevation": 2161,
        "sort_elevation": 2161,
        "website": "",
        "description": "",
        "osm_id": 4599751298
      },
      "geometry": {
        "type": "Point",
        "coordinates": [
          7.6651832,
          45.510126
        ]
      }
    },
    {
      "type": "Feature",
      "properties": {
        "id": 4605073361,
        "name": "Unknown (hut)",
        "type": "hut",
        "elevation": "N/D",
        "sort_elevation": 0,
        "website": "",
        "description": "",
        "osm_id": 4605073361
      },
      "geometry": {
        "type": "Point",
        "coordinates": [
          8.1599611,
          45.7530259
        ]
      }
    },
    {
      "type": "Feature",
      "properties": {
        "id": 4614109790,
        "name": "Mont de Beuby",
        "type": "peak",
        "elevation": 1725,
        "sort_elevation": 1725,
        "website": "",
        "description": "",
        "osm_id": 4614109790
      },
      "geometry": {
        "type": "Point",
        "coordinates": [
          7.783389,
          45.6210962
        ]
      }
    },
    {
      "type": "Feature",
      "properties": {
        "id": 4662974347,
        "name": "Rifugio Genziana",
        "type": "hut",
        "elevation": "N/D",
        "sort_elevation": 0,
        "website": "",
        "description": "",
        "osm_id": 4662974347
      },
      "geometry": {
        "type": "Point",
        "coordinates": [
          8.449626,
          45.8799748
        ]
      }
    },
    {
      "type": "Feature",
      "properties": {
        "id": 4676244679,
        "name": "Motto Caneva",
        "type": "peak",
        "elevation": 308,
        "sort_elevation": 308,
        "website": "",
        "description": "",
        "osm_id": 4676244679
      },
      "geometry": {
        "type": "Point",
        "coordinates": [
          8.5529984,
          45.7251241
        ]
      }
    },
    {
      "type": "Feature",
      "properties": {
        "id": 4682928052,
        "name": "Motto Cassinaro",
        "type": "peak",
        "elevation": 710,
        "sort_elevation": 710,
        "website": "",
        "description": "",
        "osm_id": 4682928052
      },
      "geometry": {
        "type": "Point",
        "coordinates": [
          8.4845057,
          45.7843058
        ]
      }
    },
    {
      "type": "Feature",
      "properties": {
        "id": 4682967374,
        "name": "Monte Tessera",
        "type": "peak",
        "elevation": 759,
        "sort_elevation": 759,
        "website": "",
        "description": "",
        "osm_id": 4682967374
      },
      "geometry": {
        "type": "Point",
        "coordinates": [
          8.4788456,
          45.7898429
        ]
      }
    },
    {
      "type": "Feature",
      "properties": {
        "id": 4682969793,
        "name": "Motto Alto",
        "type": "peak",
        "elevation": 631,
        "sort_elevation": 631,
        "website": "",
        "description": "",
        "osm_id": 4682969793
      },
      "geometry": {
        "type": "Point",
        "coordinates": [
          8.4557088,
          45.7730688
        ]
      }
    },
    {
      "type": "Feature",
      "properties": {
        "id": 4686657423,
        "name": "Il Mazzuccaccio",
        "type": "peak",
        "elevation": 1127,
        "sort_elevation": 1127,
        "website": "",
        "description": "",
        "osm_id": 4686657423
      },
      "geometry": {
        "type": "Point",
        "coordinates": [
          8.1229441,
          45.7825611
        ]
      }
    },
    {
      "type": "Feature",
      "properties": {
        "id": 4686657425,
        "name": "Punta di Sella Boera",
        "type": "peak",
        "elevation": 1654,
        "sort_elevation": 1654,
        "website": "",
        "description": "",
        "osm_id": 4686657425
      },
      "geometry": {
        "type": "Point",
        "coordinates": [
          8.1572751,
          45.7928044
        ]
      }
    },
    {
      "type": "Feature",
      "properties": {
        "id": 4686657426,
        "name": "Dente di Valmala I°",
        "type": "peak",
        "elevation": 1813,
        "sort_elevation": 1813,
        "website": "",
        "description": "Questa cima è bifida, con due cime di quota equivalente, delle quali questa costituisce il nodo orografico",
        "osm_id": 4686657426
      },
      "geometry": {
        "type": "Point",
        "coordinates": [
          8.166594,
          45.7757646
        ]
      }
    },
    {
      "type": "Feature",
      "properties": {
        "id": 4686657437,
        "name": "Dente Centrale",
        "type": "peak",
        "elevation": 1676,
        "sort_elevation": 1676,
        "website": "",
        "description": "",
        "osm_id": 4686657437
      },
      "geometry": {
        "type": "Point",
        "coordinates": [
          8.1477761,
          45.7972628
        ]
      }
    },
    {
      "type": "Feature",
      "properties": {
        "id": 4686657439,
        "name": "Turio del Ghiaccio",
        "type": "peak",
        "elevation": 1540,
        "sort_elevation": 1540,
        "website": "",
        "description": "",
        "osm_id": 4686657439
      },
      "geometry": {
        "type": "Point",
        "coordinates": [
          8.1541233,
          45.7837971
        ]
      }
    },
    {
      "type": "Feature",
      "properties": {
        "id": 4686835695,
        "name": "Punta delle Gule",
        "type": "peak",
        "elevation": 1690,
        "sort_elevation": 1690,
        "website": "",
        "description": "",
        "osm_id": 4686835695
      },
      "geometry": {
        "type": "Point",
        "coordinates": [
          8.1594743,
          45.7858471
        ]
      }
    },
    {
      "type": "Feature",
      "properties": {
        "id": 4688283647,
        "name": "Cima Fer",
        "type": "peak",
        "elevation": 2646,
        "sort_elevation": 2646,
        "website": "",
        "description": "",
        "osm_id": 4688283647
      },
      "geometry": {
        "type": "Point",
        "coordinates": [
          7.511935,
          45.5273392
        ]
      }
    },
    {
      "type": "Feature",
      "properties": {
        "id": 4699407255,
        "name": "Sasso Durone",
        "type": "peak",
        "elevation": 799,
        "sort_elevation": 799,
        "website": "",
        "description": "",
        "osm_id": 4699407255
      },
      "geometry": {
        "type": "Point",
        "coordinates": [
          8.569994,
          46.0904551
        ]
      }
    },
    {
      "type": "Feature",
      "properties": {
        "id": 4707446110,
        "name": "Cresta Rossa",
        "type": "peak",
        "elevation": 2986,
        "sort_elevation": 2986,
        "website": "",
        "description": "",
        "osm_id": 4707446110
      },
      "geometry": {
        "type": "Point",
        "coordinates": [
          7.8661127,
          45.8020312
        ]
      }
    },
    {
      "type": "Feature",
      "properties": {
        "id": 4725469158,
        "name": "Bec di Cormoney",
        "type": "peak",
        "elevation": 2143,
        "sort_elevation": 2143,
        "website": "",
        "description": "",
        "osm_id": 4725469158
      },
      "geometry": {
        "type": "Point",
        "coordinates": [
          7.7146552,
          45.5894714
        ]
      }
    },
    {
      "type": "Feature",
      "properties": {
        "id": 4733797740,
        "name": "Torretta delle Cime",
        "type": "peak",
        "elevation": 1564,
        "sort_elevation": 1564,
        "website": "",
        "description": "",
        "osm_id": 4733797740
      },
      "geometry": {
        "type": "Point",
        "coordinates": [
          7.774184,
          45.5140883
        ]
      }
    },
    {
      "type": "Feature",
      "properties": {
        "id": 4747654476,
        "name": "Capanna Damiano Marinelli",
        "type": "bivouac",
        "elevation": 3036,
        "sort_elevation": 3036,
        "website": "",
        "description": "",
        "osm_id": 4747654476
      },
      "geometry": {
        "type": "Point",
        "coordinates": [
          7.8894611,
          45.9443865
        ]
      }
    },
    {
      "type": "Feature",
      "properties": {
        "id": 4762045311,
        "name": "Truc Ciucchin",
        "type": "peak",
        "elevation": "N/D",
        "sort_elevation": 0,
        "website": "",
        "description": "",
        "osm_id": 4762045311
      },
      "geometry": {
        "type": "Point",
        "coordinates": [
          8.0035643,
          45.5317224
        ]
      }
    },
    {
      "type": "Feature",
      "properties": {
        "id": 4762046423,
        "name": "Trucco Briengo",
        "type": "peak",
        "elevation": 441,
        "sort_elevation": 441,
        "website": "",
        "description": "",
        "osm_id": 4762046423
      },
      "geometry": {
        "type": "Point",
        "coordinates": [
          7.9941938,
          45.5092033
        ]
      }
    },
    {
      "type": "Feature",
      "properties": {
        "id": 4775567144,
        "name": "Cima Tuss",
        "type": "peak",
        "elevation": 1735,
        "sort_elevation": 1735,
        "website": "",
        "description": "",
        "osm_id": 4775567144
      },
      "geometry": {
        "type": "Point",
        "coordinates": [
          8.4611414,
          46.025662
        ]
      }
    },
    {
      "type": "Feature",
      "properties": {
        "id": 4794275297,
        "name": "Groppolo",
        "type": "peak",
        "elevation": 381,
        "sort_elevation": 381,
        "website": "",
        "description": "",
        "osm_id": 4794275297
      },
      "geometry": {
        "type": "Point",
        "coordinates": [
          8.7187999,
          45.8468552
        ]
      }
    },
    {
      "type": "Feature",
      "properties": {
        "id": 4818504951,
        "name": "Poggio Devesio",
        "type": "peak",
        "elevation": "N/D",
        "sort_elevation": 0,
        "website": "",
        "description": "",
        "osm_id": 4818504951
      },
      "geometry": {
        "type": "Point",
        "coordinates": [
          7.939083,
          45.505705
        ]
      }
    },
    {
      "type": "Feature",
      "properties": {
        "id": 4828694822,
        "name": "Motta d'Aurelio",
        "type": "peak",
        "elevation": 934,
        "sort_elevation": 934,
        "website": "",
        "description": "",
        "osm_id": 4828694822
      },
      "geometry": {
        "type": "Point",
        "coordinates": [
          8.5024319,
          45.977661
        ]
      }
    },
    {
      "type": "Feature",
      "properties": {
        "id": 4829026917,
        "name": "Poggio Castellazzo",
        "type": "peak",
        "elevation": 823,
        "sort_elevation": 823,
        "website": "",
        "description": "",
        "osm_id": 4829026917
      },
      "geometry": {
        "type": "Point",
        "coordinates": [
          7.9022941,
          45.5300253
        ]
      }
    },
    {
      "type": "Feature",
      "properties": {
        "id": 4838592437,
        "name": "Galerno di Vocca",
        "type": "peak",
        "elevation": 1176,
        "sort_elevation": 1176,
        "website": "",
        "description": "",
        "osm_id": 4838592437
      },
      "geometry": {
        "type": "Point",
        "coordinates": [
          8.2045599,
          45.8409179
        ]
      }
    },
    {
      "type": "Feature",
      "properties": {
        "id": 4838592438,
        "name": "Monte Pizze",
        "type": "peak",
        "elevation": 1272,
        "sort_elevation": 1272,
        "website": "",
        "description": "",
        "osm_id": 4838592438
      },
      "geometry": {
        "type": "Point",
        "coordinates": [
          8.2094015,
          45.8390575
        ]
      }
    },
    {
      "type": "Feature",
      "properties": {
        "id": 4838857780,
        "name": "Cima Sion",
        "type": "peak",
        "elevation": 1142,
        "sort_elevation": 1142,
        "website": "",
        "description": "",
        "osm_id": 4838857780
      },
      "geometry": {
        "type": "Point",
        "coordinates": [
          8.1865066,
          45.8419363
        ]
      }
    },
    {
      "type": "Feature",
      "properties": {
        "id": 4839148203,
        "name": "Cima Tondone",
        "type": "peak",
        "elevation": 1248,
        "sort_elevation": 1248,
        "website": "",
        "description": "",
        "osm_id": 4839148203
      },
      "geometry": {
        "type": "Point",
        "coordinates": [
          8.6296588,
          46.0518353
        ]
      }
    },
    {
      "type": "Feature",
      "properties": {
        "id": 4840494436,
        "name": "Monte Colmine",
        "type": "peak",
        "elevation": 1212,
        "sort_elevation": 1212,
        "website": "",
        "description": "",
        "osm_id": 4840494436
      },
      "geometry": {
        "type": "Point",
        "coordinates": [
          8.5579955,
          46.0879063
        ]
      }
    },
    {
      "type": "Feature",
      "properties": {
        "id": 4844489770,
        "name": "Monte Vadà",
        "type": "peak",
        "elevation": 1814,
        "sort_elevation": 1814,
        "website": "",
        "description": "",
        "osm_id": 4844489770
      },
      "geometry": {
        "type": "Point",
        "coordinates": [
          8.565968,
          46.0467686
        ]
      }
    },
    {
      "type": "Feature",
      "properties": {
        "id": 4845301318,
        "name": "Cima Cerro",
        "type": "peak",
        "elevation": 1334,
        "sort_elevation": 1334,
        "website": "",
        "description": "",
        "osm_id": 4845301318
      },
      "geometry": {
        "type": "Point",
        "coordinates": [
          8.5971236,
          46.0500631
        ]
      }
    },
    {
      "type": "Feature",
      "properties": {
        "id": 4845302021,
        "name": "Monte Barro",
        "type": "peak",
        "elevation": 1281,
        "sort_elevation": 1281,
        "website": "",
        "description": "",
        "osm_id": 4845302021
      },
      "geometry": {
        "type": "Point",
        "coordinates": [
          8.5712886,
          46.0590946
        ]
      }
    },
    {
      "type": "Feature",
      "properties": {
        "id": 4845650592,
        "name": "Cima l'Alpe",
        "type": "peak",
        "elevation": 1348,
        "sort_elevation": 1348,
        "website": "",
        "description": "",
        "osm_id": 4845650592
      },
      "geometry": {
        "type": "Point",
        "coordinates": [
          8.6330223,
          46.0374144
        ]
      }
    },
    {
      "type": "Feature",
      "properties": {
        "id": 4845673092,
        "name": "Cima Forcola",
        "type": "peak",
        "elevation": 1303,
        "sort_elevation": 1303,
        "website": "",
        "description": "",
        "osm_id": 4845673092
      },
      "geometry": {
        "type": "Point",
        "coordinates": [
          8.6404681,
          46.0466415
        ]
      }
    },
    {
      "type": "Feature",
      "properties": {
        "id": 4846547671,
        "name": "Punta Fronzina",
        "type": "peak",
        "elevation": 1699,
        "sort_elevation": 1699,
        "website": "",
        "description": "",
        "osm_id": 4846547671
      },
      "geometry": {
        "type": "Point",
        "coordinates": [
          8.6581733,
          46.1030039
        ]
      }
    },
    {
      "type": "Feature",
      "properties": {
        "id": 4847910562,
        "name": "Testa Fontai",
        "type": "peak",
        "elevation": 1884,
        "sort_elevation": 1884,
        "website": "",
        "description": "",
        "osm_id": 4847910562
      },
      "geometry": {
        "type": "Point",
        "coordinates": [
          8.6274433,
          46.1164724
        ]
      }
    },
    {
      "type": "Feature",
      "properties": {
        "id": 4847918179,
        "name": "Sasso Drosa",
        "type": "peak",
        "elevation": 1444,
        "sort_elevation": 1444,
        "website": "",
        "description": "",
        "osm_id": 4847918179
      },
      "geometry": {
        "type": "Point",
        "coordinates": [
          8.6218965,
          46.0881072
        ]
      }
    },
    {
      "type": "Feature",
      "properties": {
        "id": 4847935437,
        "name": "La Colma",
        "type": "peak",
        "elevation": 1424,
        "sort_elevation": 1424,
        "website": "",
        "description": "",
        "osm_id": 4847935437
      },
      "geometry": {
        "type": "Point",
        "coordinates": [
          8.6207699,
          46.0835792
        ]
      }
    },
    {
      "type": "Feature",
      "properties": {
        "id": 4866648068,
        "name": "Pizzo Castello",
        "type": "peak",
        "elevation": 1607,
        "sort_elevation": 1607,
        "website": "",
        "description": "",
        "osm_id": 4866648068
      },
      "geometry": {
        "type": "Point",
        "coordinates": [
          8.2237428,
          46.0381637
        ]
      }
    },
    {
      "type": "Feature",
      "properties": {
        "id": 4877266345,
        "name": "Cima Nord",
        "type": "peak",
        "elevation": 1900,
        "sort_elevation": 1900,
        "website": "",
        "description": "",
        "osm_id": 4877266345
      },
      "geometry": {
        "type": "Point",
        "coordinates": [
          8.467999,
          46.033886
        ]
      }
    },
    {
      "type": "Feature",
      "properties": {
        "id": 4888832863,
        "name": "Monte Tracciora",
        "type": "peak",
        "elevation": 1857,
        "sort_elevation": 1857,
        "website": "",
        "description": "",
        "osm_id": 4888832863
      },
      "geometry": {
        "type": "Point",
        "coordinates": [
          8.1568991,
          45.9143452
        ]
      }
    },
    {
      "type": "Feature",
      "properties": {
        "id": 4893022700,
        "name": "La Cuna",
        "type": "peak",
        "elevation": 1929,
        "sort_elevation": 1929,
        "website": "",
        "description": "",
        "osm_id": 4893022700
      },
      "geometry": {
        "type": "Point",
        "coordinates": [
          8.0483467,
          45.8801327
        ]
      }
    },
    {
      "type": "Feature",
      "properties": {
        "id": 4893022701,
        "name": "Cima Triola",
        "type": "peak",
        "elevation": 1889,
        "sort_elevation": 1889,
        "website": "",
        "description": "",
        "osm_id": 4893022701
      },
      "geometry": {
        "type": "Point",
        "coordinates": [
          8.0506374,
          45.8733955
        ]
      }
    },
    {
      "type": "Feature",
      "properties": {
        "id": 4909503422,
        "name": "Truc Canagge",
        "type": "peak",
        "elevation": "N/D",
        "sort_elevation": 0,
        "website": "",
        "description": "",
        "osm_id": 4909503422
      },
      "geometry": {
        "type": "Point",
        "coordinates": [
          7.9361955,
          45.5413142
        ]
      }
    },
    {
      "type": "Feature",
      "properties": {
        "id": 4911689505,
        "name": "Testa d'Ambrogiore",
        "type": "peak",
        "elevation": 2050,
        "sort_elevation": 2050,
        "website": "",
        "description": "",
        "osm_id": 4911689505
      },
      "geometry": {
        "type": "Point",
        "coordinates": [
          7.9768521,
          45.7434825
        ]
      }
    },
    {
      "type": "Feature",
      "properties": {
        "id": 4911757738,
        "name": "Cimone della Gronda",
        "type": "peak",
        "elevation": 2400,
        "sort_elevation": 2400,
        "website": "",
        "description": "",
        "osm_id": 4911757738
      },
      "geometry": {
        "type": "Point",
        "coordinates": [
          7.9526424,
          45.7360845
        ]
      }
    },
    {
      "type": "Feature",
      "properties": {
        "id": 4915661980,
        "name": "Cimaron dei Giurà",
        "type": "peak",
        "elevation": 1928,
        "sort_elevation": 1928,
        "website": "",
        "description": "",
        "osm_id": 4915661980
      },
      "geometry": {
        "type": "Point",
        "coordinates": [
          7.9883856,
          45.753477
        ]
      }
    },
    {
      "type": "Feature",
      "properties": {
        "id": 4917849087,
        "name": "Cima Rimeo",
        "type": "peak",
        "elevation": 2072,
        "sort_elevation": 2072,
        "website": "",
        "description": "",
        "osm_id": 4917849087
      },
      "geometry": {
        "type": "Point",
        "coordinates": [
          8.2525622,
          45.9086818
        ]
      }
    },
    {
      "type": "Feature",
      "properties": {
        "id": 4917849088,
        "name": "Cengio dell’Omo",
        "type": "peak",
        "elevation": 2120,
        "sort_elevation": 2120,
        "website": "",
        "description": "",
        "osm_id": 4917849088
      },
      "geometry": {
        "type": "Point",
        "coordinates": [
          8.2470968,
          45.9099353
        ]
      }
    },
    {
      "type": "Feature",
      "properties": {
        "id": 4917849089,
        "name": "Cima dei Rossi",
        "type": "peak",
        "elevation": 2134,
        "sort_elevation": 2134,
        "website": "",
        "description": "",
        "osm_id": 4917849089
      },
      "geometry": {
        "type": "Point",
        "coordinates": [
          8.2436867,
          45.9096281
        ]
      }
    },
    {
      "type": "Feature",
      "properties": {
        "id": 4926530108,
        "name": "Cima Lago",
        "type": "peak",
        "elevation": 2401,
        "sort_elevation": 2401,
        "website": "",
        "description": "",
        "osm_id": 4926530108
      },
      "geometry": {
        "type": "Point",
        "coordinates": [
          8.2050384,
          45.9411018
        ]
      }
    },
    {
      "type": "Feature",
      "properties": {
        "id": 4927710715,
        "name": "Chastal",
        "type": "peak",
        "elevation": 2242,
        "sort_elevation": 2242,
        "website": "",
        "description": "",
        "osm_id": 4927710715
      },
      "geometry": {
        "type": "Point",
        "coordinates": [
          8.1748715,
          45.9458532
        ]
      }
    },
    {
      "type": "Feature",
      "properties": {
        "id": 4927710719,
        "name": "Cima del Forno",
        "type": "peak",
        "elevation": 2205,
        "sort_elevation": 2205,
        "website": "",
        "description": "",
        "osm_id": 4927710719
      },
      "geometry": {
        "type": "Point",
        "coordinates": [
          8.1750083,
          45.946409
        ]
      }
    },
    {
      "type": "Feature",
      "properties": {
        "id": 4927711541,
        "name": "Corno del Sole o Sonnehorn",
        "type": "peak",
        "elevation": 2163,
        "sort_elevation": 2163,
        "website": "",
        "description": "",
        "osm_id": 4927711541
      },
      "geometry": {
        "type": "Point",
        "coordinates": [
          8.1640218,
          45.9393683
        ]
      }
    },
    {
      "type": "Feature",
      "properties": {
        "id": 4945976055,
        "name": "Punta dell'Uomo Storto",
        "type": "peak",
        "elevation": 3014,
        "sort_elevation": 3014,
        "website": "",
        "description": "",
        "osm_id": 4945976055
      },
      "geometry": {
        "type": "Point",
        "coordinates": [
          7.8720152,
          45.8314681
        ]
      }
    },
    {
      "type": "Feature",
      "properties": {
        "id": 4945976061,
        "name": "Punta di Ciampono",
        "type": "peak",
        "elevation": 3233,
        "sort_elevation": 3233,
        "website": "",
        "description": "",
        "osm_id": 4945976061
      },
      "geometry": {
        "type": "Point",
        "coordinates": [
          7.8619918,
          45.8199158
        ]
      }
    },
    {
      "type": "Feature",
      "properties": {
        "id": 4945976063,
        "name": "Punta di Netscio",
        "type": "peak",
        "elevation": 3280,
        "sort_elevation": 3280,
        "website": "",
        "description": "",
        "osm_id": 4945976063
      },
      "geometry": {
        "type": "Point",
        "coordinates": [
          7.873695,
          45.8260296
        ]
      }
    },
    {
      "type": "Feature",
      "properties": {
        "id": 4951711284,
        "name": "Pala d'Erta",
        "type": "peak",
        "elevation": 2633,
        "sort_elevation": 2633,
        "website": "",
        "description": "",
        "osm_id": 4951711284
      },
      "geometry": {
        "type": "Point",
        "coordinates": [
          7.9293602,
          45.7847226
        ]
      }
    },
    {
      "type": "Feature",
      "properties": {
        "id": 4968629107,
        "name": "Cengio del Badile",
        "type": "peak",
        "elevation": 2132,
        "sort_elevation": 2132,
        "website": "",
        "description": "",
        "osm_id": 4968629107
      },
      "geometry": {
        "type": "Point",
        "coordinates": [
          8.0263015,
          45.9161729
        ]
      }
    },
    {
      "type": "Feature",
      "properties": {
        "id": 4972047025,
        "name": "Becco Gianaccia",
        "type": "peak",
        "elevation": 2274,
        "sort_elevation": 2274,
        "website": "",
        "description": "",
        "osm_id": 4972047025
      },
      "geometry": {
        "type": "Point",
        "coordinates": [
          7.9577057,
          45.8144607
        ]
      }
    },
    {
      "type": "Feature",
      "properties": {
        "id": 4972047026,
        "name": "Cima dell'Otgnoso",
        "type": "peak",
        "elevation": 2112,
        "sort_elevation": 2112,
        "website": "",
        "description": "",
        "osm_id": 4972047026
      },
      "geometry": {
        "type": "Point",
        "coordinates": [
          7.9575285,
          45.8176345
        ]
      }
    },
    {
      "type": "Feature",
      "properties": {
        "id": 4990137643,
        "name": "Tête du Mont",
        "type": "peak",
        "elevation": 1897,
        "sort_elevation": 1897,
        "website": "",
        "description": "",
        "osm_id": 4990137643
      },
      "geometry": {
        "type": "Point",
        "coordinates": [
          7.66439,
          45.6293477
        ]
      }
    },
    {
      "type": "Feature",
      "properties": {
        "id": 4993486651,
        "name": "Pointe Barnes",
        "type": "peak",
        "elevation": 3612,
        "sort_elevation": 3612,
        "website": "",
        "description": "",
        "osm_id": 4993486651
      },
      "geometry": {
        "type": "Point",
        "coordinates": [
          7.5414745,
          45.9762945
        ]
      }
    },
    {
      "type": "Feature",
      "properties": {
        "id": 4993486653,
        "name": "Dents des Bouquetins - Sommet Central",
        "type": "peak",
        "elevation": 3838,
        "sort_elevation": 3838,
        "website": "",
        "description": "",
        "osm_id": 4993486653
      },
      "geometry": {
        "type": "Point",
        "coordinates": [
          7.5454542,
          45.9822609
        ]
      }
    },
    {
      "type": "Feature",
      "properties": {
        "id": 4993486654,
        "name": "Dent Sud de Bertol",
        "type": "peak",
        "elevation": 3524,
        "sort_elevation": 3524,
        "website": "",
        "description": "",
        "osm_id": 4993486654
      },
      "geometry": {
        "type": "Point",
        "coordinates": [
          7.5362885,
          45.9941368
        ]
      }
    },
    {
      "type": "Feature",
      "properties": {
        "id": 4993486656,
        "name": "La Maya (d'Arolla)",
        "type": "peak",
        "elevation": 3040,
        "sort_elevation": 3040,
        "website": "",
        "description": "",
        "osm_id": 4993486656
      },
      "geometry": {
        "type": "Point",
        "coordinates": [
          7.503308,
          46.0159195
        ]
      }
    },
    {
      "type": "Feature",
      "properties": {
        "id": 4993486657,
        "name": "Pointe de la Crête du Plan",
        "type": "peak",
        "elevation": 3375,
        "sort_elevation": 3375,
        "website": "",
        "description": "",
        "osm_id": 4993486657
      },
      "geometry": {
        "type": "Point",
        "coordinates": [
          7.527319,
          46.0040509
        ]
      }
    },
    {
      "type": "Feature",
      "properties": {
        "id": 4993486658,
        "name": "Clocher de Bertol",
        "type": "peak",
        "elevation": 3343,
        "sort_elevation": 3343,
        "website": "",
        "description": "",
        "osm_id": 4993486658
      },
      "geometry": {
        "type": "Point",
        "coordinates": [
          7.5275177,
          46.0067879
        ]
      }
    },
    {
      "type": "Feature",
      "properties": {
        "id": 4993486810,
        "name": "Blanche de Perroc",
        "type": "peak",
        "elevation": 3648,
        "sort_elevation": 3648,
        "website": "",
        "description": "",
        "osm_id": 4993486810
      },
      "geometry": {
        "type": "Point",
        "coordinates": [
          7.5234031,
          46.0416782
        ]
      }
    },
    {
      "type": "Feature",
      "properties": {
        "id": 4993592084,
        "name": "Bec Carre'",
        "type": "peak",
        "elevation": 3003,
        "sort_elevation": 3003,
        "website": "",
        "description": "",
        "osm_id": 4993592084
      },
      "geometry": {
        "type": "Point",
        "coordinates": [
          7.6785394,
          45.9070192
        ]
      }
    },
    {
      "type": "Feature",
      "properties": {
        "id": 4993593023,
        "name": "Pointe Sud",
        "type": "peak",
        "elevation": 2973,
        "sort_elevation": 2973,
        "website": "",
        "description": "",
        "osm_id": 4993593023
      },
      "geometry": {
        "type": "Point",
        "coordinates": [
          7.6792647,
          45.903226
        ]
      }
    },
    {
      "type": "Feature",
      "properties": {
        "id": 4993593921,
        "name": "Punta di Rollin",
        "type": "peak",
        "elevation": 3296,
        "sort_elevation": 3296,
        "website": "",
        "description": "",
        "osm_id": 4993593921
      },
      "geometry": {
        "type": "Point",
        "coordinates": [
          7.7086075,
          45.9146399
        ]
      }
    },
    {
      "type": "Feature",
      "properties": {
        "id": 5008382844,
        "name": "Punta Cornaccio",
        "type": "peak",
        "elevation": 2534,
        "sort_elevation": 2534,
        "website": "",
        "description": "",
        "osm_id": 5008382844
      },
      "geometry": {
        "type": "Point",
        "coordinates": [
          7.9146393,
          45.7456947
        ]
      }
    },
    {
      "type": "Feature",
      "properties": {
        "id": 5008475161,
        "name": "Punta di Casera Nuova",
        "type": "peak",
        "elevation": 2589,
        "sort_elevation": 2589,
        "website": "",
        "description": "",
        "osm_id": 5008475161
      },
      "geometry": {
        "type": "Point",
        "coordinates": [
          7.9083689,
          45.7472478
        ]
      }
    },
    {
      "type": "Feature",
      "properties": {
        "id": 5019433559,
        "name": "Motto delle Rape",
        "type": "peak",
        "elevation": 496,
        "sort_elevation": 496,
        "website": "",
        "description": "",
        "osm_id": 5019433559
      },
      "geometry": {
        "type": "Point",
        "coordinates": [
          8.5234508,
          45.7783226
        ]
      }
    },
    {
      "type": "Feature",
      "properties": {
        "id": 5019433560,
        "name": "Motto del Lupo",
        "type": "peak",
        "elevation": 515,
        "sort_elevation": 515,
        "website": "",
        "description": "",
        "osm_id": 5019433560
      },
      "geometry": {
        "type": "Point",
        "coordinates": [
          8.5199058,
          45.7799047
        ]
      }
    },
    {
      "type": "Feature",
      "properties": {
        "id": 5019433561,
        "name": "Motto Mirabello",
        "type": "peak",
        "elevation": 513,
        "sort_elevation": 513,
        "website": "",
        "description": "",
        "osm_id": 5019433561
      },
      "geometry": {
        "type": "Point",
        "coordinates": [
          8.528712,
          45.7794561
        ]
      }
    },
    {
      "type": "Feature",
      "properties": {
        "id": 5019433562,
        "name": "Motto Grande",
        "type": "peak",
        "elevation": 434,
        "sort_elevation": 434,
        "website": "",
        "description": "",
        "osm_id": 5019433562
      },
      "geometry": {
        "type": "Point",
        "coordinates": [
          8.5340735,
          45.7675419
        ]
      }
    },
    {
      "type": "Feature",
      "properties": {
        "id": 5019433563,
        "name": "Motto Lungo",
        "type": "peak",
        "elevation": 404,
        "sort_elevation": 404,
        "website": "",
        "description": "",
        "osm_id": 5019433563
      },
      "geometry": {
        "type": "Point",
        "coordinates": [
          8.5223844,
          45.7641898
        ]
      }
    },
    {
      "type": "Feature",
      "properties": {
        "id": 5022970447,
        "name": "Punta Serange",
        "type": "peak",
        "elevation": 2337,
        "sort_elevation": 2337,
        "website": "",
        "description": "",
        "osm_id": 5022970447
      },
      "geometry": {
        "type": "Point",
        "coordinates": [
          7.9251914,
          45.7097006
        ]
      }
    },
    {
      "type": "Feature",
      "properties": {
        "id": 5023059913,
        "name": "Punta Gran Gabe",
        "type": "peak",
        "elevation": 2337,
        "sort_elevation": 2337,
        "website": "",
        "description": "",
        "osm_id": 5023059913
      },
      "geometry": {
        "type": "Point",
        "coordinates": [
          7.9271782,
          45.6542199
        ]
      }
    },
    {
      "type": "Feature",
      "properties": {
        "id": 5023059914,
        "name": "Monte Rovella",
        "type": "peak",
        "elevation": 889,
        "sort_elevation": 889,
        "website": "",
        "description": "",
        "osm_id": 5023059914
      },
      "geometry": {
        "type": "Point",
        "coordinates": [
          8.1313725,
          45.624538
        ]
      }
    },
    {
      "type": "Feature",
      "properties": {
        "id": 5025513623,
        "name": "Bec de Laris",
        "type": "peak",
        "elevation": 2427,
        "sort_elevation": 2427,
        "website": "",
        "description": "",
        "osm_id": 5025513623
      },
      "geometry": {
        "type": "Point",
        "coordinates": [
          7.5852531,
          45.6000337
        ]
      }
    },
    {
      "type": "Feature",
      "properties": {
        "id": 5025513624,
        "name": "Bec Mulére",
        "type": "peak",
        "elevation": 2646,
        "sort_elevation": 2646,
        "website": "",
        "description": "",
        "osm_id": 5025513624
      },
      "geometry": {
        "type": "Point",
        "coordinates": [
          7.5800056,
          45.591335
        ]
      }
    },
    {
      "type": "Feature",
      "properties": {
        "id": 5045980020,
        "name": "Monte Bargheja",
        "type": "peak",
        "elevation": 566,
        "sort_elevation": 566,
        "website": "",
        "description": "",
        "osm_id": 5045980020
      },
      "geometry": {
        "type": "Point",
        "coordinates": [
          8.4493014,
          45.7959578
        ]
      }
    },
    {
      "type": "Feature",
      "properties": {
        "id": 5046224927,
        "name": "Motto Grande",
        "type": "peak",
        "elevation": 465,
        "sort_elevation": 465,
        "website": "",
        "description": "",
        "osm_id": 5046224927
      },
      "geometry": {
        "type": "Point",
        "coordinates": [
          8.4736426,
          45.7394861
        ]
      }
    },
    {
      "type": "Feature",
      "properties": {
        "id": 5046224928,
        "name": "Motto Dűno",
        "type": "peak",
        "elevation": 423,
        "sort_elevation": 423,
        "website": "",
        "description": "",
        "osm_id": 5046224928
      },
      "geometry": {
        "type": "Point",
        "coordinates": [
          8.4722394,
          45.7335621
        ]
      }
    },
    {
      "type": "Feature",
      "properties": {
        "id": 5057795715,
        "name": "q.1073",
        "type": "peak",
        "elevation": 1073,
        "sort_elevation": 1073,
        "website": "",
        "description": "",
        "osm_id": 5057795715
      },
      "geometry": {
        "type": "Point",
        "coordinates": [
          8.4853419,
          45.8469949
        ]
      }
    },
    {
      "type": "Feature",
      "properties": {
        "id": 5057795716,
        "name": "q.1060",
        "type": "peak",
        "elevation": 1060,
        "sort_elevation": 1060,
        "website": "",
        "description": "",
        "osm_id": 5057795716
      },
      "geometry": {
        "type": "Point",
        "coordinates": [
          8.4872944,
          45.8470613
        ]
      }
    },
    {
      "type": "Feature",
      "properties": {
        "id": 5063624810,
        "name": "Monte Castello",
        "type": "peak",
        "elevation": 2657,
        "sort_elevation": 2657,
        "website": "",
        "description": "",
        "osm_id": 5063624810
      },
      "geometry": {
        "type": "Point",
        "coordinates": [
          7.7566159,
          45.815694
        ]
      }
    },
    {
      "type": "Feature",
      "properties": {
        "id": 5063624811,
        "name": "Monte Pezzei",
        "type": "peak",
        "elevation": 2617,
        "sort_elevation": 2617,
        "website": "",
        "description": "",
        "osm_id": 5063624811
      },
      "geometry": {
        "type": "Point",
        "coordinates": [
          7.7528981,
          45.8174841
        ]
      }
    },
    {
      "type": "Feature",
      "properties": {
        "id": 5071836815,
        "name": "Q.2244",
        "type": "peak",
        "elevation": 2244,
        "sort_elevation": 2244,
        "website": "",
        "description": "",
        "osm_id": 5071836815
      },
      "geometry": {
        "type": "Point",
        "coordinates": [
          7.9951015,
          45.8320392
        ]
      }
    },
    {
      "type": "Feature",
      "properties": {
        "id": 5081786245,
        "name": "Poggio Molla",
        "type": "peak",
        "elevation": 281,
        "sort_elevation": 281,
        "website": "",
        "description": "",
        "osm_id": 5081786245
      },
      "geometry": {
        "type": "Point",
        "coordinates": [
          8.4331647,
          45.9227418
        ]
      }
    },
    {
      "type": "Feature",
      "properties": {
        "id": 5084704124,
        "name": "Cima Trasinera",
        "type": "peak",
        "elevation": 2620,
        "sort_elevation": 2620,
        "website": "",
        "description": "",
        "osm_id": 5084704124
      },
      "geometry": {
        "type": "Point",
        "coordinates": [
          8.0060867,
          45.9040156
        ]
      }
    },
    {
      "type": "Feature",
      "properties": {
        "id": 5092219990,
        "name": "La Loccia",
        "type": "peak",
        "elevation": 2173,
        "sort_elevation": 2173,
        "website": "",
        "description": "",
        "osm_id": 5092219990
      },
      "geometry": {
        "type": "Point",
        "coordinates": [
          7.9697093,
          45.8087827
        ]
      }
    },
    {
      "type": "Feature",
      "properties": {
        "id": 5096096405,
        "name": "Gemsspitz",
        "type": "peak",
        "elevation": 3182,
        "sort_elevation": 3182,
        "website": "",
        "description": "",
        "osm_id": 5096096405
      },
      "geometry": {
        "type": "Point",
        "coordinates": [
          7.6344895,
          46.0075145
        ]
      }
    },
    {
      "type": "Feature",
      "properties": {
        "id": 5098180156,
        "name": "Rifugio Delfo e Agostino Coda",
        "type": "hut",
        "elevation": 2280,
        "sort_elevation": 2280,
        "website": "http://www.rifugiocoda.it",
        "description": "",
        "osm_id": 5098180156
      },
      "geometry": {
        "type": "Point",
        "coordinates": [
          7.9065137,
          45.62243
        ]
      }
    },
    {
      "type": "Feature",
      "properties": {
        "id": 5100514294,
        "name": "Colle Rola",
        "type": "peak",
        "elevation": "N/D",
        "sort_elevation": 0,
        "website": "",
        "description": "",
        "osm_id": 5100514294
      },
      "geometry": {
        "type": "Point",
        "coordinates": [
          8.2069476,
          45.6911448
        ]
      }
    },
    {
      "type": "Feature",
      "properties": {
        "id": 5100514296,
        "name": "Cima il Turli",
        "type": "peak",
        "elevation": "N/D",
        "sort_elevation": 0,
        "website": "",
        "description": "",
        "osm_id": 5100514296
      },
      "geometry": {
        "type": "Point",
        "coordinates": [
          8.1934426,
          45.7129503
        ]
      }
    },
    {
      "type": "Feature",
      "properties": {
        "id": 5102148215,
        "name": "Punta del Tillio",
        "type": "peak",
        "elevation": 2675,
        "sort_elevation": 2675,
        "website": "",
        "description": "",
        "osm_id": 5102148215
      },
      "geometry": {
        "type": "Point",
        "coordinates": [
          7.9238299,
          45.7763199
        ]
      }
    },
    {
      "type": "Feature",
      "properties": {
        "id": 5102148216,
        "name": "Punta del Cortese",
        "type": "peak",
        "elevation": 2711,
        "sort_elevation": 2711,
        "website": "",
        "description": "",
        "osm_id": 5102148216
      },
      "geometry": {
        "type": "Point",
        "coordinates": [
          7.9224945,
          45.7723612
        ]
      }
    },
    {
      "type": "Feature",
      "properties": {
        "id": 5103612502,
        "name": "Bivacco Colmine",
        "type": "bivouac",
        "elevation": 1700,
        "sort_elevation": 1700,
        "website": "",
        "description": "",
        "osm_id": 5103612502
      },
      "geometry": {
        "type": "Point",
        "coordinates": [
          8.2997025,
          46.1895266
        ]
      }
    },
    {
      "type": "Feature",
      "properties": {
        "id": 5103663541,
        "name": "Mazza dell'Inferno",
        "type": "peak",
        "elevation": 1921,
        "sort_elevation": 1921,
        "website": "",
        "description": "",
        "osm_id": 5103663541
      },
      "geometry": {
        "type": "Point",
        "coordinates": [
          8.2842914,
          45.9544833
        ]
      }
    },
    {
      "type": "Feature",
      "properties": {
        "id": 5105562910,
        "name": "Testa di Pian Fret",
        "type": "peak",
        "elevation": 2715,
        "sort_elevation": 2715,
        "website": "",
        "description": "",
        "osm_id": 5105562910
      },
      "geometry": {
        "type": "Point",
        "coordinates": [
          7.5343492,
          45.6802205
        ]
      }
    },
    {
      "type": "Feature",
      "properties": {
        "id": 5105562919,
        "name": "Anticima",
        "type": "peak",
        "elevation": "N/D",
        "sort_elevation": 0,
        "website": "",
        "description": "",
        "osm_id": 5105562919
      },
      "geometry": {
        "type": "Point",
        "coordinates": [
          7.533672,
          45.6799532
        ]
      }
    },
    {
      "type": "Feature",
      "properties": {
        "id": 5105586462,
        "name": "Cima della Valletta di Bardoney",
        "type": "peak",
        "elevation": 2710,
        "sort_elevation": 2710,
        "website": "",
        "description": "",
        "osm_id": 5105586462
      },
      "geometry": {
        "type": "Point",
        "coordinates": [
          7.4164422,
          45.5806213
        ]
      }
    },
    {
      "type": "Feature",
      "properties": {
        "id": 5112796549,
        "name": "Punta di Meis",
        "type": "peak",
        "elevation": "N/D",
        "sort_elevation": 0,
        "website": "",
        "description": "",
        "osm_id": 5112796549
      },
      "geometry": {
        "type": "Point",
        "coordinates": [
          8.200304,
          45.7151321
        ]
      }
    },
    {
      "type": "Feature",
      "properties": {
        "id": 5112796551,
        "name": "Colle Ramelle",
        "type": "peak",
        "elevation": "N/D",
        "sort_elevation": 0,
        "website": "",
        "description": "",
        "osm_id": 5112796551
      },
      "geometry": {
        "type": "Point",
        "coordinates": [
          8.2344456,
          45.6898579
        ]
      }
    },
    {
      "type": "Feature",
      "properties": {
        "id": 5112796552,
        "name": "Punta delle Camosce",
        "type": "peak",
        "elevation": 1699,
        "sort_elevation": 1699,
        "website": "",
        "description": "",
        "osm_id": 5112796552
      },
      "geometry": {
        "type": "Point",
        "coordinates": [
          8.1677986,
          45.726837
        ]
      }
    },
    {
      "type": "Feature",
      "properties": {
        "id": 5112796553,
        "name": "Colle Ortino",
        "type": "peak",
        "elevation": "N/D",
        "sort_elevation": 0,
        "website": "",
        "description": "",
        "osm_id": 5112796553
      },
      "geometry": {
        "type": "Point",
        "coordinates": [
          8.2278551,
          45.7035668
        ]
      }
    },
    {
      "type": "Feature",
      "properties": {
        "id": 5112796555,
        "name": "Punta Pissavacca",
        "type": "peak",
        "elevation": 1659,
        "sort_elevation": 1659,
        "website": "",
        "description": "",
        "osm_id": 5112796555
      },
      "geometry": {
        "type": "Point",
        "coordinates": [
          8.1684315,
          45.722593
        ]
      }
    },
    {
      "type": "Feature",
      "properties": {
        "id": 5112796556,
        "name": "Colle Orlungo",
        "type": "peak",
        "elevation": "N/D",
        "sort_elevation": 0,
        "website": "",
        "description": "",
        "osm_id": 5112796556
      },
      "geometry": {
        "type": "Point",
        "coordinates": [
          8.2283975,
          45.7012358
        ]
      }
    },
    {
      "type": "Feature",
      "properties": {
        "id": 5112796559,
        "name": "Dosso Grande",
        "type": "peak",
        "elevation": "N/D",
        "sort_elevation": 0,
        "website": "",
        "description": "",
        "osm_id": 5112796559
      },
      "geometry": {
        "type": "Point",
        "coordinates": [
          8.2124537,
          45.7136094
        ]
      }
    },
    {
      "type": "Feature",
      "properties": {
        "id": 5115434805,
        "name": "Monte Orfano",
        "type": "peak",
        "elevation": "N/D",
        "sort_elevation": 0,
        "website": "",
        "description": "",
        "osm_id": 5115434805
      },
      "geometry": {
        "type": "Point",
        "coordinates": [
          8.2438842,
          45.6832156
        ]
      }
    },
    {
      "type": "Feature",
      "properties": {
        "id": 5115434806,
        "name": "Scala di Bors",
        "type": "peak",
        "elevation": 1872,
        "sort_elevation": 1872,
        "website": "",
        "description": "",
        "osm_id": 5115434806
      },
      "geometry": {
        "type": "Point",
        "coordinates": [
          8.1195545,
          45.7382432
        ]
      }
    },
    {
      "type": "Feature",
      "properties": {
        "id": 5115434807,
        "name": "Tre Croci",
        "type": "peak",
        "elevation": 505,
        "sort_elevation": 505,
        "website": "",
        "description": "",
        "osm_id": 5115434807
      },
      "geometry": {
        "type": "Point",
        "coordinates": [
          8.2495728,
          45.6760129
        ]
      }
    },
    {
      "type": "Feature",
      "properties": {
        "id": 5115434809,
        "name": "Cima della Mora",
        "type": "peak",
        "elevation": 1937,
        "sort_elevation": 1937,
        "website": "",
        "description": "",
        "osm_id": 5115434809
      },
      "geometry": {
        "type": "Point",
        "coordinates": [
          8.1054032,
          45.7307462
        ]
      }
    },
    {
      "type": "Feature",
      "properties": {
        "id": 5115434810,
        "name": "Damonte",
        "type": "peak",
        "elevation": "N/D",
        "sort_elevation": 0,
        "website": "",
        "description": "",
        "osm_id": 5115434810
      },
      "geometry": {
        "type": "Point",
        "coordinates": [
          8.2325952,
          45.679024
        ]
      }
    },
    {
      "type": "Feature",
      "properties": {
        "id": 5115434811,
        "name": "Massucco del Turlo",
        "type": "peak",
        "elevation": 561,
        "sort_elevation": 561,
        "website": "",
        "description": "",
        "osm_id": 5115434811
      },
      "geometry": {
        "type": "Point",
        "coordinates": [
          8.252173,
          45.6685279
        ]
      }
    },
    {
      "type": "Feature",
      "properties": {
        "id": 5115434813,
        "name": "Monte Talamone",
        "type": "peak",
        "elevation": 1915,
        "sort_elevation": 1915,
        "website": "",
        "description": "",
        "osm_id": 5115434813
      },
      "geometry": {
        "type": "Point",
        "coordinates": [
          8.1347851,
          45.7498198
        ]
      }
    },
    {
      "type": "Feature",
      "properties": {
        "id": 5117494821,
        "name": "Monte Ventolaro",
        "type": "peak",
        "elevation": 1892,
        "sort_elevation": 1892,
        "website": "",
        "description": "",
        "osm_id": 5117494821
      },
      "geometry": {
        "type": "Point",
        "coordinates": [
          8.2749218,
          45.9571682
        ]
      }
    },
    {
      "type": "Feature",
      "properties": {
        "id": 5120892793,
        "name": "Pala della Gronda",
        "type": "peak",
        "elevation": 2703,
        "sort_elevation": 2703,
        "website": "",
        "description": "",
        "osm_id": 5120892793
      },
      "geometry": {
        "type": "Point",
        "coordinates": [
          7.9340227,
          45.7411978
        ]
      }
    },
    {
      "type": "Feature",
      "properties": {
        "id": 5121612242,
        "name": "Monte Turi",
        "type": "peak",
        "elevation": 1677,
        "sort_elevation": 1677,
        "website": "",
        "description": "",
        "osm_id": 5121612242
      },
      "geometry": {
        "type": "Point",
        "coordinates": [
          8.3060863,
          45.9705914
        ]
      }
    },
    {
      "type": "Feature",
      "properties": {
        "id": 5121649200,
        "name": "Monte Crotta",
        "type": "peak",
        "elevation": 1965,
        "sort_elevation": 1965,
        "website": "",
        "description": "",
        "osm_id": 5121649200
      },
      "geometry": {
        "type": "Point",
        "coordinates": [
          8.3084587,
          45.9562451
        ]
      }
    },
    {
      "type": "Feature",
      "properties": {
        "id": 5122784192,
        "name": "Unknown (hut)",
        "type": "hut",
        "elevation": "N/D",
        "sort_elevation": 0,
        "website": "",
        "description": "",
        "osm_id": 5122784192
      },
      "geometry": {
        "type": "Point",
        "coordinates": [
          8.2364939,
          45.9360127
        ]
      }
    },
    {
      "type": "Feature",
      "properties": {
        "id": 5128497424,
        "name": "Pizzo Camino",
        "type": "peak",
        "elevation": 2148,
        "sort_elevation": 2148,
        "website": "",
        "description": "",
        "osm_id": 5128497424
      },
      "geometry": {
        "type": "Point",
        "coordinates": [
          8.2343427,
          45.977378
        ]
      }
    },
    {
      "type": "Feature",
      "properties": {
        "id": 5128497431,
        "name": "Punta l' Ottone",
        "type": "peak",
        "elevation": 1697,
        "sort_elevation": 1697,
        "website": "",
        "description": "",
        "osm_id": 5128497431
      },
      "geometry": {
        "type": "Point",
        "coordinates": [
          8.2494326,
          45.9840002
        ]
      }
    },
    {
      "type": "Feature",
      "properties": {
        "id": 5129700088,
        "name": "Punta delle Pisse",
        "type": "peak",
        "elevation": 2759,
        "sort_elevation": 2759,
        "website": "",
        "description": "",
        "osm_id": 5129700088
      },
      "geometry": {
        "type": "Point",
        "coordinates": [
          7.8999373,
          45.8191614
        ]
      }
    },
    {
      "type": "Feature",
      "properties": {
        "id": 5129700091,
        "name": "Punta della Croce",
        "type": "peak",
        "elevation": 2617,
        "sort_elevation": 2617,
        "website": "",
        "description": "",
        "osm_id": 5129700091
      },
      "geometry": {
        "type": "Point",
        "coordinates": [
          7.9071315,
          45.8205659
        ]
      }
    },
    {
      "type": "Feature",
      "properties": {
        "id": 5129712057,
        "name": "Punta Balmone",
        "type": "peak",
        "elevation": 2487,
        "sort_elevation": 2487,
        "website": "",
        "description": "",
        "osm_id": 5129712057
      },
      "geometry": {
        "type": "Point",
        "coordinates": [
          7.9187308,
          45.8254183
        ]
      }
    },
    {
      "type": "Feature",
      "properties": {
        "id": 5131800220,
        "name": "Punta Vasnera Orientale",
        "type": "peak",
        "elevation": 2035,
        "sort_elevation": 2035,
        "website": "",
        "description": "",
        "osm_id": 5131800220
      },
      "geometry": {
        "type": "Point",
        "coordinates": [
          7.9974197,
          45.7871617
        ]
      }
    },
    {
      "type": "Feature",
      "properties": {
        "id": 5131801021,
        "name": "Punta Salarua",
        "type": "peak",
        "elevation": 2229,
        "sort_elevation": 2229,
        "website": "",
        "description": "",
        "osm_id": 5131801021
      },
      "geometry": {
        "type": "Point",
        "coordinates": [
          7.978809,
          45.7833149
        ]
      }
    },
    {
      "type": "Feature",
      "properties": {
        "id": 5131801023,
        "name": "Punta Vasnera Occidentale",
        "type": "peak",
        "elevation": 2042,
        "sort_elevation": 2042,
        "website": "",
        "description": "",
        "osm_id": 5131801023
      },
      "geometry": {
        "type": "Point",
        "coordinates": [
          7.986754,
          45.7838695
        ]
      }
    },
    {
      "type": "Feature",
      "properties": {
        "id": 5133447858,
        "name": "Punta delle Pile",
        "type": "peak",
        "elevation": 2815,
        "sort_elevation": 2815,
        "website": "",
        "description": "",
        "osm_id": 5133447858
      },
      "geometry": {
        "type": "Point",
        "coordinates": [
          7.8922568,
          45.8124104
        ]
      }
    },
    {
      "type": "Feature",
      "properties": {
        "id": 5134049656,
        "name": "Punta Pisciole",
        "type": "peak",
        "elevation": 1150,
        "sort_elevation": 1150,
        "website": "",
        "description": "",
        "osm_id": 5134049656
      },
      "geometry": {
        "type": "Point",
        "coordinates": [
          8.1945002,
          45.8212512
        ]
      }
    },
    {
      "type": "Feature",
      "properties": {
        "id": 5134166821,
        "name": "Punta Caminei",
        "type": "peak",
        "elevation": 1252,
        "sort_elevation": 1252,
        "website": "",
        "description": "",
        "osm_id": 5134166821
      },
      "geometry": {
        "type": "Point",
        "coordinates": [
          8.1885657,
          45.8180411
        ]
      }
    },
    {
      "type": "Feature",
      "properties": {
        "id": 5138052428,
        "name": "Massucco Terragnolo",
        "type": "peak",
        "elevation": 1190,
        "sort_elevation": 1190,
        "website": "",
        "description": "",
        "osm_id": 5138052428
      },
      "geometry": {
        "type": "Point",
        "coordinates": [
          8.1778192,
          45.8118638
        ]
      }
    },
    {
      "type": "Feature",
      "properties": {
        "id": 5138708816,
        "name": "Cima del Vallè",
        "type": "peak",
        "elevation": 1467,
        "sort_elevation": 1467,
        "website": "",
        "description": "",
        "osm_id": 5138708816
      },
      "geometry": {
        "type": "Point",
        "coordinates": [
          8.1864452,
          45.8006977
        ]
      }
    },
    {
      "type": "Feature",
      "properties": {
        "id": 5145222434,
        "name": "Poggio le Coste",
        "type": "peak",
        "elevation": "N/D",
        "sort_elevation": 0,
        "website": "",
        "description": "",
        "osm_id": 5145222434
      },
      "geometry": {
        "type": "Point",
        "coordinates": [
          8.1869069,
          45.675471
        ]
      }
    },
    {
      "type": "Feature",
      "properties": {
        "id": 5145222436,
        "name": "Colle Tortolino",
        "type": "peak",
        "elevation": "N/D",
        "sort_elevation": 0,
        "website": "",
        "description": "",
        "osm_id": 5145222436
      },
      "geometry": {
        "type": "Point",
        "coordinates": [
          8.2111405,
          45.6855766
        ]
      }
    },
    {
      "type": "Feature",
      "properties": {
        "id": 5145222440,
        "name": "Cruppo",
        "type": "peak",
        "elevation": "N/D",
        "sort_elevation": 0,
        "website": "",
        "description": "",
        "osm_id": 5145222440
      },
      "geometry": {
        "type": "Point",
        "coordinates": [
          8.2073582,
          45.6803431
        ]
      }
    },
    {
      "type": "Feature",
      "properties": {
        "id": 5145222443,
        "name": "Colle Naccio",
        "type": "peak",
        "elevation": 671,
        "sort_elevation": 671,
        "website": "",
        "description": "",
        "osm_id": 5145222443
      },
      "geometry": {
        "type": "Point",
        "coordinates": [
          8.2260771,
          45.668659
        ]
      }
    },
    {
      "type": "Feature",
      "properties": {
        "id": 5145222445,
        "name": "Colle Turla",
        "type": "peak",
        "elevation": "N/D",
        "sort_elevation": 0,
        "website": "",
        "description": "",
        "osm_id": 5145222445
      },
      "geometry": {
        "type": "Point",
        "coordinates": [
          8.2233725,
          45.677238
        ]
      }
    },
    {
      "type": "Feature",
      "properties": {
        "id": 5145222449,
        "name": "Colle Gruppo",
        "type": "peak",
        "elevation": "N/D",
        "sort_elevation": 0,
        "website": "",
        "description": "",
        "osm_id": 5145222449
      },
      "geometry": {
        "type": "Point",
        "coordinates": [
          8.2238229,
          45.6841204
        ]
      }
    },
    {
      "type": "Feature",
      "properties": {
        "id": 5152598449,
        "name": "Schwarzhorn",
        "type": "peak",
        "elevation": 3137,
        "sort_elevation": 3137,
        "website": "",
        "description": "",
        "osm_id": 5152598449
      },
      "geometry": {
        "type": "Point",
        "coordinates": [
          7.754277,
          46.1353373
        ]
      }
    },
    {
      "type": "Feature",
      "properties": {
        "id": 5152598454,
        "name": "Gross Kastel",
        "type": "peak",
        "elevation": 2893,
        "sort_elevation": 2893,
        "website": "",
        "description": "",
        "osm_id": 5152598454
      },
      "geometry": {
        "type": "Point",
        "coordinates": [
          7.7562189,
          46.116822
        ]
      }
    },
    {
      "type": "Feature",
      "properties": {
        "id": 5152598455,
        "name": "Chli Kastel",
        "type": "peak",
        "elevation": 2786,
        "sort_elevation": 2786,
        "website": "",
        "description": "",
        "osm_id": 5152598455
      },
      "geometry": {
        "type": "Point",
        "coordinates": [
          7.7533221,
          46.1133785
        ]
      }
    },
    {
      "type": "Feature",
      "properties": {
        "id": 5152599077,
        "name": "Hungerlihorli",
        "type": "peak",
        "elevation": 3007,
        "sort_elevation": 3007,
        "website": "",
        "description": "",
        "osm_id": 5152599077
      },
      "geometry": {
        "type": "Point",
        "coordinates": [
          7.724086,
          46.1836337
        ]
      }
    },
    {
      "type": "Feature",
      "properties": {
        "id": 5152599082,
        "name": "Pipjispitz",
        "type": "peak",
        "elevation": 3078,
        "sort_elevation": 3078,
        "website": "",
        "description": "",
        "osm_id": 5152599082
      },
      "geometry": {
        "type": "Point",
        "coordinates": [
          7.7287692,
          46.1684412
        ]
      }
    },
    {
      "type": "Feature",
      "properties": {
        "id": 5152599084,
        "name": "Längi Egga West",
        "type": "peak",
        "elevation": 3028,
        "sort_elevation": 3028,
        "website": "",
        "description": "",
        "osm_id": 5152599084
      },
      "geometry": {
        "type": "Point",
        "coordinates": [
          7.7147519,
          46.1698752
        ]
      }
    },
    {
      "type": "Feature",
      "properties": {
        "id": 5152599085,
        "name": "Signal",
        "type": "peak",
        "elevation": 2932,
        "sort_elevation": 2932,
        "website": "",
        "description": "",
        "osm_id": 5152599085
      },
      "geometry": {
        "type": "Point",
        "coordinates": [
          7.7085614,
          46.1699866
        ]
      }
    },
    {
      "type": "Feature",
      "properties": {
        "id": 5152599105,
        "name": "Sparruhorn",
        "type": "peak",
        "elevation": 2988,
        "sort_elevation": 2988,
        "website": "",
        "description": "",
        "osm_id": 5152599105
      },
      "geometry": {
        "type": "Point",
        "coordinates": [
          7.7692115,
          46.183552
        ]
      }
    },
    {
      "type": "Feature",
      "properties": {
        "id": 5152599109,
        "name": "Festihorn Ost",
        "type": "peak",
        "elevation": 3092,
        "sort_elevation": 3092,
        "website": "",
        "description": "",
        "osm_id": 5152599109
      },
      "geometry": {
        "type": "Point",
        "coordinates": [
          7.7659124,
          46.1770632
        ]
      }
    },
    {
      "type": "Feature",
      "properties": {
        "id": 5152599110,
        "name": "Festihorn Mitte",
        "type": "peak",
        "elevation": 3195,
        "sort_elevation": 3195,
        "website": "",
        "description": "",
        "osm_id": 5152599110
      },
      "geometry": {
        "type": "Point",
        "coordinates": [
          7.7599364,
          46.1757928
        ]
      }
    },
    {
      "type": "Feature",
      "properties": {
        "id": 5152599111,
        "name": "Festihorn West",
        "type": "peak",
        "elevation": 3248,
        "sort_elevation": 3248,
        "website": "",
        "description": "",
        "osm_id": 5152599111
      },
      "geometry": {
        "type": "Point",
        "coordinates": [
          7.7565944,
          46.1765097
        ]
      }
    },
    {
      "type": "Feature",
      "properties": {
        "id": 5152599114,
        "name": "Wasuhorn",
        "type": "peak",
        "elevation": 3343,
        "sort_elevation": 3343,
        "website": "",
        "description": "",
        "osm_id": 5152599114
      },
      "geometry": {
        "type": "Point",
        "coordinates": [
          7.7490842,
          46.1733709
        ]
      }
    },
    {
      "type": "Feature",
      "properties": {
        "id": 5152599330,
        "name": "Wyssegga",
        "type": "peak",
        "elevation": 3168,
        "sort_elevation": 3168,
        "website": "",
        "description": "",
        "osm_id": 5152599330
      },
      "geometry": {
        "type": "Point",
        "coordinates": [
          7.748403,
          46.198979
        ]
      }
    },
    {
      "type": "Feature",
      "properties": {
        "id": 5152599332,
        "name": "Wyssegga West",
        "type": "peak",
        "elevation": 3137,
        "sort_elevation": 3137,
        "website": "",
        "description": "",
        "osm_id": 5152599332
      },
      "geometry": {
        "type": "Point",
        "coordinates": [
          7.73995,
          46.197737
        ]
      }
    },
    {
      "type": "Feature",
      "properties": {
        "id": 5152599334,
        "name": "Furggwanghorn",
        "type": "peak",
        "elevation": 3162,
        "sort_elevation": 3162,
        "website": "",
        "description": "",
        "osm_id": 5152599334
      },
      "geometry": {
        "type": "Point",
        "coordinates": [
          7.7353433,
          46.1939587
        ]
      }
    },
    {
      "type": "Feature",
      "properties": {
        "id": 5152599336,
        "name": "Rothorn Nord",
        "type": "peak",
        "elevation": 3259,
        "sort_elevation": 3259,
        "website": "",
        "description": "",
        "osm_id": 5152599336
      },
      "geometry": {
        "type": "Point",
        "coordinates": [
          7.7352601,
          46.1835966
        ]
      }
    },
    {
      "type": "Feature",
      "properties": {
        "id": 5152599337,
        "name": "Rothorn",
        "type": "peak",
        "elevation": 3278,
        "sort_elevation": 3278,
        "website": "",
        "description": "",
        "osm_id": 5152599337
      },
      "geometry": {
        "type": "Point",
        "coordinates": [
          7.7327643,
          46.1812818
        ]
      }
    },
    {
      "type": "Feature",
      "properties": {
        "id": 5152599339,
        "name": "Inners Rothorn",
        "type": "peak",
        "elevation": 3258,
        "sort_elevation": 3258,
        "website": "",
        "description": "",
        "osm_id": 5152599339
      },
      "geometry": {
        "type": "Point",
        "coordinates": [
          7.7358408,
          46.1765236
        ]
      }
    },
    {
      "type": "Feature",
      "properties": {
        "id": 5152599341,
        "name": "Brändjihorn",
        "type": "peak",
        "elevation": 3308,
        "sort_elevation": 3308,
        "website": "",
        "description": "",
        "osm_id": 5152599341
      },
      "geometry": {
        "type": "Point",
        "coordinates": [
          7.7399265,
          46.1722481
        ]
      }
    },
    {
      "type": "Feature",
      "properties": {
        "id": 5152599343,
        "name": "Üssers Stellihorn",
        "type": "peak",
        "elevation": 3405,
        "sort_elevation": 3405,
        "website": "",
        "description": "",
        "osm_id": 5152599343
      },
      "geometry": {
        "type": "Point",
        "coordinates": [
          7.7374274,
          46.1697674
        ]
      }
    },
    {
      "type": "Feature",
      "properties": {
        "id": 5152599345,
        "name": "Inners Stellihorn",
        "type": "peak",
        "elevation": 3410,
        "sort_elevation": 3410,
        "website": "",
        "description": "",
        "osm_id": 5152599345
      },
      "geometry": {
        "type": "Point",
        "coordinates": [
          7.7390501,
          46.1670424
        ]
      }
    },
    {
      "type": "Feature",
      "properties": {
        "id": 5152599348,
        "name": "Gässispitz",
        "type": "peak",
        "elevation": 3411,
        "sort_elevation": 3411,
        "website": "",
        "description": "",
        "osm_id": 5152599348
      },
      "geometry": {
        "type": "Point",
        "coordinates": [
          7.7355699,
          46.1614852
        ]
      }
    },
    {
      "type": "Feature",
      "properties": {
        "id": 5152599350,
        "name": "Üssers Barrhorn Nord",
        "type": "peak",
        "elevation": 3592,
        "sort_elevation": 3592,
        "website": "",
        "description": "",
        "osm_id": 5152599350
      },
      "geometry": {
        "type": "Point",
        "coordinates": [
          7.7354372,
          46.1564457
        ]
      }
    },
    {
      "type": "Feature",
      "properties": {
        "id": 5152599358,
        "name": "Chanzilti",
        "type": "peak",
        "elevation": 3075,
        "sort_elevation": 3075,
        "website": "",
        "description": "",
        "osm_id": 5152599358
      },
      "geometry": {
        "type": "Point",
        "coordinates": [
          7.7242497,
          46.1451055
        ]
      }
    },
    {
      "type": "Feature",
      "properties": {
        "id": 5152599359,
        "name": "Distulberg",
        "type": "peak",
        "elevation": 3285,
        "sort_elevation": 3285,
        "website": "",
        "description": "",
        "osm_id": 5152599359
      },
      "geometry": {
        "type": "Point",
        "coordinates": [
          7.746284,
          46.1528059
        ]
      }
    },
    {
      "type": "Feature",
      "properties": {
        "id": 5156701143,
        "name": "Cima dell'Inferno",
        "type": "peak",
        "elevation": 994,
        "sort_elevation": 994,
        "website": "",
        "description": "",
        "osm_id": 5156701143
      },
      "geometry": {
        "type": "Point",
        "coordinates": [
          8.1307411,
          45.7102865
        ]
      }
    },
    {
      "type": "Feature",
      "properties": {
        "id": 5156701144,
        "name": "Il Truc",
        "type": "peak",
        "elevation": "N/D",
        "sort_elevation": 0,
        "website": "",
        "description": "",
        "osm_id": 5156701144
      },
      "geometry": {
        "type": "Point",
        "coordinates": [
          8.1795046,
          45.6942309
        ]
      }
    },
    {
      "type": "Feature",
      "properties": {
        "id": 5156701145,
        "name": "la Cimaia",
        "type": "peak",
        "elevation": "N/D",
        "sort_elevation": 0,
        "website": "",
        "description": "",
        "osm_id": 5156701145
      },
      "geometry": {
        "type": "Point",
        "coordinates": [
          8.1979634,
          45.6875802
        ]
      }
    },
    {
      "type": "Feature",
      "properties": {
        "id": 5156701146,
        "name": "Casa Forestale La Ciota",
        "type": "bivouac",
        "elevation": "N/D",
        "sort_elevation": 0,
        "website": "",
        "description": "",
        "osm_id": 5156701146
      },
      "geometry": {
        "type": "Point",
        "coordinates": [
          8.1661876,
          45.7128577
        ]
      }
    },
    {
      "type": "Feature",
      "properties": {
        "id": 5160595207,
        "name": "Piano del Turo",
        "type": "peak",
        "elevation": "N/D",
        "sort_elevation": 0,
        "website": "",
        "description": "",
        "osm_id": 5160595207
      },
      "geometry": {
        "type": "Point",
        "coordinates": [
          7.9069642,
          45.585468
        ]
      }
    },
    {
      "type": "Feature",
      "properties": {
        "id": 5160595208,
        "name": "Monte Rotondo",
        "type": "peak",
        "elevation": "N/D",
        "sort_elevation": 0,
        "website": "",
        "description": "",
        "osm_id": 5160595208
      },
      "geometry": {
        "type": "Point",
        "coordinates": [
          7.9741647,
          45.5436755
        ]
      }
    },
    {
      "type": "Feature",
      "properties": {
        "id": 5160595209,
        "name": "Bec della Lace",
        "type": "peak",
        "elevation": "N/D",
        "sort_elevation": 0,
        "website": "",
        "description": "",
        "osm_id": 5160595209
      },
      "geometry": {
        "type": "Point",
        "coordinates": [
          7.9151747,
          45.6027153
        ]
      }
    },
    {
      "type": "Feature",
      "properties": {
        "id": 5163440469,
        "name": "Cime Battaglia",
        "type": "peak",
        "elevation": 2298,
        "sort_elevation": 2298,
        "website": "",
        "description": "",
        "osm_id": 5163440469
      },
      "geometry": {
        "type": "Point",
        "coordinates": [
          7.7485069,
          45.5596692
        ]
      }
    },
    {
      "type": "Feature",
      "properties": {
        "id": 5166435382,
        "name": "Cima Bonze",
        "type": "peak",
        "elevation": 2516,
        "sort_elevation": 2516,
        "website": "",
        "description": "",
        "osm_id": 5166435382
      },
      "geometry": {
        "type": "Point",
        "coordinates": [
          7.7298172,
          45.5505581
        ]
      }
    },
    {
      "type": "Feature",
      "properties": {
        "id": 5166558925,
        "name": "Corno Rosso",
        "type": "peak",
        "elevation": 2740,
        "sort_elevation": 2740,
        "website": "",
        "description": "",
        "osm_id": 5166558925
      },
      "geometry": {
        "type": "Point",
        "coordinates": [
          7.8778466,
          45.802656
        ]
      }
    },
    {
      "type": "Feature",
      "properties": {
        "id": 5175490924,
        "name": "Wisshorn",
        "type": "peak",
        "elevation": 2936,
        "sort_elevation": 2936,
        "website": "",
        "description": "",
        "osm_id": 5175490924
      },
      "geometry": {
        "type": "Point",
        "coordinates": [
          7.7345039,
          46.036951
        ]
      }
    },
    {
      "type": "Feature",
      "properties": {
        "id": 5187114825,
        "name": "Colma Finestrolo",
        "type": "peak",
        "elevation": 1950,
        "sort_elevation": 1950,
        "website": "",
        "description": "",
        "osm_id": 5187114825
      },
      "geometry": {
        "type": "Point",
        "coordinates": [
          8.0637059,
          45.8187198
        ]
      }
    },
    {
      "type": "Feature",
      "properties": {
        "id": 5190296241,
        "name": "Pizzo Colla Bassa",
        "type": "peak",
        "elevation": 1710,
        "sort_elevation": 1710,
        "website": "",
        "description": "",
        "osm_id": 5190296241
      },
      "geometry": {
        "type": "Point",
        "coordinates": [
          8.3158913,
          46.0440493
        ]
      }
    },
    {
      "type": "Feature",
      "properties": {
        "id": 5190394257,
        "name": "Moncucco cima Nord",
        "type": "peak",
        "elevation": 1970,
        "sort_elevation": 1970,
        "website": "",
        "description": "",
        "osm_id": 5190394257
      },
      "geometry": {
        "type": "Point",
        "coordinates": [
          8.3803187,
          46.0273181
        ]
      }
    },
    {
      "type": "Feature",
      "properties": {
        "id": 5190947484,
        "name": "Mot Gianin",
        "type": "peak",
        "elevation": 1049,
        "sort_elevation": 1049,
        "website": "",
        "description": "",
        "osm_id": 5190947484
      },
      "geometry": {
        "type": "Point",
        "coordinates": [
          8.391122,
          46.0087389
        ]
      }
    },
    {
      "type": "Feature",
      "properties": {
        "id": 5190947485,
        "name": "Piz d'la Vugia",
        "type": "peak",
        "elevation": 1611,
        "sort_elevation": 1611,
        "website": "",
        "description": "",
        "osm_id": 5190947485
      },
      "geometry": {
        "type": "Point",
        "coordinates": [
          8.3882293,
          46.0154932
        ]
      }
    },
    {
      "type": "Feature",
      "properties": {
        "id": 5194838953,
        "name": "Punta dello Scaletto",
        "type": "peak",
        "elevation": 2046,
        "sort_elevation": 2046,
        "website": "",
        "description": "",
        "osm_id": 5194838953
      },
      "geometry": {
        "type": "Point",
        "coordinates": [
          8.0305717,
          45.7120531
        ]
      }
    },
    {
      "type": "Feature",
      "properties": {
        "id": 5194838955,
        "name": "Punta del Corteis",
        "type": "peak",
        "elevation": 2243,
        "sort_elevation": 2243,
        "website": "",
        "description": "",
        "osm_id": 5194838955
      },
      "geometry": {
        "type": "Point",
        "coordinates": [
          8.0072833,
          45.7254362
        ]
      }
    },
    {
      "type": "Feature",
      "properties": {
        "id": 5194838956,
        "name": "Punta del Campanile",
        "type": "peak",
        "elevation": 2145,
        "sort_elevation": 2145,
        "website": "",
        "description": "",
        "osm_id": 5194838956
      },
      "geometry": {
        "type": "Point",
        "coordinates": [
          8.0116121,
          45.728709
        ]
      }
    },
    {
      "type": "Feature",
      "properties": {
        "id": 5196899519,
        "name": "Monte Cambra",
        "type": "peak",
        "elevation": 2492,
        "sort_elevation": 2492,
        "website": "",
        "description": "",
        "osm_id": 5196899519
      },
      "geometry": {
        "type": "Point",
        "coordinates": [
          7.9900192,
          45.720023
        ]
      }
    },
    {
      "type": "Feature",
      "properties": {
        "id": 5196899520,
        "name": "Punta La Cascinaccia",
        "type": "peak",
        "elevation": 2069,
        "sort_elevation": 2069,
        "website": "",
        "description": "",
        "osm_id": 5196899520
      },
      "geometry": {
        "type": "Point",
        "coordinates": [
          7.9716305,
          45.7211196
        ]
      }
    },
    {
      "type": "Feature",
      "properties": {
        "id": 5198113061,
        "name": "Corno del Pallone",
        "type": "peak",
        "elevation": 2874,
        "sort_elevation": 2874,
        "website": "",
        "description": "",
        "osm_id": 5198113061
      },
      "geometry": {
        "type": "Point",
        "coordinates": [
          7.8883455,
          45.7593436
        ]
      }
    },
    {
      "type": "Feature",
      "properties": {
        "id": 5198113062,
        "name": "Punta Plaida",
        "type": "peak",
        "elevation": 2689,
        "sort_elevation": 2689,
        "website": "",
        "description": "",
        "osm_id": 5198113062
      },
      "geometry": {
        "type": "Point",
        "coordinates": [
          7.8690769,
          45.7829421
        ]
      }
    },
    {
      "type": "Feature",
      "properties": {
        "id": 5199081753,
        "name": "Punta di Rissuolo",
        "type": "peak",
        "elevation": 3102,
        "sort_elevation": 3102,
        "website": "",
        "description": "",
        "osm_id": 5199081753
      },
      "geometry": {
        "type": "Point",
        "coordinates": [
          7.8635987,
          45.8125585
        ]
      }
    },
    {
      "type": "Feature",
      "properties": {
        "id": 5199681958,
        "name": "Cresta dei Cacciatori",
        "type": "peak",
        "elevation": "N/D",
        "sort_elevation": 0,
        "website": "",
        "description": "",
        "osm_id": 5199681958
      },
      "geometry": {
        "type": "Point",
        "coordinates": [
          7.9589546,
          45.6986227
        ]
      }
    },
    {
      "type": "Feature",
      "properties": {
        "id": 5199681962,
        "name": "Poggio del Solì",
        "type": "peak",
        "elevation": "N/D",
        "sort_elevation": 0,
        "website": "",
        "description": "",
        "osm_id": 5199681962
      },
      "geometry": {
        "type": "Point",
        "coordinates": [
          7.9397579,
          45.694546
        ]
      }
    },
    {
      "type": "Feature",
      "properties": {
        "id": 5199681965,
        "name": "Punta della Guletta",
        "type": "peak",
        "elevation": "N/D",
        "sort_elevation": 0,
        "website": "",
        "description": "",
        "osm_id": 5199681965
      },
      "geometry": {
        "type": "Point",
        "coordinates": [
          7.9565634,
          45.7095133
        ]
      }
    },
    {
      "type": "Feature",
      "properties": {
        "id": 5199681967,
        "name": "Cima Pietra Grande",
        "type": "peak",
        "elevation": "N/D",
        "sort_elevation": 0,
        "website": "",
        "description": "",
        "osm_id": 5199681967
      },
      "geometry": {
        "type": "Point",
        "coordinates": [
          7.978633,
          45.69515
        ]
      }
    },
    {
      "type": "Feature",
      "properties": {
        "id": 5199681968,
        "name": "Cima della Soglia",
        "type": "peak",
        "elevation": "N/D",
        "sort_elevation": 0,
        "website": "",
        "description": "",
        "osm_id": 5199681968
      },
      "geometry": {
        "type": "Point",
        "coordinates": [
          7.957177,
          45.7016734
        ]
      }
    },
    {
      "type": "Feature",
      "properties": {
        "id": 5199681970,
        "name": "Punta della Gruvera",
        "type": "peak",
        "elevation": 2319,
        "sort_elevation": 2319,
        "website": "",
        "description": "",
        "osm_id": 5199681970
      },
      "geometry": {
        "type": "Point",
        "coordinates": [
          7.9236851,
          45.7059783
        ]
      }
    },
    {
      "type": "Feature",
      "properties": {
        "id": 5200639871,
        "name": "Sasso Grande",
        "type": "peak",
        "elevation": 878,
        "sort_elevation": 878,
        "website": "",
        "description": "",
        "osm_id": 5200639871
      },
      "geometry": {
        "type": "Point",
        "coordinates": [
          8.3919013,
          46.0045653
        ]
      }
    },
    {
      "type": "Feature",
      "properties": {
        "id": 5200639878,
        "name": "Pizzo del Lesino",
        "type": "peak",
        "elevation": 1990,
        "sort_elevation": 1990,
        "website": "",
        "description": "",
        "osm_id": 5200639878
      },
      "geometry": {
        "type": "Point",
        "coordinates": [
          8.4068499,
          46.0212476
        ]
      }
    },
    {
      "type": "Feature",
      "properties": {
        "id": 5200832462,
        "name": "Torrione di Bettola",
        "type": "peak",
        "elevation": 1578,
        "sort_elevation": 1578,
        "website": "",
        "description": "",
        "osm_id": 5200832462
      },
      "geometry": {
        "type": "Point",
        "coordinates": [
          8.4255366,
          46.0043138
        ]
      }
    },
    {
      "type": "Feature",
      "properties": {
        "id": 5206654145,
        "name": "Monte Cargiago",
        "type": "peak",
        "elevation": 713,
        "sort_elevation": 713,
        "website": "",
        "description": "",
        "osm_id": 5206654145
      },
      "geometry": {
        "type": "Point",
        "coordinates": [
          8.6051,
          45.9628875
        ]
      }
    },
    {
      "type": "Feature",
      "properties": {
        "id": 5206696064,
        "name": "Pizzo d'Omo (l'Um)",
        "type": "peak",
        "elevation": 1067,
        "sort_elevation": 1067,
        "website": "",
        "description": "",
        "osm_id": 5206696064
      },
      "geometry": {
        "type": "Point",
        "coordinates": [
          8.6155398,
          45.9834982
        ]
      }
    },
    {
      "type": "Feature",
      "properties": {
        "id": 5211014421,
        "name": "Cima del Forno",
        "type": "peak",
        "elevation": 3171,
        "sort_elevation": 3171,
        "website": "",
        "description": "",
        "osm_id": 5211014421
      },
      "geometry": {
        "type": "Point",
        "coordinates": [
          7.8814067,
          45.8208723
        ]
      }
    },
    {
      "type": "Feature",
      "properties": {
        "id": 5213313933,
        "name": "Corno della Busacca",
        "type": "peak",
        "elevation": 2083,
        "sort_elevation": 2083,
        "website": "",
        "description": "",
        "osm_id": 5213313933
      },
      "geometry": {
        "type": "Point",
        "coordinates": [
          8.0537807,
          45.9232737
        ]
      }
    },
    {
      "type": "Feature",
      "properties": {
        "id": 5217250366,
        "name": "Pizzo del Randaloro",
        "type": "peak",
        "elevation": 1728,
        "sort_elevation": 1728,
        "website": "",
        "description": "",
        "osm_id": 5217250366
      },
      "geometry": {
        "type": "Point",
        "coordinates": [
          7.9952462,
          45.760701
        ]
      }
    },
    {
      "type": "Feature",
      "properties": {
        "id": 5223363892,
        "name": "Colma Bella",
        "type": "peak",
        "elevation": "N/D",
        "sort_elevation": 0,
        "website": "",
        "description": "",
        "osm_id": 5223363892
      },
      "geometry": {
        "type": "Point",
        "coordinates": [
          8.0369782,
          45.6687088
        ]
      }
    },
    {
      "type": "Feature",
      "properties": {
        "id": 5223363897,
        "name": "Monticchio",
        "type": "peak",
        "elevation": 1696,
        "sort_elevation": 1696,
        "website": "",
        "description": "",
        "osm_id": 5223363897
      },
      "geometry": {
        "type": "Point",
        "coordinates": [
          8.0475792,
          45.6636266
        ]
      }
    },
    {
      "type": "Feature",
      "properties": {
        "id": 5223363913,
        "name": "Monte Pila",
        "type": "peak",
        "elevation": "N/D",
        "sort_elevation": 0,
        "website": "",
        "description": "",
        "osm_id": 5223363913
      },
      "geometry": {
        "type": "Point",
        "coordinates": [
          8.020103,
          45.65111
        ]
      }
    },
    {
      "type": "Feature",
      "properties": {
        "id": 5223364328,
        "name": "Rocca Colondaro",
        "type": "peak",
        "elevation": "N/D",
        "sort_elevation": 0,
        "website": "",
        "description": "",
        "osm_id": 5223364328
      },
      "geometry": {
        "type": "Point",
        "coordinates": [
          7.9855582,
          45.6510315
        ]
      }
    },
    {
      "type": "Feature",
      "properties": {
        "id": 5223364347,
        "name": "Bassa del Cugnolo",
        "type": "peak",
        "elevation": "N/D",
        "sort_elevation": 0,
        "website": "",
        "description": "",
        "osm_id": 5223364347
      },
      "geometry": {
        "type": "Point",
        "coordinates": [
          8.0173773,
          45.6812029
        ]
      }
    },
    {
      "type": "Feature",
      "properties": {
        "id": 5223364352,
        "name": "Bassa del Campo",
        "type": "peak",
        "elevation": "N/D",
        "sort_elevation": 0,
        "website": "",
        "description": "",
        "osm_id": 5223364352
      },
      "geometry": {
        "type": "Point",
        "coordinates": [
          8.0167427,
          45.685471
        ]
      }
    },
    {
      "type": "Feature",
      "properties": {
        "id": 5223364353,
        "name": "Punta Pernicile",
        "type": "peak",
        "elevation": "N/D",
        "sort_elevation": 0,
        "website": "",
        "description": "",
        "osm_id": 5223364353
      },
      "geometry": {
        "type": "Point",
        "coordinates": [
          7.9707796,
          45.668799
        ]
      }
    },
    {
      "type": "Feature",
      "properties": {
        "id": 5227320262,
        "name": "Cima Varda",
        "type": "peak",
        "elevation": 1247,
        "sort_elevation": 1247,
        "website": "",
        "description": "",
        "osm_id": 5227320262
      },
      "geometry": {
        "type": "Point",
        "coordinates": [
          8.1905611,
          45.8192929
        ]
      }
    },
    {
      "type": "Feature",
      "properties": {
        "id": 5227320263,
        "name": "Turrio",
        "type": "peak",
        "elevation": 1232,
        "sort_elevation": 1232,
        "website": "",
        "description": "",
        "osm_id": 5227320263
      },
      "geometry": {
        "type": "Point",
        "coordinates": [
          8.1885649,
          45.8135052
        ]
      }
    },
    {
      "type": "Feature",
      "properties": {
        "id": 5227360016,
        "name": "Il Dirupato",
        "type": "peak",
        "elevation": 1251,
        "sort_elevation": 1251,
        "website": "",
        "description": "",
        "osm_id": 5227360016
      },
      "geometry": {
        "type": "Point",
        "coordinates": [
          8.1884133,
          45.8168864
        ]
      }
    },
    {
      "type": "Feature",
      "properties": {
        "id": 5227390856,
        "name": "Torreggia",
        "type": "peak",
        "elevation": 998,
        "sort_elevation": 998,
        "website": "",
        "description": "",
        "osm_id": 5227390856
      },
      "geometry": {
        "type": "Point",
        "coordinates": [
          8.1997085,
          45.8206766
        ]
      }
    },
    {
      "type": "Feature",
      "properties": {
        "id": 5229961632,
        "name": "Monte Cuchello",
        "type": "peak",
        "elevation": "N/D",
        "sort_elevation": 0,
        "website": "",
        "description": "",
        "osm_id": 5229961632
      },
      "geometry": {
        "type": "Point",
        "coordinates": [
          7.9915058,
          45.5523328
        ]
      }
    },
    {
      "type": "Feature",
      "properties": {
        "id": 5229961645,
        "name": "Rocca della Fata",
        "type": "peak",
        "elevation": "N/D",
        "sort_elevation": 0,
        "website": "",
        "description": "",
        "osm_id": 5229961645
      },
      "geometry": {
        "type": "Point",
        "coordinates": [
          7.9888491,
          45.5640209
        ]
      }
    },
    {
      "type": "Feature",
      "properties": {
        "id": 5232948720,
        "name": "Monte Verita",
        "type": "peak",
        "elevation": "N/D",
        "sort_elevation": 0,
        "website": "",
        "description": "",
        "osm_id": 5232948720
      },
      "geometry": {
        "type": "Point",
        "coordinates": [
          8.7632982,
          46.1589601
        ]
      }
    },
    {
      "type": "Feature",
      "properties": {
        "id": 5233441881,
        "name": "Bec-Fourà",
        "type": "peak",
        "elevation": 1832,
        "sort_elevation": 1832,
        "website": "",
        "description": "",
        "osm_id": 5233441881
      },
      "geometry": {
        "type": "Point",
        "coordinates": [
          7.8298324,
          45.648012
        ]
      }
    },
    {
      "type": "Feature",
      "properties": {
        "id": 5237674883,
        "name": "Costone d'la Parei",
        "type": "peak",
        "elevation": "N/D",
        "sort_elevation": 0,
        "website": "",
        "description": "",
        "osm_id": 5237674883
      },
      "geometry": {
        "type": "Point",
        "coordinates": [
          7.9579638,
          45.5920258
        ]
      }
    },
    {
      "type": "Feature",
      "properties": {
        "id": 5245859753,
        "name": "La Colma della Croce",
        "type": "peak",
        "elevation": 1959,
        "sort_elevation": 1959,
        "website": "",
        "description": "",
        "osm_id": 5245859753
      },
      "geometry": {
        "type": "Point",
        "coordinates": [
          8.2454532,
          46.1600186
        ]
      }
    },
    {
      "type": "Feature",
      "properties": {
        "id": 5245882507,
        "name": "Pizzo Crogna",
        "type": "peak",
        "elevation": 1740,
        "sort_elevation": 1740,
        "website": "",
        "description": "",
        "osm_id": 5245882507
      },
      "geometry": {
        "type": "Point",
        "coordinates": [
          8.2530679,
          46.1408047
        ]
      }
    },
    {
      "type": "Feature",
      "properties": {
        "id": 5252330088,
        "name": "Monte del Dente",
        "type": "peak",
        "elevation": 1999,
        "sort_elevation": 1999,
        "website": "",
        "description": "",
        "osm_id": 5252330088
      },
      "geometry": {
        "type": "Point",
        "coordinates": [
          8.1762739,
          46.1372465
        ]
      }
    },
    {
      "type": "Feature",
      "properties": {
        "id": 5262334332,
        "name": "Costa Pessine",
        "type": "peak",
        "elevation": "N/D",
        "sort_elevation": 0,
        "website": "",
        "description": "",
        "osm_id": 5262334332
      },
      "geometry": {
        "type": "Point",
        "coordinates": [
          8.0418227,
          45.6440473
        ]
      }
    },
    {
      "type": "Feature",
      "properties": {
        "id": 5262334333,
        "name": "Cima Cucco",
        "type": "peak",
        "elevation": 1287,
        "sort_elevation": 1287,
        "website": "",
        "description": "",
        "osm_id": 5262334333
      },
      "geometry": {
        "type": "Point",
        "coordinates": [
          8.0141586,
          45.6250199
        ]
      }
    },
    {
      "type": "Feature",
      "properties": {
        "id": 5262334334,
        "name": "Punta della Gragliasca",
        "type": "peak",
        "elevation": 2397,
        "sort_elevation": 2397,
        "website": "",
        "description": "",
        "osm_id": 5262334334
      },
      "geometry": {
        "type": "Point",
        "coordinates": [
          7.9225197,
          45.6647154
        ]
      }
    },
    {
      "type": "Feature",
      "properties": {
        "id": 5263894632,
        "name": "Punta Morigiore",
        "type": "peak",
        "elevation": 1285,
        "sort_elevation": 1285,
        "website": "",
        "description": "Questa è la collocazione della Punta Morigiore secondo gli abitanti di Valmaggia. Altre mappe la collocano lungo la dorsale più a Ovest",
        "osm_id": 5263894632
      },
      "geometry": {
        "type": "Point",
        "coordinates": [
          8.2256267,
          45.8385876
        ]
      }
    },
    {
      "type": "Feature",
      "properties": {
        "id": 5263894633,
        "name": "Punta Rascalina",
        "type": "peak",
        "elevation": 1254,
        "sort_elevation": 1254,
        "website": "",
        "description": "Questa è la collocazione della Punta Rascalina secondo gli abitanti di Valmaggia. Altre mappe la collocano lungo la dorsale più a Ovest",
        "osm_id": 5263894633
      },
      "geometry": {
        "type": "Point",
        "coordinates": [
          8.2181632,
          45.8373971
        ]
      }
    },
    {
      "type": "Feature",
      "properties": {
        "id": 5265425106,
        "name": "Colle Orlaccio",
        "type": "peak",
        "elevation": 416,
        "sort_elevation": 416,
        "website": "",
        "description": "",
        "osm_id": 5265425106
      },
      "geometry": {
        "type": "Point",
        "coordinates": [
          8.3611085,
          45.6900669
        ]
      }
    },
    {
      "type": "Feature",
      "properties": {
        "id": 5265579829,
        "name": "Bondala della Mora",
        "type": "peak",
        "elevation": 1700,
        "sort_elevation": 1700,
        "website": "",
        "description": "",
        "osm_id": 5265579829
      },
      "geometry": {
        "type": "Point",
        "coordinates": [
          8.1039466,
          45.7151023
        ]
      }
    },
    {
      "type": "Feature",
      "properties": {
        "id": 5265579836,
        "name": "Poggio Rossiglione",
        "type": "peak",
        "elevation": "N/D",
        "sort_elevation": 0,
        "website": "",
        "description": "",
        "osm_id": 5265579836
      },
      "geometry": {
        "type": "Point",
        "coordinates": [
          8.1821315,
          45.6738655
        ]
      }
    },
    {
      "type": "Feature",
      "properties": {
        "id": 5274473694,
        "name": "Cima della Gavosa",
        "type": "peak",
        "elevation": 1384,
        "sort_elevation": 1384,
        "website": "",
        "description": "",
        "osm_id": 5274473694
      },
      "geometry": {
        "type": "Point",
        "coordinates": [
          8.2315827,
          45.8731393
        ]
      }
    },
    {
      "type": "Feature",
      "properties": {
        "id": 5275946434,
        "name": "Corno d'Otro2",
        "type": "peak",
        "elevation": 2485,
        "sort_elevation": 2485,
        "website": "",
        "description": "Posizione e quota confermati da rilievo GPS. 07/08/2022",
        "osm_id": 5275946434
      },
      "geometry": {
        "type": "Point",
        "coordinates": [
          7.9215675,
          45.8307901
        ]
      }
    },
    {
      "type": "Feature",
      "properties": {
        "id": 5277406887,
        "name": "Monte Tre Croci",
        "type": "peak",
        "elevation": 899,
        "sort_elevation": 899,
        "website": "",
        "description": "",
        "osm_id": 5277406887
      },
      "geometry": {
        "type": "Point",
        "coordinates": [
          8.3290305,
          45.7618994
        ]
      }
    },
    {
      "type": "Feature",
      "properties": {
        "id": 5281754380,
        "name": "Monte Gaggio",
        "type": "peak",
        "elevation": 562,
        "sort_elevation": 562,
        "website": "",
        "description": "",
        "osm_id": 5281754380
      },
      "geometry": {
        "type": "Point",
        "coordinates": [
          8.3926688,
          45.7481291
        ]
      }
    },
    {
      "type": "Feature",
      "properties": {
        "id": 5284208062,
        "name": "Bric Vaulina",
        "type": "peak",
        "elevation": "N/D",
        "sort_elevation": 0,
        "website": "",
        "description": "",
        "osm_id": 5284208062
      },
      "geometry": {
        "type": "Point",
        "coordinates": [
          8.2930984,
          45.6628403
        ]
      }
    },
    {
      "type": "Feature",
      "properties": {
        "id": 5284208064,
        "name": "il Gruppo",
        "type": "peak",
        "elevation": 448,
        "sort_elevation": 448,
        "website": "",
        "description": "",
        "osm_id": 5284208064
      },
      "geometry": {
        "type": "Point",
        "coordinates": [
          8.2901151,
          45.6447515
        ]
      }
    },
    {
      "type": "Feature",
      "properties": {
        "id": 5284208065,
        "name": "Bramaterra",
        "type": "peak",
        "elevation": "N/D",
        "sort_elevation": 0,
        "website": "",
        "description": "",
        "osm_id": 5284208065
      },
      "geometry": {
        "type": "Point",
        "coordinates": [
          8.3012197,
          45.6312734
        ]
      }
    },
    {
      "type": "Feature",
      "properties": {
        "id": 5284208066,
        "name": "Bric Verzelleja",
        "type": "peak",
        "elevation": "N/D",
        "sort_elevation": 0,
        "website": "",
        "description": "",
        "osm_id": 5284208066
      },
      "geometry": {
        "type": "Point",
        "coordinates": [
          8.2751283,
          45.6629997
        ]
      }
    },
    {
      "type": "Feature",
      "properties": {
        "id": 5284208068,
        "name": "Cima Rubattini",
        "type": "peak",
        "elevation": 532,
        "sort_elevation": 532,
        "website": "",
        "description": "",
        "osm_id": 5284208068
      },
      "geometry": {
        "type": "Point",
        "coordinates": [
          8.2623947,
          45.6591305
        ]
      }
    },
    {
      "type": "Feature",
      "properties": {
        "id": 5284208069,
        "name": "il Mazzucchetto",
        "type": "peak",
        "elevation": "N/D",
        "sort_elevation": 0,
        "website": "",
        "description": "",
        "osm_id": 5284208069
      },
      "geometry": {
        "type": "Point",
        "coordinates": [
          8.2911781,
          45.6232629
        ]
      }
    },
    {
      "type": "Feature",
      "properties": {
        "id": 5284208071,
        "name": "Cime le Bonde",
        "type": "peak",
        "elevation": "N/D",
        "sort_elevation": 0,
        "website": "",
        "description": "",
        "osm_id": 5284208071
      },
      "geometry": {
        "type": "Point",
        "coordinates": [
          8.2569812,
          45.665864
        ]
      }
    },
    {
      "type": "Feature",
      "properties": {
        "id": 5284208072,
        "name": "Colle S. Emiliano",
        "type": "peak",
        "elevation": "N/D",
        "sort_elevation": 0,
        "website": "",
        "description": "",
        "osm_id": 5284208072
      },
      "geometry": {
        "type": "Point",
        "coordinates": [
          8.2707112,
          45.6681629
        ]
      }
    },
    {
      "type": "Feature",
      "properties": {
        "id": 5284208073,
        "name": "Bric Bertavole",
        "type": "peak",
        "elevation": "N/D",
        "sort_elevation": 0,
        "website": "",
        "description": "",
        "osm_id": 5284208073
      },
      "geometry": {
        "type": "Point",
        "coordinates": [
          8.2866861,
          45.6497153
        ]
      }
    },
    {
      "type": "Feature",
      "properties": {
        "id": 5284208074,
        "name": "Dosso di San Bernardo",
        "type": "peak",
        "elevation": "N/D",
        "sort_elevation": 0,
        "website": "",
        "description": "",
        "osm_id": 5284208074
      },
      "geometry": {
        "type": "Point",
        "coordinates": [
          8.2636888,
          45.6381996
        ]
      }
    },
    {
      "type": "Feature",
      "properties": {
        "id": 5284208076,
        "name": "Monte Cincignone",
        "type": "peak",
        "elevation": "N/D",
        "sort_elevation": 0,
        "website": "",
        "description": "",
        "osm_id": 5284208076
      },
      "geometry": {
        "type": "Point",
        "coordinates": [
          8.2988954,
          45.6300077
        ]
      }
    },
    {
      "type": "Feature",
      "properties": {
        "id": 5285631348,
        "name": "Bric Galletto",
        "type": "peak",
        "elevation": 517,
        "sort_elevation": 517,
        "website": "",
        "description": "",
        "osm_id": 5285631348
      },
      "geometry": {
        "type": "Point",
        "coordinates": [
          8.3065751,
          45.6583813
        ]
      }
    },
    {
      "type": "Feature",
      "properties": {
        "id": 5285946102,
        "name": "Cima il Craco",
        "type": "peak",
        "elevation": 2463,
        "sort_elevation": 2463,
        "website": "",
        "description": "Posizione e quota da precisare con rilievo GPS e altimetrico",
        "osm_id": 5285946102
      },
      "geometry": {
        "type": "Point",
        "coordinates": [
          7.9231353,
          45.8312096
        ]
      }
    },
    {
      "type": "Feature",
      "properties": {
        "id": 5290723787,
        "name": "Dosso Grinner",
        "type": "peak",
        "elevation": 2761,
        "sort_elevation": 2761,
        "website": "",
        "description": "",
        "osm_id": 5290723787
      },
      "geometry": {
        "type": "Point",
        "coordinates": [
          7.9739584,
          45.8675102
        ]
      }
    },
    {
      "type": "Feature",
      "properties": {
        "id": 5290723789,
        "name": "La Mezzana",
        "type": "peak",
        "elevation": 2611,
        "sort_elevation": 2611,
        "website": "",
        "description": "",
        "osm_id": 5290723789
      },
      "geometry": {
        "type": "Point",
        "coordinates": [
          7.9794551,
          45.8522873
        ]
      }
    },
    {
      "type": "Feature",
      "properties": {
        "id": 5293264921,
        "name": "Colma Vasselloni",
        "type": "peak",
        "elevation": 754,
        "sort_elevation": 754,
        "website": "",
        "description": "",
        "osm_id": 5293264921
      },
      "geometry": {
        "type": "Point",
        "coordinates": [
          8.2686759,
          45.6795781
        ]
      }
    },
    {
      "type": "Feature",
      "properties": {
        "id": 5293264922,
        "name": "La Colma",
        "type": "peak",
        "elevation": 723,
        "sort_elevation": 723,
        "website": "",
        "description": "",
        "osm_id": 5293264922
      },
      "geometry": {
        "type": "Point",
        "coordinates": [
          8.2322645,
          45.6604964
        ]
      }
    },
    {
      "type": "Feature",
      "properties": {
        "id": 5293562905,
        "name": "Cresta degli Altari",
        "type": "peak",
        "elevation": "N/D",
        "sort_elevation": 0,
        "website": "",
        "description": "",
        "osm_id": 5293562905
      },
      "geometry": {
        "type": "Point",
        "coordinates": [
          7.9927716,
          45.7118261
        ]
      }
    },
    {
      "type": "Feature",
      "properties": {
        "id": 5293562908,
        "name": "Capanna Volpi",
        "type": "hut",
        "elevation": "N/D",
        "sort_elevation": 0,
        "website": "",
        "description": "",
        "osm_id": 5293562908
      },
      "geometry": {
        "type": "Point",
        "coordinates": [
          8.0583528,
          45.6515563
        ]
      }
    },
    {
      "type": "Feature",
      "properties": {
        "id": 5293970523,
        "name": "Monte Casto",
        "type": "peak",
        "elevation": 1139,
        "sort_elevation": 1139,
        "website": "",
        "description": "",
        "osm_id": 5293970523
      },
      "geometry": {
        "type": "Point",
        "coordinates": [
          8.066048,
          45.6376116
        ]
      }
    },
    {
      "type": "Feature",
      "properties": {
        "id": 5296704955,
        "name": "Cima Soliva",
        "type": "peak",
        "elevation": 1130,
        "sort_elevation": 1130,
        "website": "",
        "description": "",
        "osm_id": 5296704955
      },
      "geometry": {
        "type": "Point",
        "coordinates": [
          8.3261975,
          45.7899057
        ]
      }
    },
    {
      "type": "Feature",
      "properties": {
        "id": 5301241259,
        "name": "Cima La Guardia",
        "type": "peak",
        "elevation": 785,
        "sort_elevation": 785,
        "website": "",
        "description": "",
        "osm_id": 5301241259
      },
      "geometry": {
        "type": "Point",
        "coordinates": [
          8.2215862,
          45.6598789
        ]
      }
    },
    {
      "type": "Feature",
      "properties": {
        "id": 5301241260,
        "name": "Monte Solivo",
        "type": "peak",
        "elevation": "N/D",
        "sort_elevation": 0,
        "website": "",
        "description": "",
        "osm_id": 5301241260
      },
      "geometry": {
        "type": "Point",
        "coordinates": [
          8.2180375,
          45.6534063
        ]
      }
    },
    {
      "type": "Feature",
      "properties": {
        "id": 5302274736,
        "name": "Punta della Barma",
        "type": "peak",
        "elevation": 2379,
        "sort_elevation": 2379,
        "website": "",
        "description": "",
        "osm_id": 5302274736
      },
      "geometry": {
        "type": "Point",
        "coordinates": [
          7.9396394,
          45.643421
        ]
      }
    },
    {
      "type": "Feature",
      "properties": {
        "id": 5302274739,
        "name": "la Mitria",
        "type": "peak",
        "elevation": "N/D",
        "sort_elevation": 0,
        "website": "",
        "description": "",
        "osm_id": 5302274739
      },
      "geometry": {
        "type": "Point",
        "coordinates": [
          7.9482578,
          45.7137464
        ]
      }
    },
    {
      "type": "Feature",
      "properties": {
        "id": 5302274740,
        "name": "Roc dal Dej",
        "type": "peak",
        "elevation": "N/D",
        "sort_elevation": 0,
        "website": "",
        "description": "",
        "osm_id": 5302274740
      },
      "geometry": {
        "type": "Point",
        "coordinates": [
          8.0675267,
          45.6053703
        ]
      }
    },
    {
      "type": "Feature",
      "properties": {
        "id": 5302279129,
        "name": "Punta Tre Vescovi",
        "type": "peak",
        "elevation": 2503,
        "sort_elevation": 2503,
        "website": "",
        "description": "",
        "osm_id": 5302279129
      },
      "geometry": {
        "type": "Point",
        "coordinates": [
          7.9374005,
          45.7245889
        ]
      }
    },
    {
      "type": "Feature",
      "properties": {
        "id": 5302285828,
        "name": "Monte Tovo",
        "type": "peak",
        "elevation": 2230,
        "sort_elevation": 2230,
        "website": "",
        "description": "",
        "osm_id": 5302285828
      },
      "geometry": {
        "type": "Point",
        "coordinates": [
          7.9619487,
          45.6450121
        ]
      }
    },
    {
      "type": "Feature",
      "properties": {
        "id": 5308422901,
        "name": "Motto Carré",
        "type": "peak",
        "elevation": 311,
        "sort_elevation": 311,
        "website": "",
        "description": "",
        "osm_id": 5308422901
      },
      "geometry": {
        "type": "Point",
        "coordinates": [
          8.541519,
          45.7428545
        ]
      }
    },
    {
      "type": "Feature",
      "properties": {
        "id": 5308570888,
        "name": "Testa Tomè",
        "type": "peak",
        "elevation": 1665,
        "sort_elevation": 1665,
        "website": "",
        "description": "",
        "osm_id": 5308570888
      },
      "geometry": {
        "type": "Point",
        "coordinates": [
          7.7157674,
          45.5956985
        ]
      }
    },
    {
      "type": "Feature",
      "properties": {
        "id": 5308572469,
        "name": "Bec Sant Jean",
        "type": "peak",
        "elevation": 1847,
        "sort_elevation": 1847,
        "website": "",
        "description": "",
        "osm_id": 5308572469
      },
      "geometry": {
        "type": "Point",
        "coordinates": [
          7.7147946,
          45.5938051
        ]
      }
    },
    {
      "type": "Feature",
      "properties": {
        "id": 5314800138,
        "name": "La Malfatta",
        "type": "peak",
        "elevation": 2912,
        "sort_elevation": 2912,
        "website": "",
        "description": "",
        "osm_id": 5314800138
      },
      "geometry": {
        "type": "Point",
        "coordinates": [
          7.8867262,
          45.8877737
        ]
      }
    },
    {
      "type": "Feature",
      "properties": {
        "id": 5315799287,
        "name": "Punta Tre Amici",
        "type": "peak",
        "elevation": 3425,
        "sort_elevation": 3425,
        "website": "",
        "description": "",
        "osm_id": 5315799287
      },
      "geometry": {
        "type": "Point",
        "coordinates": [
          7.9070901,
          45.9260187
        ]
      }
    },
    {
      "type": "Feature",
      "properties": {
        "id": 5321815658,
        "name": "Monte Cattivo",
        "type": "peak",
        "elevation": 872,
        "sort_elevation": 872,
        "website": "",
        "description": "",
        "osm_id": 5321815658
      },
      "geometry": {
        "type": "Point",
        "coordinates": [
          8.152349,
          45.6653585
        ]
      }
    },
    {
      "type": "Feature",
      "properties": {
        "id": 5322080025,
        "name": "Monte Capoposto",
        "type": "peak",
        "elevation": 650,
        "sort_elevation": 650,
        "website": "",
        "description": "",
        "osm_id": 5322080025
      },
      "geometry": {
        "type": "Point",
        "coordinates": [
          8.1853315,
          45.647586
        ]
      }
    },
    {
      "type": "Feature",
      "properties": {
        "id": 5322123859,
        "name": "Monte Massaro",
        "type": "peak",
        "elevation": 1413,
        "sort_elevation": 1413,
        "website": "",
        "description": "",
        "osm_id": 5322123859
      },
      "geometry": {
        "type": "Point",
        "coordinates": [
          8.1302456,
          45.6689353
        ]
      }
    },
    {
      "type": "Feature",
      "properties": {
        "id": 5326140221,
        "name": "Monte Rubello",
        "type": "peak",
        "elevation": 1410,
        "sort_elevation": 1410,
        "website": "",
        "description": "",
        "osm_id": 5326140221
      },
      "geometry": {
        "type": "Point",
        "coordinates": [
          8.1323058,
          45.6735684
        ]
      }
    },
    {
      "type": "Feature",
      "properties": {
        "id": 5326249123,
        "name": "Cima della Ragna",
        "type": "peak",
        "elevation": 1413,
        "sort_elevation": 1413,
        "website": "",
        "description": "",
        "osm_id": 5326249123
      },
      "geometry": {
        "type": "Point",
        "coordinates": [
          8.1237027,
          45.6651803
        ]
      }
    },
    {
      "type": "Feature",
      "properties": {
        "id": 5327669204,
        "name": "Monte Tirlo",
        "type": "peak",
        "elevation": 1303,
        "sort_elevation": 1303,
        "website": "",
        "description": "",
        "osm_id": 5327669204
      },
      "geometry": {
        "type": "Point",
        "coordinates": [
          8.1446331,
          45.6869861
        ]
      }
    },
    {
      "type": "Feature",
      "properties": {
        "id": 5327696394,
        "name": "Cima della Balmetta",
        "type": "peak",
        "elevation": 1362,
        "sort_elevation": 1362,
        "website": "",
        "description": "",
        "osm_id": 5327696394
      },
      "geometry": {
        "type": "Point",
        "coordinates": [
          8.088868,
          45.6872095
        ]
      }
    },
    {
      "type": "Feature",
      "properties": {
        "id": 5329016042,
        "name": "Monte Marchetta",
        "type": "peak",
        "elevation": 1558,
        "sort_elevation": 1558,
        "website": "",
        "description": "",
        "osm_id": 5329016042
      },
      "geometry": {
        "type": "Point",
        "coordinates": [
          8.0765529,
          45.6630924
        ]
      }
    },
    {
      "type": "Feature",
      "properties": {
        "id": 5329111325,
        "name": "Poggio Canajone",
        "type": "peak",
        "elevation": 1421,
        "sort_elevation": 1421,
        "website": "",
        "description": "",
        "osm_id": 5329111325
      },
      "geometry": {
        "type": "Point",
        "coordinates": [
          8.1140709,
          45.6683995
        ]
      }
    },
    {
      "type": "Feature",
      "properties": {
        "id": 5375606421,
        "name": "Monte Bricche",
        "type": "peak",
        "elevation": 1171,
        "sort_elevation": 1171,
        "website": "",
        "description": "",
        "osm_id": 5375606421
      },
      "geometry": {
        "type": "Point",
        "coordinates": [
          8.0910694,
          45.6514644
        ]
      }
    },
    {
      "type": "Feature",
      "properties": {
        "id": 5375643374,
        "name": "Monte Cavajone",
        "type": "peak",
        "elevation": 1293,
        "sort_elevation": 1293,
        "website": "",
        "description": "",
        "osm_id": 5375643374
      },
      "geometry": {
        "type": "Point",
        "coordinates": [
          8.0697263,
          45.6533283
        ]
      }
    },
    {
      "type": "Feature",
      "properties": {
        "id": 5375643375,
        "name": "Monte Terlo",
        "type": "peak",
        "elevation": 1171,
        "sort_elevation": 1171,
        "website": "",
        "description": "",
        "osm_id": 5375643375
      },
      "geometry": {
        "type": "Point",
        "coordinates": [
          8.0787377,
          45.6530134
        ]
      }
    },
    {
      "type": "Feature",
      "properties": {
        "id": 5384630009,
        "name": "Cima delle Locce",
        "type": "peak",
        "elevation": 1594,
        "sort_elevation": 1594,
        "website": "",
        "description": "",
        "osm_id": 5384630009
      },
      "geometry": {
        "type": "Point",
        "coordinates": [
          8.2245513,
          45.8778491
        ]
      }
    },
    {
      "type": "Feature",
      "properties": {
        "id": 5384630010,
        "name": "Sasso Nero",
        "type": "peak",
        "elevation": 1407,
        "sort_elevation": 1407,
        "website": "",
        "description": "",
        "osm_id": 5384630010
      },
      "geometry": {
        "type": "Point",
        "coordinates": [
          8.2220734,
          45.8715482
        ]
      }
    },
    {
      "type": "Feature",
      "properties": {
        "id": 5390514175,
        "name": "Monte Turlo",
        "type": "peak",
        "elevation": 835,
        "sort_elevation": 835,
        "website": "",
        "description": "",
        "osm_id": 5390514175
      },
      "geometry": {
        "type": "Point",
        "coordinates": [
          8.0788776,
          45.6090363
        ]
      }
    },
    {
      "type": "Feature",
      "properties": {
        "id": 5393369095,
        "name": "La Colma",
        "type": "peak",
        "elevation": 508,
        "sort_elevation": 508,
        "website": "",
        "description": "",
        "osm_id": 5393369095
      },
      "geometry": {
        "type": "Point",
        "coordinates": [
          8.1510317,
          45.6062545
        ]
      }
    },
    {
      "type": "Feature",
      "properties": {
        "id": 5401629126,
        "name": "Colle di Brione",
        "type": "peak",
        "elevation": 535,
        "sort_elevation": 535,
        "website": "",
        "description": "",
        "osm_id": 5401629126
      },
      "geometry": {
        "type": "Point",
        "coordinates": [
          8.2584861,
          45.6920789
        ]
      }
    },
    {
      "type": "Feature",
      "properties": {
        "id": 5404825675,
        "name": "Monte Thun",
        "type": "peak",
        "elevation": "N/D",
        "sort_elevation": 0,
        "website": "",
        "description": "",
        "osm_id": 5404825675
      },
      "geometry": {
        "type": "Point",
        "coordinates": [
          8.1947311,
          45.8384431
        ]
      }
    },
    {
      "type": "Feature",
      "properties": {
        "id": 5409673833,
        "name": "Bric Mazzero",
        "type": "peak",
        "elevation": 395,
        "sort_elevation": 395,
        "website": "",
        "description": "",
        "osm_id": 5409673833
      },
      "geometry": {
        "type": "Point",
        "coordinates": [
          8.219931,
          45.6176692
        ]
      }
    },
    {
      "type": "Feature",
      "properties": {
        "id": 5409673834,
        "name": "Bric Montuoso",
        "type": "peak",
        "elevation": 417,
        "sort_elevation": 417,
        "website": "",
        "description": "",
        "osm_id": 5409673834
      },
      "geometry": {
        "type": "Point",
        "coordinates": [
          8.2255829,
          45.6213834
        ]
      }
    },
    {
      "type": "Feature",
      "properties": {
        "id": 5409673835,
        "name": "La Fornatta",
        "type": "peak",
        "elevation": 581,
        "sort_elevation": 581,
        "website": "",
        "description": "",
        "osm_id": 5409673835
      },
      "geometry": {
        "type": "Point",
        "coordinates": [
          8.2219631,
          45.6307932
        ]
      }
    },
    {
      "type": "Feature",
      "properties": {
        "id": 5410062382,
        "name": "Monte Bacco",
        "type": "peak",
        "elevation": 616,
        "sort_elevation": 616,
        "website": "",
        "description": "",
        "osm_id": 5410062382
      },
      "geometry": {
        "type": "Point",
        "coordinates": [
          8.204302,
          45.6492206
        ]
      }
    },
    {
      "type": "Feature",
      "properties": {
        "id": 5410063533,
        "name": "Monte Locala",
        "type": "peak",
        "elevation": 678,
        "sort_elevation": 678,
        "website": "",
        "description": "",
        "osm_id": 5410063533
      },
      "geometry": {
        "type": "Point",
        "coordinates": [
          8.2142425,
          45.6432166
        ]
      }
    },
    {
      "type": "Feature",
      "properties": {
        "id": 5410073295,
        "name": "Morissolino",
        "type": "peak",
        "elevation": "N/D",
        "sort_elevation": 0,
        "website": "",
        "description": "",
        "osm_id": 5410073295
      },
      "geometry": {
        "type": "Point",
        "coordinates": [
          8.6286794,
          46.0167883
        ]
      }
    },
    {
      "type": "Feature",
      "properties": {
        "id": 5414037612,
        "name": "Cima le Pietre",
        "type": "peak",
        "elevation": 596,
        "sort_elevation": 596,
        "website": "",
        "description": "",
        "osm_id": 5414037612
      },
      "geometry": {
        "type": "Point",
        "coordinates": [
          8.2191563,
          45.6341408
        ]
      }
    },
    {
      "type": "Feature",
      "properties": {
        "id": 5414047503,
        "name": "Monte Pendina",
        "type": "peak",
        "elevation": 432,
        "sort_elevation": 432,
        "website": "",
        "description": "",
        "osm_id": 5414047503
      },
      "geometry": {
        "type": "Point",
        "coordinates": [
          8.24996,
          45.6166347
        ]
      }
    },
    {
      "type": "Feature",
      "properties": {
        "id": 5422517131,
        "name": "Monte Pilone",
        "type": "peak",
        "elevation": 408,
        "sort_elevation": 408,
        "website": "",
        "description": "",
        "osm_id": 5422517131
      },
      "geometry": {
        "type": "Point",
        "coordinates": [
          8.2573173,
          45.6037145
        ]
      }
    },
    {
      "type": "Feature",
      "properties": {
        "id": 5422567803,
        "name": "Cima Granone",
        "type": "peak",
        "elevation": 429,
        "sort_elevation": 429,
        "website": "",
        "description": "",
        "osm_id": 5422567803
      },
      "geometry": {
        "type": "Point",
        "coordinates": [
          8.2647316,
          45.6227789
        ]
      }
    },
    {
      "type": "Feature",
      "properties": {
        "id": 5422818102,
        "name": "Truc d'Olivate",
        "type": "peak",
        "elevation": "N/D",
        "sort_elevation": 0,
        "website": "",
        "description": "",
        "osm_id": 5422818102
      },
      "geometry": {
        "type": "Point",
        "coordinates": [
          8.0182343,
          45.6115719
        ]
      }
    },
    {
      "type": "Feature",
      "properties": {
        "id": 5426393850,
        "name": "Bric Moncucco",
        "type": "peak",
        "elevation": 533,
        "sort_elevation": 533,
        "website": "",
        "description": "",
        "osm_id": 5426393850
      },
      "geometry": {
        "type": "Point",
        "coordinates": [
          8.1097338,
          45.5909657
        ]
      }
    },
    {
      "type": "Feature",
      "properties": {
        "id": 5426666839,
        "name": "Colle Nelis",
        "type": "peak",
        "elevation": 764,
        "sort_elevation": 764,
        "website": "",
        "description": "",
        "osm_id": 5426666839
      },
      "geometry": {
        "type": "Point",
        "coordinates": [
          8.0835782,
          45.6155572
        ]
      }
    },
    {
      "type": "Feature",
      "properties": {
        "id": 5426940139,
        "name": "Bric della Randolina",
        "type": "peak",
        "elevation": 726,
        "sort_elevation": 726,
        "website": "",
        "description": "",
        "osm_id": 5426940139
      },
      "geometry": {
        "type": "Point",
        "coordinates": [
          8.0633012,
          45.6000343
        ]
      }
    },
    {
      "type": "Feature",
      "properties": {
        "id": 5441253273,
        "name": "Punta Castello",
        "type": "peak",
        "elevation": 2096,
        "sort_elevation": 2096,
        "website": "",
        "description": "",
        "osm_id": 5441253273
      },
      "geometry": {
        "type": "Point",
        "coordinates": [
          8.1197284,
          45.885819
        ]
      }
    },
    {
      "type": "Feature",
      "properties": {
        "id": 5441886235,
        "name": "Becco di Cossarello 2",
        "type": "peak",
        "elevation": 2665,
        "sort_elevation": 2665,
        "website": "",
        "description": "",
        "osm_id": 5441886235
      },
      "geometry": {
        "type": "Point",
        "coordinates": [
          7.9476064,
          45.7646126
        ]
      }
    },
    {
      "type": "Feature",
      "properties": {
        "id": 5443442347,
        "name": "Cima Tortignaiga 1",
        "type": "peak",
        "elevation": 1177,
        "sort_elevation": 1177,
        "website": "",
        "description": "",
        "osm_id": 5443442347
      },
      "geometry": {
        "type": "Point",
        "coordinates": [
          8.2230026,
          45.7407915
        ]
      }
    },
    {
      "type": "Feature",
      "properties": {
        "id": 5443442348,
        "name": "Cima Tortignaiga 2",
        "type": "peak",
        "elevation": 1176,
        "sort_elevation": 1176,
        "website": "",
        "description": "",
        "osm_id": 5443442348
      },
      "geometry": {
        "type": "Point",
        "coordinates": [
          8.2221108,
          45.7418068
        ]
      }
    },
    {
      "type": "Feature",
      "properties": {
        "id": 5446799293,
        "name": "Croce Garei",
        "type": "peak",
        "elevation": 1846,
        "sort_elevation": 1846,
        "website": "",
        "description": "",
        "osm_id": 5446799293
      },
      "geometry": {
        "type": "Point",
        "coordinates": [
          8.1338501,
          45.8883192
        ]
      }
    },
    {
      "type": "Feature",
      "properties": {
        "id": 5467523507,
        "name": "Cime di Lagarej",
        "type": "peak",
        "elevation": 1295,
        "sort_elevation": 1295,
        "website": "",
        "description": "",
        "osm_id": 5467523507
      },
      "geometry": {
        "type": "Point",
        "coordinates": [
          8.2019906,
          45.8760682
        ]
      }
    },
    {
      "type": "Feature",
      "properties": {
        "id": 5467571376,
        "name": "Cima Colora",
        "type": "peak",
        "elevation": 1105,
        "sort_elevation": 1105,
        "website": "",
        "description": "",
        "osm_id": 5467571376
      },
      "geometry": {
        "type": "Point",
        "coordinates": [
          8.1971848,
          45.8648359
        ]
      }
    },
    {
      "type": "Feature",
      "properties": {
        "id": 5467601164,
        "name": "Cima di Razzarola",
        "type": "peak",
        "elevation": 1714,
        "sort_elevation": 1714,
        "website": "",
        "description": "",
        "osm_id": 5467601164
      },
      "geometry": {
        "type": "Point",
        "coordinates": [
          8.2226622,
          45.8841799
        ]
      }
    },
    {
      "type": "Feature",
      "properties": {
        "id": 5481532349,
        "name": "Montagna Forata",
        "type": "peak",
        "elevation": 1713,
        "sort_elevation": 1713,
        "website": "",
        "description": "",
        "osm_id": 5481532349
      },
      "geometry": {
        "type": "Point",
        "coordinates": [
          8.0808643,
          45.7943494
        ]
      }
    },
    {
      "type": "Feature",
      "properties": {
        "id": 5485089649,
        "name": "La Volpera",
        "type": "peak",
        "elevation": 1384,
        "sort_elevation": 1384,
        "website": "",
        "description": "",
        "osm_id": 5485089649
      },
      "geometry": {
        "type": "Point",
        "coordinates": [
          8.1506274,
          45.8835242
        ]
      }
    },
    {
      "type": "Feature",
      "properties": {
        "id": 5492537143,
        "name": "Stolemberg",
        "type": "peak",
        "elevation": 3202,
        "sort_elevation": 3202,
        "website": "",
        "description": "",
        "osm_id": 5492537143
      },
      "geometry": {
        "type": "Point",
        "coordinates": [
          7.8652802,
          45.8822039
        ]
      }
    },
    {
      "type": "Feature",
      "properties": {
        "id": 5497799351,
        "name": "Massucchetto",
        "type": "peak",
        "elevation": 846,
        "sort_elevation": 846,
        "website": "",
        "description": "",
        "osm_id": 5497799351
      },
      "geometry": {
        "type": "Point",
        "coordinates": [
          8.2161442,
          45.8165023
        ]
      }
    },
    {
      "type": "Feature",
      "properties": {
        "id": 5497799352,
        "name": "Punta Chiosone",
        "type": "peak",
        "elevation": 1282,
        "sort_elevation": 1282,
        "website": "",
        "description": "",
        "osm_id": 5497799352
      },
      "geometry": {
        "type": "Point",
        "coordinates": [
          8.1871098,
          45.8089866
        ]
      }
    },
    {
      "type": "Feature",
      "properties": {
        "id": 5497799353,
        "name": "Massa",
        "type": "peak",
        "elevation": 1557,
        "sort_elevation": 1557,
        "website": "",
        "description": "",
        "osm_id": 5497799353
      },
      "geometry": {
        "type": "Point",
        "coordinates": [
          8.19104,
          45.7974761
        ]
      }
    },
    {
      "type": "Feature",
      "properties": {
        "id": 5504691405,
        "name": "Mont de Leretta",
        "type": "peak",
        "elevation": 1994,
        "sort_elevation": 1994,
        "website": "",
        "description": "",
        "osm_id": 5504691405
      },
      "geometry": {
        "type": "Point",
        "coordinates": [
          7.895665,
          45.6399983
        ]
      }
    },
    {
      "type": "Feature",
      "properties": {
        "id": 5508353621,
        "name": "Punta Fillieux",
        "type": "peak",
        "elevation": 2181,
        "sort_elevation": 2181,
        "website": "",
        "description": "",
        "osm_id": 5508353621
      },
      "geometry": {
        "type": "Point",
        "coordinates": [
          7.9006773,
          45.6330248
        ]
      }
    },
    {
      "type": "Feature",
      "properties": {
        "id": 5517884377,
        "name": "Punta del Canalaccio",
        "type": "peak",
        "elevation": 2246,
        "sort_elevation": 2246,
        "website": "",
        "description": "",
        "osm_id": 5517884377
      },
      "geometry": {
        "type": "Point",
        "coordinates": [
          8.01607,
          45.7137328
        ]
      }
    },
    {
      "type": "Feature",
      "properties": {
        "id": 5517955732,
        "name": "Poggio le Rosette",
        "type": "peak",
        "elevation": 1530,
        "sort_elevation": 1530,
        "website": "",
        "description": "",
        "osm_id": 5517955732
      },
      "geometry": {
        "type": "Point",
        "coordinates": [
          8.0625975,
          45.7150227
        ]
      }
    },
    {
      "type": "Feature",
      "properties": {
        "id": 5517955733,
        "name": "Punta Dormiolo",
        "type": "peak",
        "elevation": 1764,
        "sort_elevation": 1764,
        "website": "",
        "description": "",
        "osm_id": 5517955733
      },
      "geometry": {
        "type": "Point",
        "coordinates": [
          8.0568908,
          45.7067134
        ]
      }
    },
    {
      "type": "Feature",
      "properties": {
        "id": 5517997510,
        "name": "Colmetta della Raja",
        "type": "peak",
        "elevation": "N/D",
        "sort_elevation": 0,
        "website": "",
        "description": "",
        "osm_id": 5517997510
      },
      "geometry": {
        "type": "Point",
        "coordinates": [
          8.0254093,
          45.7228329
        ]
      }
    },
    {
      "type": "Feature",
      "properties": {
        "id": 5525290307,
        "name": "Tréchtéspétz",
        "type": "peak",
        "elevation": 2729,
        "sort_elevation": 2729,
        "website": "",
        "description": "",
        "osm_id": 5525290307
      },
      "geometry": {
        "type": "Point",
        "coordinates": [
          7.8485691,
          45.7890484
        ]
      }
    },
    {
      "type": "Feature",
      "properties": {
        "id": 5558694074,
        "name": "Moncucco",
        "type": "peak",
        "elevation": 1066,
        "sort_elevation": 1066,
        "website": "",
        "description": "",
        "osm_id": 5558694074
      },
      "geometry": {
        "type": "Point",
        "coordinates": [
          8.3226592,
          45.8131444
        ]
      }
    },
    {
      "type": "Feature",
      "properties": {
        "id": 5558694075,
        "name": "Punta di Carcegna",
        "type": "peak",
        "elevation": 1077,
        "sort_elevation": 1077,
        "website": "",
        "description": "",
        "osm_id": 5558694075
      },
      "geometry": {
        "type": "Point",
        "coordinates": [
          8.3219796,
          45.813893
        ]
      }
    },
    {
      "type": "Feature",
      "properties": {
        "id": 5559260735,
        "name": "Monte Cregn",
        "type": "peak",
        "elevation": 748,
        "sort_elevation": 748,
        "website": "",
        "description": "",
        "osm_id": 5559260735
      },
      "geometry": {
        "type": "Point",
        "coordinates": [
          8.3563199,
          45.8017408
        ]
      }
    },
    {
      "type": "Feature",
      "properties": {
        "id": 5591254037,
        "name": "La Tureggia",
        "type": "peak",
        "elevation": 1304,
        "sort_elevation": 1304,
        "website": "",
        "description": "",
        "osm_id": 5591254037
      },
      "geometry": {
        "type": "Point",
        "coordinates": [
          8.218452,
          45.866691
        ]
      }
    },
    {
      "type": "Feature",
      "properties": {
        "id": 5591933599,
        "name": "Motto Pruschio",
        "type": "peak",
        "elevation": 511,
        "sort_elevation": 511,
        "website": "",
        "description": "",
        "osm_id": 5591933599
      },
      "geometry": {
        "type": "Point",
        "coordinates": [
          8.505273,
          45.7731287
        ]
      }
    },
    {
      "type": "Feature",
      "properties": {
        "id": 5591933600,
        "name": "Motto Gaggioli",
        "type": "peak",
        "elevation": 472,
        "sort_elevation": 472,
        "website": "",
        "description": "",
        "osm_id": 5591933600
      },
      "geometry": {
        "type": "Point",
        "coordinates": [
          8.5027607,
          45.7671633
        ]
      }
    },
    {
      "type": "Feature",
      "properties": {
        "id": 5591933607,
        "name": "Motto della Rocchetta",
        "type": "peak",
        "elevation": 566,
        "sort_elevation": 566,
        "website": "",
        "description": "",
        "osm_id": 5591933607
      },
      "geometry": {
        "type": "Point",
        "coordinates": [
          8.4604009,
          45.7656457
        ]
      }
    },
    {
      "type": "Feature",
      "properties": {
        "id": 5616953157,
        "name": "Roc Vieux",
        "type": "peak",
        "elevation": 2213,
        "sort_elevation": 2213,
        "website": "",
        "description": "",
        "osm_id": 5616953157
      },
      "geometry": {
        "type": "Point",
        "coordinates": [
          7.5079576,
          46.0713179
        ]
      }
    },
    {
      "type": "Feature",
      "properties": {
        "id": 5649797723,
        "name": "Mont Portola",
        "type": "peak",
        "elevation": 1986,
        "sort_elevation": 1986,
        "website": "",
        "description": "",
        "osm_id": 5649797723
      },
      "geometry": {
        "type": "Point",
        "coordinates": [
          7.8841388,
          45.6196263
        ]
      }
    },
    {
      "type": "Feature",
      "properties": {
        "id": 5663840540,
        "name": "Monte Camosino",
        "type": "peak",
        "elevation": 648,
        "sort_elevation": 648,
        "website": "",
        "description": "",
        "osm_id": 5663840540
      },
      "geometry": {
        "type": "Point",
        "coordinates": [
          8.3792062,
          45.8155026
        ]
      }
    },
    {
      "type": "Feature",
      "properties": {
        "id": 5663840556,
        "name": "La Colmetta",
        "type": "peak",
        "elevation": 503,
        "sort_elevation": 503,
        "website": "",
        "description": "",
        "osm_id": 5663840556
      },
      "geometry": {
        "type": "Point",
        "coordinates": [
          8.3816187,
          45.7745235
        ]
      }
    },
    {
      "type": "Feature",
      "properties": {
        "id": 5663840562,
        "name": "Monte Curlera",
        "type": "peak",
        "elevation": 450,
        "sort_elevation": 450,
        "website": "",
        "description": "",
        "osm_id": 5663840562
      },
      "geometry": {
        "type": "Point",
        "coordinates": [
          8.3870851,
          45.7689467
        ]
      }
    },
    {
      "type": "Feature",
      "properties": {
        "id": 5669345427,
        "name": "Il Trucco",
        "type": "peak",
        "elevation": "N/D",
        "sort_elevation": 0,
        "website": "",
        "description": "",
        "osm_id": 5669345427
      },
      "geometry": {
        "type": "Point",
        "coordinates": [
          8.1761384,
          45.6495878
        ]
      }
    },
    {
      "type": "Feature",
      "properties": {
        "id": 5672597851,
        "name": "Monte Zuoli",
        "type": "peak",
        "elevation": 501,
        "sort_elevation": 501,
        "website": "",
        "description": "",
        "osm_id": 5672597851
      },
      "geometry": {
        "type": "Point",
        "coordinates": [
          8.3934236,
          45.8673845
        ]
      }
    },
    {
      "type": "Feature",
      "properties": {
        "id": 5686380499,
        "name": "Cima Croce",
        "type": "peak",
        "elevation": 582,
        "sort_elevation": 582,
        "website": "",
        "description": "",
        "osm_id": 5686380499
      },
      "geometry": {
        "type": "Point",
        "coordinates": [
          8.2793602,
          45.7052182
        ]
      }
    },
    {
      "type": "Feature",
      "properties": {
        "id": 5692501990,
        "name": "Motta dell'Arbüjera",
        "type": "peak",
        "elevation": 677,
        "sort_elevation": 677,
        "website": "",
        "description": "",
        "osm_id": 5692501990
      },
      "geometry": {
        "type": "Point",
        "coordinates": [
          8.5030299,
          45.7990973
        ]
      }
    },
    {
      "type": "Feature",
      "properties": {
        "id": 5722775979,
        "name": "Bric Oliveri",
        "type": "peak",
        "elevation": "N/D",
        "sort_elevation": 0,
        "website": "",
        "description": "",
        "osm_id": 5722775979
      },
      "geometry": {
        "type": "Point",
        "coordinates": [
          8.0127214,
          45.5991322
        ]
      }
    },
    {
      "type": "Feature",
      "properties": {
        "id": 5722775980,
        "name": "Cima Tressone",
        "type": "peak",
        "elevation": "N/D",
        "sort_elevation": 0,
        "website": "",
        "description": "",
        "osm_id": 5722775980
      },
      "geometry": {
        "type": "Point",
        "coordinates": [
          7.9820666,
          45.643333
        ]
      }
    },
    {
      "type": "Feature",
      "properties": {
        "id": 5722775981,
        "name": "Truch",
        "type": "peak",
        "elevation": "N/D",
        "sort_elevation": 0,
        "website": "",
        "description": "",
        "osm_id": 5722775981
      },
      "geometry": {
        "type": "Point",
        "coordinates": [
          8.0275678,
          45.5565092
        ]
      }
    },
    {
      "type": "Feature",
      "properties": {
        "id": 5722775998,
        "name": "Rifugio Capanna Renata",
        "type": "hut",
        "elevation": "N/D",
        "sort_elevation": 0,
        "website": "",
        "description": "",
        "osm_id": 5722775998
      },
      "geometry": {
        "type": "Point",
        "coordinates": [
          7.9456614,
          45.6444492
        ]
      }
    },
    {
      "type": "Feature",
      "properties": {
        "id": 5752613636,
        "name": "Monte Visconti",
        "type": "peak",
        "elevation": "N/D",
        "sort_elevation": 0,
        "website": "",
        "description": "",
        "osm_id": 5752613636
      },
      "geometry": {
        "type": "Point",
        "coordinates": [
          8.7256609,
          45.6725324
        ]
      }
    },
    {
      "type": "Feature",
      "properties": {
        "id": 5757306921,
        "name": "Poggio Selletto Grosso",
        "type": "peak",
        "elevation": 1222,
        "sort_elevation": 1222,
        "website": "",
        "description": "",
        "osm_id": 5757306921
      },
      "geometry": {
        "type": "Point",
        "coordinates": [
          8.0686655,
          45.6813179
        ]
      }
    },
    {
      "type": "Feature",
      "properties": {
        "id": 5757306960,
        "name": "Colma della Quara",
        "type": "peak",
        "elevation": 1644,
        "sort_elevation": 1644,
        "website": "",
        "description": "",
        "osm_id": 5757306960
      },
      "geometry": {
        "type": "Point",
        "coordinates": [
          8.053456,
          45.6863096
        ]
      }
    },
    {
      "type": "Feature",
      "properties": {
        "id": 5757306961,
        "name": "Piana del Calcinone",
        "type": "peak",
        "elevation": 1703,
        "sort_elevation": 1703,
        "website": "",
        "description": "",
        "osm_id": 5757306961
      },
      "geometry": {
        "type": "Point",
        "coordinates": [
          8.0539259,
          45.6907097
        ]
      }
    },
    {
      "type": "Feature",
      "properties": {
        "id": 5757306963,
        "name": "Colma del Balmello",
        "type": "peak",
        "elevation": 1926,
        "sort_elevation": 1926,
        "website": "",
        "description": "",
        "osm_id": 5757306963
      },
      "geometry": {
        "type": "Point",
        "coordinates": [
          8.0474981,
          45.6975902
        ]
      }
    },
    {
      "type": "Feature",
      "properties": {
        "id": 5763982020,
        "name": "Poggio Buzzone",
        "type": "peak",
        "elevation": 1159,
        "sort_elevation": 1159,
        "website": "",
        "description": "",
        "osm_id": 5763982020
      },
      "geometry": {
        "type": "Point",
        "coordinates": [
          8.3578132,
          45.9151399
        ]
      }
    },
    {
      "type": "Feature",
      "properties": {
        "id": 5774027537,
        "name": "Moncucco",
        "type": "peak",
        "elevation": 2414,
        "sort_elevation": 2414,
        "website": "",
        "description": "",
        "osm_id": 5774027537
      },
      "geometry": {
        "type": "Point",
        "coordinates": [
          7.9940942,
          45.8688299
        ]
      }
    },
    {
      "type": "Feature",
      "properties": {
        "id": 5777157072,
        "name": "Monte Cucco",
        "type": "peak",
        "elevation": 1831,
        "sort_elevation": 1831,
        "website": "",
        "description": "",
        "osm_id": 5777157072
      },
      "geometry": {
        "type": "Point",
        "coordinates": [
          8.3348374,
          45.9423255
        ]
      }
    },
    {
      "type": "Feature",
      "properties": {
        "id": 5798395827,
        "name": "Monte Castellaccio",
        "type": "peak",
        "elevation": 899,
        "sort_elevation": 899,
        "website": "",
        "description": "",
        "osm_id": 5798395827
      },
      "geometry": {
        "type": "Point",
        "coordinates": [
          8.383482,
          45.8773946
        ]
      }
    },
    {
      "type": "Feature",
      "properties": {
        "id": 5798422246,
        "name": "La Bandiera",
        "type": "peak",
        "elevation": 1733,
        "sort_elevation": 1733,
        "website": "",
        "description": "",
        "osm_id": 5798422246
      },
      "geometry": {
        "type": "Point",
        "coordinates": [
          8.2566857,
          45.9426008
        ]
      }
    },
    {
      "type": "Feature",
      "properties": {
        "id": 5798422249,
        "name": "Massa dei Sesiani",
        "type": "peak",
        "elevation": 1962,
        "sort_elevation": 1962,
        "website": "",
        "description": "",
        "osm_id": 5798422249
      },
      "geometry": {
        "type": "Point",
        "coordinates": [
          8.2525097,
          45.9171824
        ]
      }
    },
    {
      "type": "Feature",
      "properties": {
        "id": 5798422252,
        "name": "I Paiosei",
        "type": "peak",
        "elevation": 1840,
        "sort_elevation": 1840,
        "website": "",
        "description": "",
        "osm_id": 5798422252
      },
      "geometry": {
        "type": "Point",
        "coordinates": [
          8.2697386,
          45.915494
        ]
      }
    },
    {
      "type": "Feature",
      "properties": {
        "id": 5798423855,
        "name": "Sasso Respore",
        "type": "peak",
        "elevation": 1338,
        "sort_elevation": 1338,
        "website": "",
        "description": "",
        "osm_id": 5798423855
      },
      "geometry": {
        "type": "Point",
        "coordinates": [
          8.2867151,
          45.9144371
        ]
      }
    },
    {
      "type": "Feature",
      "properties": {
        "id": 5799159831,
        "name": "Cima Colmetta o Rosso",
        "type": "peak",
        "elevation": 2459,
        "sort_elevation": 2459,
        "website": "",
        "description": "",
        "osm_id": 5799159831
      },
      "geometry": {
        "type": "Point",
        "coordinates": [
          8.0997769,
          45.8955802
        ]
      }
    },
    {
      "type": "Feature",
      "properties": {
        "id": 5799417027,
        "name": "Grand Aver",
        "type": "peak",
        "elevation": 2991,
        "sort_elevation": 2991,
        "website": "",
        "description": "",
        "osm_id": 5799417027
      },
      "geometry": {
        "type": "Point",
        "coordinates": [
          7.4714593,
          45.6510103
        ]
      }
    },
    {
      "type": "Feature",
      "properties": {
        "id": 5802609057,
        "name": "Cima Brione",
        "type": "peak",
        "elevation": 1661,
        "sort_elevation": 1661,
        "website": "",
        "description": "",
        "osm_id": 5802609057
      },
      "geometry": {
        "type": "Point",
        "coordinates": [
          8.0222506,
          45.7834712
        ]
      }
    },
    {
      "type": "Feature",
      "properties": {
        "id": 5851744050,
        "name": "Costa l'Argentera",
        "type": "peak",
        "elevation": "N/D",
        "sort_elevation": 0,
        "website": "",
        "description": "",
        "osm_id": 5851744050
      },
      "geometry": {
        "type": "Point",
        "coordinates": [
          8.0361654,
          45.6878324
        ]
      }
    },
    {
      "type": "Feature",
      "properties": {
        "id": 5851744060,
        "name": "Monte Orbello",
        "type": "peak",
        "elevation": "N/D",
        "sort_elevation": 0,
        "website": "",
        "description": "",
        "osm_id": 5851744060
      },
      "geometry": {
        "type": "Point",
        "coordinates": [
          8.1200503,
          45.6525116
        ]
      }
    },
    {
      "type": "Feature",
      "properties": {
        "id": 5901234552,
        "name": "Gran Dent",
        "type": "peak",
        "elevation": 2834,
        "sort_elevation": 2834,
        "website": "",
        "description": "",
        "osm_id": 5901234552
      },
      "geometry": {
        "type": "Point",
        "coordinates": [
          7.6709309,
          45.8373202
        ]
      }
    },
    {
      "type": "Feature",
      "properties": {
        "id": 5901234557,
        "name": "Anticima Gran Dent",
        "type": "peak",
        "elevation": "N/D",
        "sort_elevation": 0,
        "website": "",
        "description": "",
        "osm_id": 5901234557
      },
      "geometry": {
        "type": "Point",
        "coordinates": [
          7.6719715,
          45.8379981
        ]
      }
    },
    {
      "type": "Feature",
      "properties": {
        "id": 5904165373,
        "name": "Anticima NE Facciabella",
        "type": "peak",
        "elevation": "N/D",
        "sort_elevation": 0,
        "website": "",
        "description": "",
        "osm_id": 5904165373
      },
      "geometry": {
        "type": "Point",
        "coordinates": [
          7.7082771,
          45.8468439
        ]
      }
    },
    {
      "type": "Feature",
      "properties": {
        "id": 5904165594,
        "name": "Anticima NE Facciabella",
        "type": "peak",
        "elevation": "N/D",
        "sort_elevation": 0,
        "website": "",
        "description": "",
        "osm_id": 5904165594
      },
      "geometry": {
        "type": "Point",
        "coordinates": [
          7.705736,
          45.8453583
        ]
      }
    },
    {
      "type": "Feature",
      "properties": {
        "id": 5913181486,
        "name": "Mont de la Tsa",
        "type": "peak",
        "elevation": 2804,
        "sort_elevation": 2804,
        "website": "",
        "description": "",
        "osm_id": 5913181486
      },
      "geometry": {
        "type": "Point",
        "coordinates": [
          7.4359739,
          45.8971767
        ]
      }
    },
    {
      "type": "Feature",
      "properties": {
        "id": 5932160290,
        "name": "Hubal",
        "type": "peak",
        "elevation": "N/D",
        "sort_elevation": 0,
        "website": "",
        "description": "",
        "osm_id": 5932160290
      },
      "geometry": {
        "type": "Point",
        "coordinates": [
          8.1852246,
          45.9024551
        ]
      }
    },
    {
      "type": "Feature",
      "properties": {
        "id": 5941039457,
        "name": "Carbunisc",
        "type": "peak",
        "elevation": 1475,
        "sort_elevation": 1475,
        "website": "",
        "description": "",
        "osm_id": 5941039457
      },
      "geometry": {
        "type": "Point",
        "coordinates": [
          8.433112,
          45.9952332
        ]
      }
    },
    {
      "type": "Feature",
      "properties": {
        "id": 5989858591,
        "name": "la Crocetta",
        "type": "peak",
        "elevation": "N/D",
        "sort_elevation": 0,
        "website": "",
        "description": "",
        "osm_id": 5989858591
      },
      "geometry": {
        "type": "Point",
        "coordinates": [
          8.2392243,
          45.6502666
        ]
      }
    },
    {
      "type": "Feature",
      "properties": {
        "id": 5989858592,
        "name": "Monte Cicogna",
        "type": "peak",
        "elevation": "N/D",
        "sort_elevation": 0,
        "website": "",
        "description": "",
        "osm_id": 5989858592
      },
      "geometry": {
        "type": "Point",
        "coordinates": [
          8.2568714,
          45.6193275
        ]
      }
    },
    {
      "type": "Feature",
      "properties": {
        "id": 5989858595,
        "name": "Cima Artina",
        "type": "peak",
        "elevation": "N/D",
        "sort_elevation": 0,
        "website": "",
        "description": "",
        "osm_id": 5989858595
      },
      "geometry": {
        "type": "Point",
        "coordinates": [
          8.2382695,
          45.65517
        ]
      }
    },
    {
      "type": "Feature",
      "properties": {
        "id": 6003683423,
        "name": "Punta Oro",
        "type": "peak",
        "elevation": 2599,
        "sort_elevation": 2599,
        "website": "",
        "description": "",
        "osm_id": 6003683423
      },
      "geometry": {
        "type": "Point",
        "coordinates": [
          7.8834763,
          45.7787452
        ]
      }
    },
    {
      "type": "Feature",
      "properties": {
        "id": 6004297280,
        "name": "Cima di Faut",
        "type": "peak",
        "elevation": 2028,
        "sort_elevation": 2028,
        "website": "",
        "description": "",
        "osm_id": 6004297280
      },
      "geometry": {
        "type": "Point",
        "coordinates": [
          8.0266097,
          45.8500702
        ]
      }
    },
    {
      "type": "Feature",
      "properties": {
        "id": 6005921704,
        "name": "Punta del Kin",
        "type": "peak",
        "elevation": 2472,
        "sort_elevation": 2472,
        "website": "",
        "description": "",
        "osm_id": 6005921704
      },
      "geometry": {
        "type": "Point",
        "coordinates": [
          7.8835533,
          45.7836547
        ]
      }
    },
    {
      "type": "Feature",
      "properties": {
        "id": 6009480051,
        "name": "Punta di Mariasco",
        "type": "peak",
        "elevation": 2412,
        "sort_elevation": 2412,
        "website": "",
        "description": "",
        "osm_id": 6009480051
      },
      "geometry": {
        "type": "Point",
        "coordinates": [
          7.6413878,
          45.5237888
        ]
      }
    },
    {
      "type": "Feature",
      "properties": {
        "id": 6010763874,
        "name": "Punta del Laghetto",
        "type": "peak",
        "elevation": 2385,
        "sort_elevation": 2385,
        "website": "",
        "description": "Punta del Laghetto è il toponimo attestato nelle mappe storiche. Cima delle Tirette appare nella IGM, ma è toponimo che storicamente era riferito alla intera dorsale che va verso la Punta Sajunchè",
        "osm_id": 6010763874
      },
      "geometry": {
        "type": "Point",
        "coordinates": [
          8.0126438,
          45.843384
        ]
      }
    },
    {
      "type": "Feature",
      "properties": {
        "id": 6010763875,
        "name": "el Mill",
        "type": "peak",
        "elevation": 2312,
        "sort_elevation": 2312,
        "website": "",
        "description": "",
        "osm_id": 6010763875
      },
      "geometry": {
        "type": "Point",
        "coordinates": [
          8.0134638,
          45.8457401
        ]
      }
    },
    {
      "type": "Feature",
      "properties": {
        "id": 6010763876,
        "name": "Massa di Grega",
        "type": "peak",
        "elevation": 2339,
        "sort_elevation": 2339,
        "website": "",
        "description": "",
        "osm_id": 6010763876
      },
      "geometry": {
        "type": "Point",
        "coordinates": [
          8.0244327,
          45.8411952
        ]
      }
    },
    {
      "type": "Feature",
      "properties": {
        "id": 6012282547,
        "name": "Motto Comune",
        "type": "peak",
        "elevation": 675,
        "sort_elevation": 675,
        "website": "",
        "description": "",
        "osm_id": 6012282547
      },
      "geometry": {
        "type": "Point",
        "coordinates": [
          8.4818679,
          45.7813406
        ]
      }
    },
    {
      "type": "Feature",
      "properties": {
        "id": 6013263748,
        "name": "Monte Rossaccio",
        "type": "peak",
        "elevation": 726,
        "sort_elevation": 726,
        "website": "",
        "description": "",
        "osm_id": 6013263748
      },
      "geometry": {
        "type": "Point",
        "coordinates": [
          8.4634398,
          45.7987544
        ]
      }
    },
    {
      "type": "Feature",
      "properties": {
        "id": 6014030955,
        "name": "Cima Preronda",
        "type": "peak",
        "elevation": 2140,
        "sort_elevation": 2140,
        "website": "",
        "description": "",
        "osm_id": 6014030955
      },
      "geometry": {
        "type": "Point",
        "coordinates": [
          8.1055049,
          45.8801223
        ]
      }
    },
    {
      "type": "Feature",
      "properties": {
        "id": 6030768152,
        "name": "Massa della Sajunca",
        "type": "peak",
        "elevation": 2314,
        "sort_elevation": 2314,
        "website": "",
        "description": "",
        "osm_id": 6030768152
      },
      "geometry": {
        "type": "Point",
        "coordinates": [
          8.1047309,
          45.8871958
        ]
      }
    },
    {
      "type": "Feature",
      "properties": {
        "id": 6030768154,
        "name": "Massa del Castello",
        "type": "peak",
        "elevation": 2435,
        "sort_elevation": 2435,
        "website": "",
        "description": "",
        "osm_id": 6030768154
      },
      "geometry": {
        "type": "Point",
        "coordinates": [
          8.101643,
          45.8903553
        ]
      }
    },
    {
      "type": "Feature",
      "properties": {
        "id": 6031966887,
        "name": "Monte Buono",
        "type": "peak",
        "elevation": 350,
        "sort_elevation": 350,
        "website": "",
        "description": "",
        "osm_id": 6031966887
      },
      "geometry": {
        "type": "Point",
        "coordinates": [
          7.8481992,
          45.5127672
        ]
      }
    },
    {
      "type": "Feature",
      "properties": {
        "id": 6035281151,
        "name": "Cima Cacciorello",
        "type": "peak",
        "elevation": 1917,
        "sort_elevation": 1917,
        "website": "",
        "description": "",
        "osm_id": 6035281151
      },
      "geometry": {
        "type": "Point",
        "coordinates": [
          8.0845145,
          45.8840538
        ]
      }
    },
    {
      "type": "Feature",
      "properties": {
        "id": 6054184884,
        "name": "Il Paretone",
        "type": "peak",
        "elevation": 1501,
        "sort_elevation": 1501,
        "website": "",
        "description": "",
        "osm_id": 6054184884
      },
      "geometry": {
        "type": "Point",
        "coordinates": [
          8.2183872,
          45.8010327
        ]
      }
    },
    {
      "type": "Feature",
      "properties": {
        "id": 6078559064,
        "name": "Bric Cavallino",
        "type": "peak",
        "elevation": "N/D",
        "sort_elevation": 0,
        "website": "",
        "description": "",
        "osm_id": 6078559064
      },
      "geometry": {
        "type": "Point",
        "coordinates": [
          8.1849692,
          45.6363078
        ]
      }
    },
    {
      "type": "Feature",
      "properties": {
        "id": 6088030506,
        "name": "Sasso Barbè",
        "type": "peak",
        "elevation": 920,
        "sort_elevation": 920,
        "website": "",
        "description": "",
        "osm_id": 6088030506
      },
      "geometry": {
        "type": "Point",
        "coordinates": [
          8.6401248,
          45.922498
        ]
      }
    },
    {
      "type": "Feature",
      "properties": {
        "id": 6115494072,
        "name": "Monte Bastia",
        "type": "peak",
        "elevation": "N/D",
        "sort_elevation": 0,
        "website": "",
        "description": "",
        "osm_id": 6115494072
      },
      "geometry": {
        "type": "Point",
        "coordinates": [
          8.1702111,
          45.6379428
        ]
      }
    },
    {
      "type": "Feature",
      "properties": {
        "id": 6145385101,
        "name": "Bric Cortaccio",
        "type": "peak",
        "elevation": 1055,
        "sort_elevation": 1055,
        "website": "",
        "description": "",
        "osm_id": 6145385101
      },
      "geometry": {
        "type": "Point",
        "coordinates": [
          8.3260562,
          45.8243076
        ]
      }
    },
    {
      "type": "Feature",
      "properties": {
        "id": 6147610195,
        "name": "Poggio Ruvo grande",
        "type": "peak",
        "elevation": 1076,
        "sort_elevation": 1076,
        "website": "",
        "description": "",
        "osm_id": 6147610195
      },
      "geometry": {
        "type": "Point",
        "coordinates": [
          8.3079677,
          45.7826552
        ]
      }
    },
    {
      "type": "Feature",
      "properties": {
        "id": 6147610196,
        "name": "Cima Ruvo pitta",
        "type": "peak",
        "elevation": 1010,
        "sort_elevation": 1010,
        "website": "",
        "description": "",
        "osm_id": 6147610196
      },
      "geometry": {
        "type": "Point",
        "coordinates": [
          8.3068932,
          45.7749507
        ]
      }
    },
    {
      "type": "Feature",
      "properties": {
        "id": 6149780964,
        "name": "Poggio Cerei",
        "type": "peak",
        "elevation": 600,
        "sort_elevation": 600,
        "website": "",
        "description": "",
        "osm_id": 6149780964
      },
      "geometry": {
        "type": "Point",
        "coordinates": [
          8.2801278,
          45.7809013
        ]
      }
    },
    {
      "type": "Feature",
      "properties": {
        "id": 6149780965,
        "name": "Poggio Roncacci",
        "type": "peak",
        "elevation": 526,
        "sort_elevation": 526,
        "website": "",
        "description": "",
        "osm_id": 6149780965
      },
      "geometry": {
        "type": "Point",
        "coordinates": [
          8.2709496,
          45.7693534
        ]
      }
    },
    {
      "type": "Feature",
      "properties": {
        "id": 6162147547,
        "name": "Monte Navone",
        "type": "peak",
        "elevation": 1602,
        "sort_elevation": 1602,
        "website": "",
        "description": "",
        "osm_id": 6162147547
      },
      "geometry": {
        "type": "Point",
        "coordinates": [
          8.370662,
          46.1873996
        ]
      }
    },
    {
      "type": "Feature",
      "properties": {
        "id": 6175349318,
        "name": "Mont Prève",
        "type": "peak",
        "elevation": "N/D",
        "sort_elevation": 0,
        "website": "",
        "description": "",
        "osm_id": 6175349318
      },
      "geometry": {
        "type": "Point",
        "coordinates": [
          8.0882913,
          45.5855054
        ]
      }
    },
    {
      "type": "Feature",
      "properties": {
        "id": 6199681854,
        "name": "Sasso della Colma",
        "type": "peak",
        "elevation": 1565,
        "sort_elevation": 1565,
        "website": "",
        "description": "",
        "osm_id": 6199681854
      },
      "geometry": {
        "type": "Point",
        "coordinates": [
          8.1591824,
          45.8398959
        ]
      }
    },
    {
      "type": "Feature",
      "properties": {
        "id": 6199692971,
        "name": "La Finestra",
        "type": "peak",
        "elevation": 1160,
        "sort_elevation": 1160,
        "website": "",
        "description": "",
        "osm_id": 6199692971
      },
      "geometry": {
        "type": "Point",
        "coordinates": [
          8.1663241,
          45.8014602
        ]
      }
    },
    {
      "type": "Feature",
      "properties": {
        "id": 6229824190,
        "name": "Mai-höru",
        "type": "peak",
        "elevation": 1210,
        "sort_elevation": 1210,
        "website": "",
        "description": "",
        "osm_id": 6229824190
      },
      "geometry": {
        "type": "Point",
        "coordinates": [
          8.1807619,
          45.892776
        ]
      }
    },
    {
      "type": "Feature",
      "properties": {
        "id": 6241436063,
        "name": "Cavallo di Ro",
        "type": "peak",
        "elevation": 1895,
        "sort_elevation": 1895,
        "website": "",
        "description": "",
        "osm_id": 6241436063
      },
      "geometry": {
        "type": "Point",
        "coordinates": [
          8.129762,
          46.0822653
        ]
      }
    },
    {
      "type": "Feature",
      "properties": {
        "id": 6249502467,
        "name": "Monte Forcolaccia",
        "type": "peak",
        "elevation": 2149,
        "sort_elevation": 2149,
        "website": "",
        "description": "",
        "osm_id": 6249502467
      },
      "geometry": {
        "type": "Point",
        "coordinates": [
          8.0863619,
          46.0897377
        ]
      }
    },
    {
      "type": "Feature",
      "properties": {
        "id": 6249502468,
        "name": "i Ton Cima Nord",
        "type": "peak",
        "elevation": 2499,
        "sort_elevation": 2499,
        "website": "",
        "description": "",
        "osm_id": 6249502468
      },
      "geometry": {
        "type": "Point",
        "coordinates": [
          8.0864321,
          46.0845337
        ]
      }
    },
    {
      "type": "Feature",
      "properties": {
        "id": 6255832248,
        "name": "q.1958",
        "type": "peak",
        "elevation": 1958,
        "sort_elevation": 1958,
        "website": "",
        "description": "",
        "osm_id": 6255832248
      },
      "geometry": {
        "type": "Point",
        "coordinates": [
          8.1818196,
          46.0720468
        ]
      }
    },
    {
      "type": "Feature",
      "properties": {
        "id": 6255832273,
        "name": "q.1952",
        "type": "peak",
        "elevation": 1952,
        "sort_elevation": 1952,
        "website": "",
        "description": "",
        "osm_id": 6255832273
      },
      "geometry": {
        "type": "Point",
        "coordinates": [
          8.177684,
          46.073596
        ]
      }
    },
    {
      "type": "Feature",
      "properties": {
        "id": 6264808661,
        "name": "Il Castello",
        "type": "peak",
        "elevation": 1943,
        "sort_elevation": 1943,
        "website": "",
        "description": "",
        "osm_id": 6264808661
      },
      "geometry": {
        "type": "Point",
        "coordinates": [
          8.2063364,
          45.8947301
        ]
      }
    },
    {
      "type": "Feature",
      "properties": {
        "id": 6278732895,
        "name": "Cima Strighet",
        "type": "peak",
        "elevation": 1899,
        "sort_elevation": 1899,
        "website": "",
        "description": "",
        "osm_id": 6278732895
      },
      "geometry": {
        "type": "Point",
        "coordinates": [
          8.2307634,
          45.9935122
        ]
      }
    },
    {
      "type": "Feature",
      "properties": {
        "id": 6283454808,
        "name": "Li Dornaj",
        "type": "peak",
        "elevation": 1283,
        "sort_elevation": 1283,
        "website": "",
        "description": "Toponimo citato dalla mappa del 1759",
        "osm_id": 6283454808
      },
      "geometry": {
        "type": "Point",
        "coordinates": [
          8.2128278,
          45.8620561
        ]
      }
    },
    {
      "type": "Feature",
      "properties": {
        "id": 6296178717,
        "name": "Bric",
        "type": "peak",
        "elevation": "N/D",
        "sort_elevation": 0,
        "website": "",
        "description": "",
        "osm_id": 6296178717
      },
      "geometry": {
        "type": "Point",
        "coordinates": [
          8.1933674,
          45.8688775
        ]
      }
    },
    {
      "type": "Feature",
      "properties": {
        "id": 6310320947,
        "name": "Monte Biota",
        "type": "peak",
        "elevation": 617,
        "sort_elevation": 617,
        "website": "",
        "description": "",
        "osm_id": 6310320947
      },
      "geometry": {
        "type": "Point",
        "coordinates": [
          8.7578696,
          45.8974459
        ]
      }
    },
    {
      "type": "Feature",
      "properties": {
        "id": 6316289208,
        "name": "La Montagnola",
        "type": "peak",
        "elevation": 931,
        "sort_elevation": 931,
        "website": "",
        "description": "",
        "osm_id": 6316289208
      },
      "geometry": {
        "type": "Point",
        "coordinates": [
          8.7516044,
          46.0588616
        ]
      }
    },
    {
      "type": "Feature",
      "properties": {
        "id": 6316316812,
        "name": "Sasso Torricello",
        "type": "peak",
        "elevation": 1423,
        "sort_elevation": 1423,
        "website": "",
        "description": "",
        "osm_id": 6316316812
      },
      "geometry": {
        "type": "Point",
        "coordinates": [
          8.7917137,
          46.0948528
        ]
      }
    },
    {
      "type": "Feature",
      "properties": {
        "id": 6334583645,
        "name": "Cima Pianone",
        "type": "peak",
        "elevation": 2354,
        "sort_elevation": 2354,
        "website": "",
        "description": "",
        "osm_id": 6334583645
      },
      "geometry": {
        "type": "Point",
        "coordinates": [
          8.0749843,
          45.9100186
        ]
      }
    },
    {
      "type": "Feature",
      "properties": {
        "id": 6338099779,
        "name": "I Tre Pizzi",
        "type": "peak",
        "elevation": 2267,
        "sort_elevation": 2267,
        "website": "",
        "description": "",
        "osm_id": 6338099779
      },
      "geometry": {
        "type": "Point",
        "coordinates": [
          8.1312474,
          45.9339781
        ]
      }
    },
    {
      "type": "Feature",
      "properties": {
        "id": 6343922608,
        "name": "Bricco del Vallé",
        "type": "peak",
        "elevation": 1904,
        "sort_elevation": 1904,
        "website": "",
        "description": "",
        "osm_id": 6343922608
      },
      "geometry": {
        "type": "Point",
        "coordinates": [
          7.97612,
          45.7694051
        ]
      }
    },
    {
      "type": "Feature",
      "properties": {
        "id": 6352037888,
        "name": "Monte Crocino",
        "type": "peak",
        "elevation": 1021,
        "sort_elevation": 1021,
        "website": "",
        "description": "",
        "osm_id": 6352037888
      },
      "geometry": {
        "type": "Point",
        "coordinates": [
          8.470776,
          45.9071991
        ]
      }
    },
    {
      "type": "Feature",
      "properties": {
        "id": 6354819928,
        "name": "Le Mammouth",
        "type": "peak",
        "elevation": 3100,
        "sort_elevation": 3100,
        "website": "",
        "description": "",
        "osm_id": 6354819928
      },
      "geometry": {
        "type": "Point",
        "coordinates": [
          7.6535545,
          46.0637207
        ]
      }
    },
    {
      "type": "Feature",
      "properties": {
        "id": 6359240291,
        "name": "Dôme",
        "type": "peak",
        "elevation": 3650,
        "sort_elevation": 3650,
        "website": "",
        "description": "",
        "osm_id": 6359240291
      },
      "geometry": {
        "type": "Point",
        "coordinates": [
          7.6669557,
          46.0716538
        ]
      }
    },
    {
      "type": "Feature",
      "properties": {
        "id": 6359240322,
        "name": "Blanc de Moming",
        "type": "peak",
        "elevation": 3660,
        "sort_elevation": 3660,
        "website": "",
        "description": "",
        "osm_id": 6359240322
      },
      "geometry": {
        "type": "Point",
        "coordinates": [
          7.6644955,
          46.0737036
        ]
      }
    },
    {
      "type": "Feature",
      "properties": {
        "id": 6359240332,
        "name": "L'Epaule du Rothorn",
        "type": "peak",
        "elevation": 4016,
        "sort_elevation": 4016,
        "website": "",
        "description": "",
        "osm_id": 6359240332
      },
      "geometry": {
        "type": "Point",
        "coordinates": [
          7.6875983,
          46.0693947
        ]
      }
    },
    {
      "type": "Feature",
      "properties": {
        "id": 6376119485,
        "name": "Piano dei Test",
        "type": "peak",
        "elevation": 2094,
        "sort_elevation": 2094,
        "website": "",
        "description": "",
        "osm_id": 6376119485
      },
      "geometry": {
        "type": "Point",
        "coordinates": [
          7.8797213,
          45.586669
        ]
      }
    },
    {
      "type": "Feature",
      "properties": {
        "id": 6383415951,
        "name": "Cima Mergozzoni",
        "type": "peak",
        "elevation": 1384,
        "sort_elevation": 1384,
        "website": "",
        "description": "",
        "osm_id": 6383415951
      },
      "geometry": {
        "type": "Point",
        "coordinates": [
          8.437055,
          45.991095
        ]
      }
    },
    {
      "type": "Feature",
      "properties": {
        "id": 6383432059,
        "name": "Pasquetta",
        "type": "peak",
        "elevation": 1540,
        "sort_elevation": 1540,
        "website": "",
        "description": "",
        "osm_id": 6383432059
      },
      "geometry": {
        "type": "Point",
        "coordinates": [
          8.4308481,
          45.999445
        ]
      }
    },
    {
      "type": "Feature",
      "properties": {
        "id": 6388897704,
        "name": "Cima Sant'Eurosia",
        "type": "peak",
        "elevation": "N/D",
        "sort_elevation": 0,
        "website": "",
        "description": "",
        "osm_id": 6388897704
      },
      "geometry": {
        "type": "Point",
        "coordinates": [
          8.1087967,
          45.6196731
        ]
      }
    },
    {
      "type": "Feature",
      "properties": {
        "id": 6388897705,
        "name": "Bric Vivera",
        "type": "peak",
        "elevation": "N/D",
        "sort_elevation": 0,
        "website": "",
        "description": "",
        "osm_id": 6388897705
      },
      "geometry": {
        "type": "Point",
        "coordinates": [
          8.0914889,
          45.6124199
        ]
      }
    },
    {
      "type": "Feature",
      "properties": {
        "id": 6388897706,
        "name": "Balma del Martleir",
        "type": "peak",
        "elevation": "N/D",
        "sort_elevation": 0,
        "website": "",
        "description": "",
        "osm_id": 6388897706
      },
      "geometry": {
        "type": "Point",
        "coordinates": [
          8.058759,
          45.7279703
        ]
      }
    },
    {
      "type": "Feature",
      "properties": {
        "id": 6388897707,
        "name": "Raja delle Fascine",
        "type": "peak",
        "elevation": "N/D",
        "sort_elevation": 0,
        "website": "",
        "description": "",
        "osm_id": 6388897707
      },
      "geometry": {
        "type": "Point",
        "coordinates": [
          8.0316562,
          45.7296664
        ]
      }
    },
    {
      "type": "Feature",
      "properties": {
        "id": 6388897708,
        "name": "Pallone della Crocetta",
        "type": "peak",
        "elevation": "N/D",
        "sort_elevation": 0,
        "website": "",
        "description": "",
        "osm_id": 6388897708
      },
      "geometry": {
        "type": "Point",
        "coordinates": [
          8.0528545,
          45.7378392
        ]
      }
    },
    {
      "type": "Feature",
      "properties": {
        "id": 6413471787,
        "name": "Mont de Saint Gilles",
        "type": "peak",
        "elevation": 920,
        "sort_elevation": 920,
        "website": "",
        "description": "",
        "osm_id": 6413471787
      },
      "geometry": {
        "type": "Point",
        "coordinates": [
          7.6902352,
          45.679556
        ]
      }
    },
    {
      "type": "Feature",
      "properties": {
        "id": 6414476275,
        "name": "Cma Selvetto",
        "type": "peak",
        "elevation": 1241,
        "sort_elevation": 1241,
        "website": "",
        "description": "",
        "osm_id": 6414476275
      },
      "geometry": {
        "type": "Point",
        "coordinates": [
          8.1209856,
          45.8195109
        ]
      }
    },
    {
      "type": "Feature",
      "properties": {
        "id": 6437019764,
        "name": "Monte Borghè",
        "type": "peak",
        "elevation": 1002,
        "sort_elevation": 1002,
        "website": "",
        "description": "",
        "osm_id": 6437019764
      },
      "geometry": {
        "type": "Point",
        "coordinates": [
          8.6973166,
          45.9200341
        ]
      }
    },
    {
      "type": "Feature",
      "properties": {
        "id": 6443976286,
        "name": "Monte Diavolo",
        "type": "peak",
        "elevation": 2308,
        "sort_elevation": 2308,
        "website": "",
        "description": "",
        "osm_id": 6443976286
      },
      "geometry": {
        "type": "Point",
        "coordinates": [
          7.5216724,
          45.5627427
        ]
      }
    },
    {
      "type": "Feature",
      "properties": {
        "id": 6443976288,
        "name": "Punta della Balma",
        "type": "peak",
        "elevation": 2961,
        "sort_elevation": 2961,
        "website": "",
        "description": "",
        "osm_id": 6443976288
      },
      "geometry": {
        "type": "Point",
        "coordinates": [
          7.5368332,
          45.5706261
        ]
      }
    },
    {
      "type": "Feature",
      "properties": {
        "id": 6443976289,
        "name": "Punta dell'Orletto",
        "type": "peak",
        "elevation": 2499,
        "sort_elevation": 2499,
        "website": "",
        "description": "",
        "osm_id": 6443976289
      },
      "geometry": {
        "type": "Point",
        "coordinates": [
          7.549349,
          45.5563748
        ]
      }
    },
    {
      "type": "Feature",
      "properties": {
        "id": 6443976290,
        "name": "Cima di Chiali",
        "type": "peak",
        "elevation": 2010,
        "sort_elevation": 2010,
        "website": "",
        "description": "",
        "osm_id": 6443976290
      },
      "geometry": {
        "type": "Point",
        "coordinates": [
          7.5498339,
          45.5422773
        ]
      }
    },
    {
      "type": "Feature",
      "properties": {
        "id": 6443976291,
        "name": "Cima Orletto",
        "type": "peak",
        "elevation": 2258,
        "sort_elevation": 2258,
        "website": "",
        "description": "",
        "osm_id": 6443976291
      },
      "geometry": {
        "type": "Point",
        "coordinates": [
          7.5573127,
          45.5507155
        ]
      }
    },
    {
      "type": "Feature",
      "properties": {
        "id": 6454914397,
        "name": "Mont Charvatton",
        "type": "peak",
        "elevation": 1786,
        "sort_elevation": 1786,
        "website": "",
        "description": "",
        "osm_id": 6454914397
      },
      "geometry": {
        "type": "Point",
        "coordinates": [
          7.6899316,
          45.6188869
        ]
      }
    },
    {
      "type": "Feature",
      "properties": {
        "id": 6466877912,
        "name": "anticima Reinauda",
        "type": "peak",
        "elevation": 1615,
        "sort_elevation": 1615,
        "website": "",
        "description": "",
        "osm_id": 6466877912
      },
      "geometry": {
        "type": "Point",
        "coordinates": [
          8.1431471,
          45.7990009
        ]
      }
    },
    {
      "type": "Feature",
      "properties": {
        "id": 6466877913,
        "name": "Reinauda",
        "type": "peak",
        "elevation": 1650,
        "sort_elevation": 1650,
        "website": "",
        "description": "",
        "osm_id": 6466877913
      },
      "geometry": {
        "type": "Point",
        "coordinates": [
          8.1445711,
          45.7987924
        ]
      }
    },
    {
      "type": "Feature",
      "properties": {
        "id": 6466877914,
        "name": "Pizzo Piccolo",
        "type": "peak",
        "elevation": 1660,
        "sort_elevation": 1660,
        "website": "",
        "description": "",
        "osm_id": 6466877914
      },
      "geometry": {
        "type": "Point",
        "coordinates": [
          8.144837,
          45.7982566
        ]
      }
    },
    {
      "type": "Feature",
      "properties": {
        "id": 6466877915,
        "name": "Pozzo",
        "type": "peak",
        "elevation": 1667,
        "sort_elevation": 1667,
        "website": "",
        "description": "",
        "osm_id": 6466877915
      },
      "geometry": {
        "type": "Point",
        "coordinates": [
          8.145485,
          45.798236
        ]
      }
    },
    {
      "type": "Feature",
      "properties": {
        "id": 6466877916,
        "name": "Ometto",
        "type": "peak",
        "elevation": 1671,
        "sort_elevation": 1671,
        "website": "",
        "description": "",
        "osm_id": 6466877916
      },
      "geometry": {
        "type": "Point",
        "coordinates": [
          8.1464574,
          45.7978337
        ]
      }
    },
    {
      "type": "Feature",
      "properties": {
        "id": 6466877917,
        "name": "Mognetta Storta",
        "type": "peak",
        "elevation": 1577,
        "sort_elevation": 1577,
        "website": "",
        "description": "",
        "osm_id": 6466877917
      },
      "geometry": {
        "type": "Point",
        "coordinates": [
          8.1482559,
          45.8002392
        ]
      }
    },
    {
      "type": "Feature",
      "properties": {
        "id": 6466877918,
        "name": "Orello Arioso",
        "type": "peak",
        "elevation": 1501,
        "sort_elevation": 1501,
        "website": "",
        "description": "",
        "osm_id": 6466877918
      },
      "geometry": {
        "type": "Point",
        "coordinates": [
          8.1483692,
          45.8011169
        ]
      }
    },
    {
      "type": "Feature",
      "properties": {
        "id": 6466877919,
        "name": "Mognetta Grossa",
        "type": "peak",
        "elevation": 1473,
        "sort_elevation": 1473,
        "website": "",
        "description": "",
        "osm_id": 6466877919
      },
      "geometry": {
        "type": "Point",
        "coordinates": [
          8.1487913,
          45.8025123
        ]
      }
    },
    {
      "type": "Feature",
      "properties": {
        "id": 6466877920,
        "name": "Turlo",
        "type": "peak",
        "elevation": 1458,
        "sort_elevation": 1458,
        "website": "",
        "description": "",
        "osm_id": 6466877920
      },
      "geometry": {
        "type": "Point",
        "coordinates": [
          8.148855,
          45.8048851
        ]
      }
    },
    {
      "type": "Feature",
      "properties": {
        "id": 6466877921,
        "name": "Cima Scaletto",
        "type": "peak",
        "elevation": 1414,
        "sort_elevation": 1414,
        "website": "",
        "description": "",
        "osm_id": 6466877921
      },
      "geometry": {
        "type": "Point",
        "coordinates": [
          8.1487572,
          45.807723
        ]
      }
    },
    {
      "type": "Feature",
      "properties": {
        "id": 6472936638,
        "name": "Pizzo della Caccia",
        "type": "peak",
        "elevation": 2404,
        "sort_elevation": 2404,
        "website": "",
        "description": "",
        "osm_id": 6472936638
      },
      "geometry": {
        "type": "Point",
        "coordinates": [
          8.0393426,
          45.9464326
        ]
      }
    },
    {
      "type": "Feature",
      "properties": {
        "id": 6488102988,
        "name": "Bech dle Steje",
        "type": "peak",
        "elevation": 2544,
        "sort_elevation": 2544,
        "website": "",
        "description": "",
        "osm_id": 6488102988
      },
      "geometry": {
        "type": "Point",
        "coordinates": [
          7.7194817,
          45.5590474
        ]
      }
    },
    {
      "type": "Feature",
      "properties": {
        "id": 6491195152,
        "name": "Monte Castello",
        "type": "peak",
        "elevation": 785,
        "sort_elevation": 785,
        "website": "",
        "description": "",
        "osm_id": 6491195152
      },
      "geometry": {
        "type": "Point",
        "coordinates": [
          8.4810708,
          45.966208
        ]
      }
    },
    {
      "type": "Feature",
      "properties": {
        "id": 6512633621,
        "name": "Monte della Guardia",
        "type": "peak",
        "elevation": "N/D",
        "sort_elevation": 0,
        "website": "",
        "description": "",
        "osm_id": 6512633621
      },
      "geometry": {
        "type": "Point",
        "coordinates": [
          8.2415158,
          45.5745065
        ]
      }
    },
    {
      "type": "Feature",
      "properties": {
        "id": 6512633622,
        "name": "Castel d'Inaro",
        "type": "peak",
        "elevation": "N/D",
        "sort_elevation": 0,
        "website": "",
        "description": "",
        "osm_id": 6512633622
      },
      "geometry": {
        "type": "Point",
        "coordinates": [
          8.2123982,
          45.6090861
        ]
      }
    },
    {
      "type": "Feature",
      "properties": {
        "id": 6549439227,
        "name": "Cima dell'Asnas",
        "type": "peak",
        "elevation": 2039,
        "sort_elevation": 2039,
        "website": "",
        "description": "",
        "osm_id": 6549439227
      },
      "geometry": {
        "type": "Point",
        "coordinates": [
          8.0454193,
          45.7041798
        ]
      }
    },
    {
      "type": "Feature",
      "properties": {
        "id": 6549439228,
        "name": "Poggio Bondo",
        "type": "peak",
        "elevation": "N/D",
        "sort_elevation": 0,
        "website": "",
        "description": "",
        "osm_id": 6549439228
      },
      "geometry": {
        "type": "Point",
        "coordinates": [
          8.0714637,
          45.7023723
        ]
      }
    },
    {
      "type": "Feature",
      "properties": {
        "id": 6587181118,
        "name": "La Pala",
        "type": "peak",
        "elevation": 2372,
        "sort_elevation": 2372,
        "website": "",
        "description": "",
        "osm_id": 6587181118
      },
      "geometry": {
        "type": "Point",
        "coordinates": [
          7.997508,
          45.8443197
        ]
      }
    },
    {
      "type": "Feature",
      "properties": {
        "id": 6591467192,
        "name": "Colmetto",
        "type": "peak",
        "elevation": "N/D",
        "sort_elevation": 0,
        "website": "",
        "description": "",
        "osm_id": 6591467192
      },
      "geometry": {
        "type": "Point",
        "coordinates": [
          8.1079349,
          45.6467888
        ]
      }
    },
    {
      "type": "Feature",
      "properties": {
        "id": 6601163459,
        "name": "Mottone",
        "type": "peak",
        "elevation": 1966,
        "sort_elevation": 1966,
        "website": "",
        "description": "",
        "osm_id": 6601163459
      },
      "geometry": {
        "type": "Point",
        "coordinates": [
          8.6595244,
          46.1257483
        ]
      }
    },
    {
      "type": "Feature",
      "properties": {
        "id": 6601163460,
        "name": "Pizzo Ometto",
        "type": "peak",
        "elevation": 1846,
        "sort_elevation": 1846,
        "website": "",
        "description": "",
        "osm_id": 6601163460
      },
      "geometry": {
        "type": "Point",
        "coordinates": [
          8.666248,
          46.1337687
        ]
      }
    },
    {
      "type": "Feature",
      "properties": {
        "id": 6601163461,
        "name": "Pizzo Fedora",
        "type": "peak",
        "elevation": 1907,
        "sort_elevation": 1907,
        "website": "",
        "description": "",
        "osm_id": 6601163461
      },
      "geometry": {
        "type": "Point",
        "coordinates": [
          8.6622063,
          46.1286197
        ]
      }
    },
    {
      "type": "Feature",
      "properties": {
        "id": 6609745539,
        "name": "Mont Touriasse",
        "type": "peak",
        "elevation": 1895,
        "sort_elevation": 1895,
        "website": "",
        "description": "",
        "osm_id": 6609745539
      },
      "geometry": {
        "type": "Point",
        "coordinates": [
          7.4888697,
          45.70159
        ]
      }
    },
    {
      "type": "Feature",
      "properties": {
        "id": 6609745540,
        "name": "San Giuliano",
        "type": "peak",
        "elevation": 1346,
        "sort_elevation": 1346,
        "website": "",
        "description": "",
        "osm_id": 6609745540
      },
      "geometry": {
        "type": "Point",
        "coordinates": [
          7.4958703,
          45.7212463
        ]
      }
    },
    {
      "type": "Feature",
      "properties": {
        "id": 6616993757,
        "name": "Cima di Campo",
        "type": "peak",
        "elevation": 2053,
        "sort_elevation": 2053,
        "website": "",
        "description": "",
        "osm_id": 6616993757
      },
      "geometry": {
        "type": "Point",
        "coordinates": [
          8.4585353,
          46.0439328
        ]
      }
    },
    {
      "type": "Feature",
      "properties": {
        "id": 6616993954,
        "name": "Cima di Binà",
        "type": "peak",
        "elevation": 2181,
        "sort_elevation": 2181,
        "website": "",
        "description": "",
        "osm_id": 6616993954
      },
      "geometry": {
        "type": "Point",
        "coordinates": [
          8.4643008,
          46.0544073
        ]
      }
    },
    {
      "type": "Feature",
      "properties": {
        "id": 6624507740,
        "name": "Cima Sciarina",
        "type": "peak",
        "elevation": 1978,
        "sort_elevation": 1978,
        "website": "",
        "description": "",
        "osm_id": 6624507740
      },
      "geometry": {
        "type": "Point",
        "coordinates": [
          8.3719221,
          46.0356175
        ]
      }
    },
    {
      "type": "Feature",
      "properties": {
        "id": 6624512729,
        "name": "Monte di Grassino",
        "type": "peak",
        "elevation": 1922,
        "sort_elevation": 1922,
        "website": "",
        "description": "",
        "osm_id": 6624512729
      },
      "geometry": {
        "type": "Point",
        "coordinates": [
          8.3744837,
          46.0408831
        ]
      }
    },
    {
      "type": "Feature",
      "properties": {
        "id": 6654670368,
        "name": "Testa di Misello",
        "type": "peak",
        "elevation": 1596,
        "sort_elevation": 1596,
        "website": "",
        "description": "",
        "osm_id": 6654670368
      },
      "geometry": {
        "type": "Point",
        "coordinates": [
          8.6104514,
          46.1307611
        ]
      }
    },
    {
      "type": "Feature",
      "properties": {
        "id": 6695789709,
        "name": "Corno di Scarpignano",
        "type": "peak",
        "elevation": 2267,
        "sort_elevation": 2267,
        "website": "",
        "description": "",
        "osm_id": 6695789709
      },
      "geometry": {
        "type": "Point",
        "coordinates": [
          8.1865788,
          45.9703921
        ]
      }
    },
    {
      "type": "Feature",
      "properties": {
        "id": 6715778006,
        "name": "Becca de Salé",
        "type": "peak",
        "elevation": 3107,
        "sort_elevation": 3107,
        "website": "",
        "description": "",
        "osm_id": 6715778006
      },
      "geometry": {
        "type": "Point",
        "coordinates": [
          7.5704559,
          45.8799747
        ]
      }
    },
    {
      "type": "Feature",
      "properties": {
        "id": 6715782437,
        "name": "Tëtes de Livourneyaz",
        "type": "peak",
        "elevation": 3037,
        "sort_elevation": 3037,
        "website": "",
        "description": "",
        "osm_id": 6715782437
      },
      "geometry": {
        "type": "Point",
        "coordinates": [
          7.518171,
          45.8759527
        ]
      }
    },
    {
      "type": "Feature",
      "properties": {
        "id": 6715871001,
        "name": "Punta del Merlo",
        "type": "peak",
        "elevation": 2959,
        "sort_elevation": 2959,
        "website": "",
        "description": "",
        "osm_id": 6715871001
      },
      "geometry": {
        "type": "Point",
        "coordinates": [
          7.4699369,
          45.8489039
        ]
      }
    },
    {
      "type": "Feature",
      "properties": {
        "id": 6715871003,
        "name": "Ermite de Cuney",
        "type": "peak",
        "elevation": 2949,
        "sort_elevation": 2949,
        "website": "",
        "description": "",
        "osm_id": 6715871003
      },
      "geometry": {
        "type": "Point",
        "coordinates": [
          7.4829249,
          45.8469023
        ]
      }
    },
    {
      "type": "Feature",
      "properties": {
        "id": 6715871007,
        "name": "Becca Bovard",
        "type": "peak",
        "elevation": 2983,
        "sort_elevation": 2983,
        "website": "",
        "description": "",
        "osm_id": 6715871007
      },
      "geometry": {
        "type": "Point",
        "coordinates": [
          7.4734008,
          45.8624732
        ]
      }
    },
    {
      "type": "Feature",
      "properties": {
        "id": 6715871008,
        "name": "Point de l'Artse",
        "type": "peak",
        "elevation": 2920,
        "sort_elevation": 2920,
        "website": "",
        "description": "",
        "osm_id": 6715871008
      },
      "geometry": {
        "type": "Point",
        "coordinates": [
          7.4709219,
          45.8639342
        ]
      }
    },
    {
      "type": "Feature",
      "properties": {
        "id": 6715871018,
        "name": "Gran Becca",
        "type": "peak",
        "elevation": 2538,
        "sort_elevation": 2538,
        "website": "",
        "description": "",
        "osm_id": 6715871018
      },
      "geometry": {
        "type": "Point",
        "coordinates": [
          7.4463716,
          45.8688736
        ]
      }
    },
    {
      "type": "Feature",
      "properties": {
        "id": 6715960468,
        "name": "Monte Gran Couta",
        "type": "peak",
        "elevation": 2862,
        "sort_elevation": 2862,
        "website": "",
        "description": "",
        "osm_id": 6715960468
      },
      "geometry": {
        "type": "Point",
        "coordinates": [
          7.4200748,
          45.8230417
        ]
      }
    },
    {
      "type": "Feature",
      "properties": {
        "id": 6715960469,
        "name": "Pointe de Vamea",
        "type": "peak",
        "elevation": 2691,
        "sort_elevation": 2691,
        "website": "",
        "description": "",
        "osm_id": 6715960469
      },
      "geometry": {
        "type": "Point",
        "coordinates": [
          7.4216943,
          45.8295887
        ]
      }
    },
    {
      "type": "Feature",
      "properties": {
        "id": 6788508767,
        "name": "Monte di Carcegna",
        "type": "peak",
        "elevation": 611,
        "sort_elevation": 611,
        "website": "",
        "description": "",
        "osm_id": 6788508767
      },
      "geometry": {
        "type": "Point",
        "coordinates": [
          8.4238498,
          45.8120717
        ]
      }
    },
    {
      "type": "Feature",
      "properties": {
        "id": 6788508774,
        "name": "Poggio Bazzona",
        "type": "peak",
        "elevation": 402,
        "sort_elevation": 402,
        "website": "",
        "description": "",
        "osm_id": 6788508774
      },
      "geometry": {
        "type": "Point",
        "coordinates": [
          8.5097719,
          45.7197588
        ]
      }
    },
    {
      "type": "Feature",
      "properties": {
        "id": 6795346770,
        "name": "Bric Montalto",
        "type": "peak",
        "elevation": "N/D",
        "sort_elevation": 0,
        "website": "",
        "description": "",
        "osm_id": 6795346770
      },
      "geometry": {
        "type": "Point",
        "coordinates": [
          8.1549788,
          45.6136268
        ]
      }
    },
    {
      "type": "Feature",
      "properties": {
        "id": 6795346775,
        "name": "Costa delle Sette Fontane",
        "type": "peak",
        "elevation": "N/D",
        "sort_elevation": 0,
        "website": "",
        "description": "",
        "osm_id": 6795346775
      },
      "geometry": {
        "type": "Point",
        "coordinates": [
          8.0375411,
          45.7191681
        ]
      }
    },
    {
      "type": "Feature",
      "properties": {
        "id": 6795346776,
        "name": "Monte Bo",
        "type": "peak",
        "elevation": 2556,
        "sort_elevation": 2556,
        "website": "",
        "description": "",
        "osm_id": 6795346776
      },
      "geometry": {
        "type": "Point",
        "coordinates": [
          7.9988135,
          45.7140758
        ]
      }
    },
    {
      "type": "Feature",
      "properties": {
        "id": 6802118497,
        "name": "Monte Rasca",
        "type": "peak",
        "elevation": 1882,
        "sort_elevation": 1882,
        "website": "",
        "description": "",
        "osm_id": 6802118497
      },
      "geometry": {
        "type": "Point",
        "coordinates": [
          7.8757703,
          45.5795465
        ]
      }
    },
    {
      "type": "Feature",
      "properties": {
        "id": 6804330649,
        "name": "Kamp Houre",
        "type": "peak",
        "elevation": 2409,
        "sort_elevation": 2409,
        "website": "",
        "description": "",
        "osm_id": 6804330649
      },
      "geometry": {
        "type": "Point",
        "coordinates": [
          7.9591402,
          45.8557696
        ]
      }
    },
    {
      "type": "Feature",
      "properties": {
        "id": 6808033183,
        "name": "Motto Sereia",
        "type": "peak",
        "elevation": 444,
        "sort_elevation": 444,
        "website": "",
        "description": "",
        "osm_id": 6808033183
      },
      "geometry": {
        "type": "Point",
        "coordinates": [
          8.4835462,
          45.7411345
        ]
      }
    },
    {
      "type": "Feature",
      "properties": {
        "id": 6808048585,
        "name": "Colle San Michele",
        "type": "peak",
        "elevation": 419,
        "sort_elevation": 419,
        "website": "",
        "description": "",
        "osm_id": 6808048585
      },
      "geometry": {
        "type": "Point",
        "coordinates": [
          8.4804944,
          45.7289841
        ]
      }
    },
    {
      "type": "Feature",
      "properties": {
        "id": 6808048586,
        "name": "Motto Lagone",
        "type": "peak",
        "elevation": 327,
        "sort_elevation": 327,
        "website": "",
        "description": "",
        "osm_id": 6808048586
      },
      "geometry": {
        "type": "Point",
        "coordinates": [
          8.5449937,
          45.7335277
        ]
      }
    },
    {
      "type": "Feature",
      "properties": {
        "id": 6808048587,
        "name": "Motto Caneva",
        "type": "peak",
        "elevation": 328,
        "sort_elevation": 328,
        "website": "",
        "description": "",
        "osm_id": 6808048587
      },
      "geometry": {
        "type": "Point",
        "coordinates": [
          8.5620809,
          45.7273107
        ]
      }
    },
    {
      "type": "Feature",
      "properties": {
        "id": 6808048588,
        "name": "Costa dal Pinin",
        "type": "peak",
        "elevation": 327,
        "sort_elevation": 327,
        "website": "",
        "description": "",
        "osm_id": 6808048588
      },
      "geometry": {
        "type": "Point",
        "coordinates": [
          8.5684393,
          45.7227088
        ]
      }
    },
    {
      "type": "Feature",
      "properties": {
        "id": 6814424295,
        "name": "Cima Viola",
        "type": "peak",
        "elevation": 1036,
        "sort_elevation": 1036,
        "website": "",
        "description": "",
        "osm_id": 6814424295
      },
      "geometry": {
        "type": "Point",
        "coordinates": [
          8.2421392,
          45.8034684
        ]
      }
    },
    {
      "type": "Feature",
      "properties": {
        "id": 6829206151,
        "name": "Cima del Vallè",
        "type": "peak",
        "elevation": 2110,
        "sort_elevation": 2110,
        "website": "",
        "description": "",
        "osm_id": 6829206151
      },
      "geometry": {
        "type": "Point",
        "coordinates": [
          8.0392201,
          45.8464489
        ]
      }
    },
    {
      "type": "Feature",
      "properties": {
        "id": 6829206152,
        "name": "La Munca",
        "type": "peak",
        "elevation": 1898,
        "sort_elevation": 1898,
        "website": "",
        "description": "",
        "osm_id": 6829206152
      },
      "geometry": {
        "type": "Point",
        "coordinates": [
          8.0421773,
          45.8525956
        ]
      }
    },
    {
      "type": "Feature",
      "properties": {
        "id": 6856748435,
        "name": "Cima dei Campelli",
        "type": "peak",
        "elevation": 2448,
        "sort_elevation": 2448,
        "website": "",
        "description": "",
        "osm_id": 6856748435
      },
      "geometry": {
        "type": "Point",
        "coordinates": [
          8.4174965,
          46.1860916
        ]
      }
    },
    {
      "type": "Feature",
      "properties": {
        "id": 6868375034,
        "name": "Mont Tsailleun",
        "type": "peak",
        "elevation": 677,
        "sort_elevation": 677,
        "website": "",
        "description": "",
        "osm_id": 6868375034
      },
      "geometry": {
        "type": "Point",
        "coordinates": [
          7.661346,
          45.7403861
        ]
      }
    },
    {
      "type": "Feature",
      "properties": {
        "id": 6895740585,
        "name": "Monte dei Corni",
        "type": "peak",
        "elevation": 2778,
        "sort_elevation": 2778,
        "website": "",
        "description": "",
        "osm_id": 6895740585
      },
      "geometry": {
        "type": "Point",
        "coordinates": [
          7.6361252,
          45.5701741
        ]
      }
    },
    {
      "type": "Feature",
      "properties": {
        "id": 6923948630,
        "name": "Monte Cristo",
        "type": "peak",
        "elevation": 385,
        "sort_elevation": 385,
        "website": "",
        "description": "",
        "osm_id": 6923948630
      },
      "geometry": {
        "type": "Point",
        "coordinates": [
          8.6227541,
          45.9218079
        ]
      }
    },
    {
      "type": "Feature",
      "properties": {
        "id": 6924005962,
        "name": "Cima Prel",
        "type": "peak",
        "elevation": 2609,
        "sort_elevation": 2609,
        "website": "",
        "description": "",
        "osm_id": 6924005962
      },
      "geometry": {
        "type": "Point",
        "coordinates": [
          7.6530862,
          45.5636041
        ]
      }
    },
    {
      "type": "Feature",
      "properties": {
        "id": 6926327090,
        "name": "Cima la Rubbia",
        "type": "peak",
        "elevation": 2426,
        "sort_elevation": 2426,
        "website": "",
        "description": "",
        "osm_id": 6926327090
      },
      "geometry": {
        "type": "Point",
        "coordinates": [
          7.6547908,
          45.5046915
        ]
      }
    },
    {
      "type": "Feature",
      "properties": {
        "id": 6943258928,
        "name": "Costa del Dosso",
        "type": "peak",
        "elevation": 2487,
        "sort_elevation": 2487,
        "website": "",
        "description": "",
        "osm_id": 6943258928
      },
      "geometry": {
        "type": "Point",
        "coordinates": [
          8.1818077,
          46.1726605
        ]
      }
    },
    {
      "type": "Feature",
      "properties": {
        "id": 6943258930,
        "name": "Pizzo di Mezzo",
        "type": "peak",
        "elevation": 2196,
        "sort_elevation": 2196,
        "website": "",
        "description": "",
        "osm_id": 6943258930
      },
      "geometry": {
        "type": "Point",
        "coordinates": [
          8.1706417,
          46.1814807
        ]
      }
    },
    {
      "type": "Feature",
      "properties": {
        "id": 6945473794,
        "name": "Croce del Mezzodì",
        "type": "peak",
        "elevation": 2230,
        "sort_elevation": 2230,
        "website": "",
        "description": "",
        "osm_id": 6945473794
      },
      "geometry": {
        "type": "Point",
        "coordinates": [
          8.2370317,
          46.1846217
        ]
      }
    },
    {
      "type": "Feature",
      "properties": {
        "id": 6952294782,
        "name": "Croce di sasso",
        "type": "peak",
        "elevation": 1657,
        "sort_elevation": 1657,
        "website": "",
        "description": "",
        "osm_id": 6952294782
      },
      "geometry": {
        "type": "Point",
        "coordinates": [
          8.3016133,
          46.1875707
        ]
      }
    },
    {
      "type": "Feature",
      "properties": {
        "id": 6964162485,
        "name": "Poggio Pietra Bianca",
        "type": "peak",
        "elevation": "N/D",
        "sort_elevation": 0,
        "website": "",
        "description": "",
        "osm_id": 6964162485
      },
      "geometry": {
        "type": "Point",
        "coordinates": [
          8.045529,
          45.6829281
        ]
      }
    },
    {
      "type": "Feature",
      "properties": {
        "id": 6964162486,
        "name": "Dosso dell'Asino",
        "type": "peak",
        "elevation": "N/D",
        "sort_elevation": 0,
        "website": "",
        "description": "",
        "osm_id": 6964162486
      },
      "geometry": {
        "type": "Point",
        "coordinates": [
          8.0722014,
          45.6882908
        ]
      }
    },
    {
      "type": "Feature",
      "properties": {
        "id": 6992724081,
        "name": "Colle Bruciato",
        "type": "peak",
        "elevation": "N/D",
        "sort_elevation": 0,
        "website": "",
        "description": "",
        "osm_id": 6992724081
      },
      "geometry": {
        "type": "Point",
        "coordinates": [
          8.1703476,
          45.5999011
        ]
      }
    },
    {
      "type": "Feature",
      "properties": {
        "id": 6992724082,
        "name": "Colle della Barba",
        "type": "peak",
        "elevation": "N/D",
        "sort_elevation": 0,
        "website": "",
        "description": "",
        "osm_id": 6992724082
      },
      "geometry": {
        "type": "Point",
        "coordinates": [
          8.1597908,
          45.5886344
        ]
      }
    },
    {
      "type": "Feature",
      "properties": {
        "id": 6993506738,
        "name": "Monte Stella",
        "type": "peak",
        "elevation": 1330,
        "sort_elevation": 1330,
        "website": "",
        "description": "",
        "osm_id": 6993506738
      },
      "geometry": {
        "type": "Point",
        "coordinates": [
          8.176691,
          45.8623197
        ]
      }
    },
    {
      "type": "Feature",
      "properties": {
        "id": 7013423652,
        "name": "Pizzo Lacina",
        "type": "peak",
        "elevation": 1930,
        "sort_elevation": 1930,
        "website": "",
        "description": "",
        "osm_id": 7013423652
      },
      "geometry": {
        "type": "Point",
        "coordinates": [
          8.3220706,
          46.0302524
        ]
      }
    },
    {
      "type": "Feature",
      "properties": {
        "id": 7038212586,
        "name": "Colle Rufino",
        "type": "peak",
        "elevation": "N/D",
        "sort_elevation": 0,
        "website": "",
        "description": "",
        "osm_id": 7038212586
      },
      "geometry": {
        "type": "Point",
        "coordinates": [
          8.1749245,
          45.6047797
        ]
      }
    },
    {
      "type": "Feature",
      "properties": {
        "id": 7038212587,
        "name": "Colle della Guardia",
        "type": "peak",
        "elevation": "N/D",
        "sort_elevation": 0,
        "website": "",
        "description": "",
        "osm_id": 7038212587
      },
      "geometry": {
        "type": "Point",
        "coordinates": [
          8.1763,
          45.607389
        ]
      }
    },
    {
      "type": "Feature",
      "properties": {
        "id": 7040537359,
        "name": "Mont Borrel",
        "type": "peak",
        "elevation": 2258,
        "sort_elevation": 2258,
        "website": "",
        "description": "",
        "osm_id": 7040537359
      },
      "geometry": {
        "type": "Point",
        "coordinates": [
          7.8966012,
          45.6116214
        ]
      }
    },
    {
      "type": "Feature",
      "properties": {
        "id": 7098789619,
        "name": "Cima Lunga",
        "type": "peak",
        "elevation": 1357,
        "sort_elevation": 1357,
        "website": "",
        "description": "",
        "osm_id": 7098789619
      },
      "geometry": {
        "type": "Point",
        "coordinates": [
          8.2208491,
          45.869371
        ]
      }
    },
    {
      "type": "Feature",
      "properties": {
        "id": 7098825212,
        "name": "Cima del Nico",
        "type": "peak",
        "elevation": 1316,
        "sort_elevation": 1316,
        "website": "",
        "description": "",
        "osm_id": 7098825212
      },
      "geometry": {
        "type": "Point",
        "coordinates": [
          8.2206639,
          45.8679841
        ]
      }
    },
    {
      "type": "Feature",
      "properties": {
        "id": 7130664849,
        "name": "Monte Canaussa",
        "type": "peak",
        "elevation": 2492,
        "sort_elevation": 2492,
        "website": "",
        "description": "",
        "osm_id": 7130664849
      },
      "geometry": {
        "type": "Point",
        "coordinates": [
          7.5953251,
          45.5022809
        ]
      }
    },
    {
      "type": "Feature",
      "properties": {
        "id": 7130686122,
        "name": "Punta della Scaletta",
        "type": "peak",
        "elevation": 3018,
        "sort_elevation": 3018,
        "website": "",
        "description": "",
        "osm_id": 7130686122
      },
      "geometry": {
        "type": "Point",
        "coordinates": [
          7.465042,
          45.5776484
        ]
      }
    },
    {
      "type": "Feature",
      "properties": {
        "id": 7132807320,
        "name": "Punta Nera",
        "type": "peak",
        "elevation": 3064,
        "sort_elevation": 3064,
        "website": "",
        "description": "",
        "osm_id": 7132807320
      },
      "geometry": {
        "type": "Point",
        "coordinates": [
          7.4634128,
          45.5806334
        ]
      }
    },
    {
      "type": "Feature",
      "properties": {
        "id": 7132817606,
        "name": "Testa dell'Arietta",
        "type": "peak",
        "elevation": 3001,
        "sort_elevation": 3001,
        "website": "",
        "description": "",
        "osm_id": 7132817606
      },
      "geometry": {
        "type": "Point",
        "coordinates": [
          7.4820908,
          45.5795005
        ]
      }
    },
    {
      "type": "Feature",
      "properties": {
        "id": 7132838800,
        "name": "Punta del Rancio",
        "type": "peak",
        "elevation": 2995,
        "sort_elevation": 2995,
        "website": "",
        "description": "",
        "osm_id": 7132838800
      },
      "geometry": {
        "type": "Point",
        "coordinates": [
          7.4618616,
          45.5719204
        ]
      }
    },
    {
      "type": "Feature",
      "properties": {
        "id": 7132850254,
        "name": "Punta Tressi",
        "type": "peak",
        "elevation": 2865,
        "sort_elevation": 2865,
        "website": "",
        "description": "",
        "osm_id": 7132850254
      },
      "geometry": {
        "type": "Point",
        "coordinates": [
          7.4944028,
          45.5420577
        ]
      }
    },
    {
      "type": "Feature",
      "properties": {
        "id": 7132855394,
        "name": "Cima del Cavallo",
        "type": "peak",
        "elevation": 2847,
        "sort_elevation": 2847,
        "website": "",
        "description": "",
        "osm_id": 7132855394
      },
      "geometry": {
        "type": "Point",
        "coordinates": [
          7.4818805,
          45.5485903
        ]
      }
    },
    {
      "type": "Feature",
      "properties": {
        "id": 7132887545,
        "name": "Punta di Forzo",
        "type": "peak",
        "elevation": 3296,
        "sort_elevation": 3296,
        "website": "",
        "description": "",
        "osm_id": 7132887545
      },
      "geometry": {
        "type": "Point",
        "coordinates": [
          7.4152721,
          45.5450439
        ]
      }
    },
    {
      "type": "Feature",
      "properties": {
        "id": 7132887726,
        "name": "Grande Arolla",
        "type": "peak",
        "elevation": 3246,
        "sort_elevation": 3246,
        "website": "",
        "description": "",
        "osm_id": 7132887726
      },
      "geometry": {
        "type": "Point",
        "coordinates": [
          7.4178734,
          45.5471651
        ]
      }
    },
    {
      "type": "Feature",
      "properties": {
        "id": 7132901350,
        "name": "Punta del Rossin",
        "type": "peak",
        "elevation": 2947,
        "sort_elevation": 2947,
        "website": "",
        "description": "",
        "osm_id": 7132901350
      },
      "geometry": {
        "type": "Point",
        "coordinates": [
          7.4087691,
          45.5726022
        ]
      }
    },
    {
      "type": "Feature",
      "properties": {
        "id": 7132903568,
        "name": "Piccola Arolla",
        "type": "peak",
        "elevation": 3232,
        "sort_elevation": 3232,
        "website": "",
        "description": "",
        "osm_id": 7132903568
      },
      "geometry": {
        "type": "Point",
        "coordinates": [
          7.4172124,
          45.5481349
        ]
      }
    },
    {
      "type": "Feature",
      "properties": {
        "id": 7132918297,
        "name": "Punta di Acque Rosse",
        "type": "peak",
        "elevation": 2952,
        "sort_elevation": 2952,
        "website": "",
        "description": "",
        "osm_id": 7132918297
      },
      "geometry": {
        "type": "Point",
        "coordinates": [
          7.4448698,
          45.5709319
        ]
      }
    },
    {
      "type": "Feature",
      "properties": {
        "id": 7133164284,
        "name": "Ribera du Cioc",
        "type": "peak",
        "elevation": "N/D",
        "sort_elevation": 0,
        "website": "",
        "description": "",
        "osm_id": 7133164284
      },
      "geometry": {
        "type": "Point",
        "coordinates": [
          8.2253302,
          45.5617554
        ]
      }
    },
    {
      "type": "Feature",
      "properties": {
        "id": 7133183091,
        "name": "Colle Fole",
        "type": "peak",
        "elevation": "N/D",
        "sort_elevation": 0,
        "website": "",
        "description": "",
        "osm_id": 7133183091
      },
      "geometry": {
        "type": "Point",
        "coordinates": [
          8.1942292,
          45.6034895
        ]
      }
    },
    {
      "type": "Feature",
      "properties": {
        "id": 7143396727,
        "name": "Punta Santanel",
        "type": "peak",
        "elevation": 2722,
        "sort_elevation": 2722,
        "website": "",
        "description": "",
        "osm_id": 7143396727
      },
      "geometry": {
        "type": "Point",
        "coordinates": [
          7.5879382,
          45.5825956
        ]
      }
    },
    {
      "type": "Feature",
      "properties": {
        "id": 7146865499,
        "name": "Torre Pontonnet",
        "type": "peak",
        "elevation": 3173,
        "sort_elevation": 3173,
        "website": "",
        "description": "",
        "osm_id": 7146865499
      },
      "geometry": {
        "type": "Point",
        "coordinates": [
          7.482517,
          45.6118906
        ]
      }
    },
    {
      "type": "Feature",
      "properties": {
        "id": 7147034579,
        "name": "La Teisa",
        "type": "peak",
        "elevation": 1688,
        "sort_elevation": 1688,
        "website": "",
        "description": "",
        "osm_id": 7147034579
      },
      "geometry": {
        "type": "Point",
        "coordinates": [
          8.4170723,
          46.0116315
        ]
      }
    },
    {
      "type": "Feature",
      "properties": {
        "id": 7147057696,
        "name": "Cima Loviga",
        "type": "peak",
        "elevation": 1305,
        "sort_elevation": 1305,
        "website": "",
        "description": "",
        "osm_id": 7147057696
      },
      "geometry": {
        "type": "Point",
        "coordinates": [
          8.4127164,
          46.041276
        ]
      }
    },
    {
      "type": "Feature",
      "properties": {
        "id": 7147313659,
        "name": "Sasso Miscioi",
        "type": "peak",
        "elevation": 1516,
        "sort_elevation": 1516,
        "website": "",
        "description": "",
        "osm_id": 7147313659
      },
      "geometry": {
        "type": "Point",
        "coordinates": [
          8.3410692,
          46.0812238
        ]
      }
    },
    {
      "type": "Feature",
      "properties": {
        "id": 7147313661,
        "name": "Pizzo Desen",
        "type": "peak",
        "elevation": 2071,
        "sort_elevation": 2071,
        "website": "",
        "description": "",
        "osm_id": 7147313661
      },
      "geometry": {
        "type": "Point",
        "coordinates": [
          8.3620816,
          46.0677151
        ]
      }
    },
    {
      "type": "Feature",
      "properties": {
        "id": 7147582570,
        "name": "La Tureggia di Cravagliana",
        "type": "peak",
        "elevation": 1005,
        "sort_elevation": 1005,
        "website": "",
        "description": "",
        "osm_id": 7147582570
      },
      "geometry": {
        "type": "Point",
        "coordinates": [
          8.1991239,
          45.853192
        ]
      }
    },
    {
      "type": "Feature",
      "properties": {
        "id": 7191729607,
        "name": "Cima Turletto",
        "type": "peak",
        "elevation": 630,
        "sort_elevation": 630,
        "website": "",
        "description": "",
        "osm_id": 7191729607
      },
      "geometry": {
        "type": "Point",
        "coordinates": [
          8.2190149,
          45.8242805
        ]
      }
    },
    {
      "type": "Feature",
      "properties": {
        "id": 7191922585,
        "name": "Croix de Sale",
        "type": "peak",
        "elevation": 2382,
        "sort_elevation": 2382,
        "website": "",
        "description": "",
        "osm_id": 7191922585
      },
      "geometry": {
        "type": "Point",
        "coordinates": [
          7.4349354,
          45.6990303
        ]
      }
    },
    {
      "type": "Feature",
      "properties": {
        "id": 7195966005,
        "name": "Crête Nord de Moming",
        "type": "peak",
        "elevation": 3862,
        "sort_elevation": 3862,
        "website": "",
        "description": "",
        "osm_id": 7195966005
      },
      "geometry": {
        "type": "Point",
        "coordinates": [
          7.6997414,
          46.0776281
        ]
      }
    },
    {
      "type": "Feature",
      "properties": {
        "id": 7197862076,
        "name": "Mont Vallonet",
        "type": "peak",
        "elevation": 3098,
        "sort_elevation": 3098,
        "website": "",
        "description": "",
        "osm_id": 7197862076
      },
      "geometry": {
        "type": "Point",
        "coordinates": [
          7.4214871,
          45.6566437
        ]
      }
    },
    {
      "type": "Feature",
      "properties": {
        "id": 7197927459,
        "name": "Tre Denti",
        "type": "peak",
        "elevation": 2617,
        "sort_elevation": 2617,
        "website": "",
        "description": "",
        "osm_id": 7197927459
      },
      "geometry": {
        "type": "Point",
        "coordinates": [
          7.6516428,
          45.5637116
        ]
      }
    },
    {
      "type": "Feature",
      "properties": {
        "id": 7197939979,
        "name": "Punta di Pasquere",
        "type": "peak",
        "elevation": 2463,
        "sort_elevation": 2463,
        "website": "",
        "description": "",
        "osm_id": 7197939979
      },
      "geometry": {
        "type": "Point",
        "coordinates": [
          7.6571066,
          45.5624631
        ]
      }
    },
    {
      "type": "Feature",
      "properties": {
        "id": 7197942317,
        "name": "Mont Facebelle",
        "type": "peak",
        "elevation": 2655,
        "sort_elevation": 2655,
        "website": "",
        "description": "",
        "osm_id": 7197942317
      },
      "geometry": {
        "type": "Point",
        "coordinates": [
          7.6057347,
          45.5736749
        ]
      }
    },
    {
      "type": "Feature",
      "properties": {
        "id": 7197952883,
        "name": "Mont Arbeuil",
        "type": "peak",
        "elevation": 2584,
        "sort_elevation": 2584,
        "website": "",
        "description": "",
        "osm_id": 7197952883
      },
      "geometry": {
        "type": "Point",
        "coordinates": [
          7.6483418,
          45.5675734
        ]
      }
    },
    {
      "type": "Feature",
      "properties": {
        "id": 7197990876,
        "name": "Punta Moriondo",
        "type": "peak",
        "elevation": 2442,
        "sort_elevation": 2442,
        "website": "",
        "description": "",
        "osm_id": 7197990876
      },
      "geometry": {
        "type": "Point",
        "coordinates": [
          7.708634,
          45.5558993
        ]
      }
    },
    {
      "type": "Feature",
      "properties": {
        "id": 7197991390,
        "name": "Cima Andelmel",
        "type": "peak",
        "elevation": 2578,
        "sort_elevation": 2578,
        "website": "",
        "description": "",
        "osm_id": 7197991390
      },
      "geometry": {
        "type": "Point",
        "coordinates": [
          7.6992713,
          45.5560868
        ]
      }
    },
    {
      "type": "Feature",
      "properties": {
        "id": 7197995622,
        "name": "Ponton del Camoscio",
        "type": "peak",
        "elevation": 2498,
        "sort_elevation": 2498,
        "website": "",
        "description": "",
        "osm_id": 7197995622
      },
      "geometry": {
        "type": "Point",
        "coordinates": [
          7.7160498,
          45.5594379
        ]
      }
    },
    {
      "type": "Feature",
      "properties": {
        "id": 7198098249,
        "name": "Bec Pragelas",
        "type": "peak",
        "elevation": 2909,
        "sort_elevation": 2909,
        "website": "",
        "description": "",
        "osm_id": 7198098249
      },
      "geometry": {
        "type": "Point",
        "coordinates": [
          7.5593159,
          45.5902709
        ]
      }
    },
    {
      "type": "Feature",
      "properties": {
        "id": 7198103631,
        "name": "La Torretta",
        "type": "peak",
        "elevation": 2920,
        "sort_elevation": 2920,
        "website": "",
        "description": "",
        "osm_id": 7198103631
      },
      "geometry": {
        "type": "Point",
        "coordinates": [
          7.4330972,
          45.5496304
        ]
      }
    },
    {
      "type": "Feature",
      "properties": {
        "id": 7198107923,
        "name": "Mont de la Fricolla",
        "type": "peak",
        "elevation": 2675,
        "sort_elevation": 2675,
        "website": "",
        "description": "",
        "osm_id": 7198107923
      },
      "geometry": {
        "type": "Point",
        "coordinates": [
          7.6325028,
          45.5752139
        ]
      }
    },
    {
      "type": "Feature",
      "properties": {
        "id": 7198112495,
        "name": "Cime Beccher",
        "type": "peak",
        "elevation": 2940,
        "sort_elevation": 2940,
        "website": "",
        "description": "",
        "osm_id": 7198112495
      },
      "geometry": {
        "type": "Point",
        "coordinates": [
          7.5466469,
          45.5869492
        ]
      }
    },
    {
      "type": "Feature",
      "properties": {
        "id": 7198126012,
        "name": "Pointe Vorea",
        "type": "peak",
        "elevation": 2542,
        "sort_elevation": 2542,
        "website": "",
        "description": "",
        "osm_id": 7198126012
      },
      "geometry": {
        "type": "Point",
        "coordinates": [
          7.6016263,
          45.5924796
        ]
      }
    },
    {
      "type": "Feature",
      "properties": {
        "id": 7198130816,
        "name": "Mont Noir",
        "type": "peak",
        "elevation": 2736,
        "sort_elevation": 2736,
        "website": "",
        "description": "",
        "osm_id": 7198130816
      },
      "geometry": {
        "type": "Point",
        "coordinates": [
          7.5819151,
          45.5817861
        ]
      }
    },
    {
      "type": "Feature",
      "properties": {
        "id": 7198134018,
        "name": "Bec de Pendente",
        "type": "peak",
        "elevation": 2825,
        "sort_elevation": 2825,
        "website": "",
        "description": "",
        "osm_id": 7198134018
      },
      "geometry": {
        "type": "Point",
        "coordinates": [
          7.5622454,
          45.5939022
        ]
      }
    },
    {
      "type": "Feature",
      "properties": {
        "id": 7198157419,
        "name": "Punta Lavinetta",
        "type": "peak",
        "elevation": 3018,
        "sort_elevation": 3018,
        "website": "",
        "description": "",
        "osm_id": 7198157419
      },
      "geometry": {
        "type": "Point",
        "coordinates": [
          7.4363337,
          45.5509288
        ]
      }
    },
    {
      "type": "Feature",
      "properties": {
        "id": 7198178808,
        "name": "Grande Crête",
        "type": "peak",
        "elevation": 2904,
        "sort_elevation": 2904,
        "website": "",
        "description": "",
        "osm_id": 7198178808
      },
      "geometry": {
        "type": "Point",
        "coordinates": [
          7.4718134,
          45.6609701
        ]
      }
    },
    {
      "type": "Feature",
      "properties": {
        "id": 7198188691,
        "name": "Petite Roise",
        "type": "peak",
        "elevation": 3273,
        "sort_elevation": 3273,
        "website": "",
        "description": "",
        "osm_id": 7198188691
      },
      "geometry": {
        "type": "Point",
        "coordinates": [
          7.4238815,
          45.6814849
        ]
      }
    },
    {
      "type": "Feature",
      "properties": {
        "id": 7198193599,
        "name": "Grand Roise",
        "type": "peak",
        "elevation": 3356,
        "sort_elevation": 3356,
        "website": "",
        "description": "",
        "osm_id": 7198193599
      },
      "geometry": {
        "type": "Point",
        "coordinates": [
          7.4228704,
          45.6751601
        ]
      }
    },
    {
      "type": "Feature",
      "properties": {
        "id": 7198199387,
        "name": "Cime Perche",
        "type": "peak",
        "elevation": 2380,
        "sort_elevation": 2380,
        "website": "",
        "description": "",
        "osm_id": 7198199387
      },
      "geometry": {
        "type": "Point",
        "coordinates": [
          7.6138109,
          45.6399082
        ]
      }
    },
    {
      "type": "Feature",
      "properties": {
        "id": 7201244092,
        "name": "Monte Mazzucco",
        "type": "peak",
        "elevation": 1217,
        "sort_elevation": 1217,
        "website": "",
        "description": "",
        "osm_id": 7201244092
      },
      "geometry": {
        "type": "Point",
        "coordinates": [
          8.1725621,
          45.8494738
        ]
      }
    },
    {
      "type": "Feature",
      "properties": {
        "id": 7221938118,
        "name": "Monte San Martino",
        "type": "peak",
        "elevation": 1087,
        "sort_elevation": 1087,
        "website": "",
        "description": "",
        "osm_id": 7221938118
      },
      "geometry": {
        "type": "Point",
        "coordinates": [
          8.7450701,
          45.9268262
        ]
      }
    },
    {
      "type": "Feature",
      "properties": {
        "id": 7226692751,
        "name": "Monte la Crocetta",
        "type": "peak",
        "elevation": 1117,
        "sort_elevation": 1117,
        "website": "",
        "description": "",
        "osm_id": 7226692751
      },
      "geometry": {
        "type": "Point",
        "coordinates": [
          8.6740491,
          45.9221286
        ]
      }
    },
    {
      "type": "Feature",
      "properties": {
        "id": 7232225155,
        "name": "Punta Coupée",
        "type": "peak",
        "elevation": 3214,
        "sort_elevation": 3214,
        "website": "",
        "description": "",
        "osm_id": 7232225155
      },
      "geometry": {
        "type": "Point",
        "coordinates": [
          7.4145873,
          45.6170982
        ]
      }
    },
    {
      "type": "Feature",
      "properties": {
        "id": 7232236870,
        "name": "Testa di Money",
        "type": "peak",
        "elevation": 3130,
        "sort_elevation": 3130,
        "website": "",
        "description": "",
        "osm_id": 7232236870
      },
      "geometry": {
        "type": "Point",
        "coordinates": [
          7.4087812,
          45.6180751
        ]
      }
    },
    {
      "type": "Feature",
      "properties": {
        "id": 7232245738,
        "name": "Penne Blanche",
        "type": "peak",
        "elevation": 3248,
        "sort_elevation": 3248,
        "website": "",
        "description": "",
        "osm_id": 7232245738
      },
      "geometry": {
        "type": "Point",
        "coordinates": [
          7.4269626,
          45.618738
        ]
      }
    },
    {
      "type": "Feature",
      "properties": {
        "id": 7232246236,
        "name": "Testa di Vallonet",
        "type": "peak",
        "elevation": 3135,
        "sort_elevation": 3135,
        "website": "",
        "description": "",
        "osm_id": 7232246236
      },
      "geometry": {
        "type": "Point",
        "coordinates": [
          7.4315834,
          45.6159629
        ]
      }
    },
    {
      "type": "Feature",
      "properties": {
        "id": 7236750721,
        "name": "Monte Rosso",
        "type": "peak",
        "elevation": 2187,
        "sort_elevation": 2187,
        "website": "",
        "description": "",
        "osm_id": 7236750721
      },
      "geometry": {
        "type": "Point",
        "coordinates": [
          7.6438422,
          45.5387397
        ]
      }
    },
    {
      "type": "Feature",
      "properties": {
        "id": 7236788628,
        "name": "Punta di Leitusa",
        "type": "peak",
        "elevation": 2236,
        "sort_elevation": 2236,
        "website": "",
        "description": "",
        "osm_id": 7236788628
      },
      "geometry": {
        "type": "Point",
        "coordinates": [
          7.6388326,
          45.5360991
        ]
      }
    },
    {
      "type": "Feature",
      "properties": {
        "id": 7236813229,
        "name": "Cima d'Arlens",
        "type": "peak",
        "elevation": 2575,
        "sort_elevation": 2575,
        "website": "",
        "description": "",
        "osm_id": 7236813229
      },
      "geometry": {
        "type": "Point",
        "coordinates": [
          7.6153194,
          45.5340447
        ]
      }
    },
    {
      "type": "Feature",
      "properties": {
        "id": 7236817619,
        "name": "Punta Giassetto",
        "type": "peak",
        "elevation": 2546,
        "sort_elevation": 2546,
        "website": "",
        "description": "",
        "osm_id": 7236817619
      },
      "geometry": {
        "type": "Point",
        "coordinates": [
          7.6052727,
          45.5514417
        ]
      }
    },
    {
      "type": "Feature",
      "properties": {
        "id": 7236822541,
        "name": "Cima di Candelle",
        "type": "peak",
        "elevation": 2555,
        "sort_elevation": 2555,
        "website": "",
        "description": "",
        "osm_id": 7236822541
      },
      "geometry": {
        "type": "Point",
        "coordinates": [
          7.6142046,
          45.5417003
        ]
      }
    },
    {
      "type": "Feature",
      "properties": {
        "id": 7236866666,
        "name": "Punta della Stamberna",
        "type": "peak",
        "elevation": 2455,
        "sort_elevation": 2455,
        "website": "",
        "description": "",
        "osm_id": 7236866666
      },
      "geometry": {
        "type": "Point",
        "coordinates": [
          7.6125072,
          45.5517585
        ]
      }
    },
    {
      "type": "Feature",
      "properties": {
        "id": 7237591164,
        "name": "Torre di Forzo",
        "type": "peak",
        "elevation": 3250,
        "sort_elevation": 3250,
        "website": "",
        "description": "",
        "osm_id": 7237591164
      },
      "geometry": {
        "type": "Point",
        "coordinates": [
          7.4162017,
          45.541173
        ]
      }
    },
    {
      "type": "Feature",
      "properties": {
        "id": 7237650820,
        "name": "Roccia Azzurra",
        "type": "peak",
        "elevation": 3304,
        "sort_elevation": 3304,
        "website": "",
        "description": "",
        "osm_id": 7237650820
      },
      "geometry": {
        "type": "Point",
        "coordinates": [
          7.411937,
          45.5352626
        ]
      }
    },
    {
      "type": "Feature",
      "properties": {
        "id": 7238176708,
        "name": "Testa del Cremisello",
        "type": "peak",
        "elevation": 1276,
        "sort_elevation": 1276,
        "website": "",
        "description": "",
        "osm_id": 7238176708
      },
      "geometry": {
        "type": "Point",
        "coordinates": [
          8.5180159,
          45.9896187
        ]
      }
    },
    {
      "type": "Feature",
      "properties": {
        "id": 7275288175,
        "name": "Becca des Pecons",
        "type": "peak",
        "elevation": 3389,
        "sort_elevation": 3389,
        "website": "",
        "description": "",
        "osm_id": 7275288175
      },
      "geometry": {
        "type": "Point",
        "coordinates": [
          7.4271253,
          45.9154391
        ]
      }
    },
    {
      "type": "Feature",
      "properties": {
        "id": 7276399384,
        "name": "Dents des Pecons",
        "type": "peak",
        "elevation": 3285,
        "sort_elevation": 3285,
        "website": "",
        "description": "",
        "osm_id": 7276399384
      },
      "geometry": {
        "type": "Point",
        "coordinates": [
          7.4320082,
          45.9184975
        ]
      }
    },
    {
      "type": "Feature",
      "properties": {
        "id": 7276411384,
        "name": "Grand Epicoune",
        "type": "peak",
        "elevation": 3342,
        "sort_elevation": 3342,
        "website": "",
        "description": "",
        "osm_id": 7276411384
      },
      "geometry": {
        "type": "Point",
        "coordinates": [
          7.4343002,
          45.920856
        ]
      }
    },
    {
      "type": "Feature",
      "properties": {
        "id": 7276427285,
        "name": "Petit Pecon",
        "type": "peak",
        "elevation": 3314,
        "sort_elevation": 3314,
        "website": "",
        "description": "",
        "osm_id": 7276427285
      },
      "geometry": {
        "type": "Point",
        "coordinates": [
          7.4327713,
          45.9193148
        ]
      }
    },
    {
      "type": "Feature",
      "properties": {
        "id": 7276429908,
        "name": "Punta della Bouetta",
        "type": "peak",
        "elevation": 3540,
        "sort_elevation": 3540,
        "website": "",
        "description": "",
        "osm_id": 7276429908
      },
      "geometry": {
        "type": "Point",
        "coordinates": [
          7.4643074,
          45.9353632
        ]
      }
    },
    {
      "type": "Feature",
      "properties": {
        "id": 7276431719,
        "name": "Becca Làbie",
        "type": "peak",
        "elevation": 3465,
        "sort_elevation": 3465,
        "website": "",
        "description": "",
        "osm_id": 7276431719
      },
      "geometry": {
        "type": "Point",
        "coordinates": [
          7.456361,
          45.9324547
        ]
      }
    },
    {
      "type": "Feature",
      "properties": {
        "id": 7276432446,
        "name": "Piccola Becca Blanchen",
        "type": "peak",
        "elevation": 3591,
        "sort_elevation": 3591,
        "website": "",
        "description": "",
        "osm_id": 7276432446
      },
      "geometry": {
        "type": "Point",
        "coordinates": [
          7.4713388,
          45.9339679
        ]
      }
    },
    {
      "type": "Feature",
      "properties": {
        "id": 7276436993,
        "name": "Becca d'Oren Centrale",
        "type": "peak",
        "elevation": 3490,
        "sort_elevation": 3490,
        "website": "",
        "description": "",
        "osm_id": 7276436993
      },
      "geometry": {
        "type": "Point",
        "coordinates": [
          7.4871638,
          45.9557669
        ]
      }
    },
    {
      "type": "Feature",
      "properties": {
        "id": 7276444702,
        "name": "La Sengla Sud",
        "type": "peak",
        "elevation": 3714,
        "sort_elevation": 3714,
        "website": "",
        "description": "",
        "osm_id": 7276444702
      },
      "geometry": {
        "type": "Point",
        "coordinates": [
          7.4738949,
          45.9409964
        ]
      }
    },
    {
      "type": "Feature",
      "properties": {
        "id": 7276444703,
        "name": "La Sengla Centrale",
        "type": "peak",
        "elevation": 3714,
        "sort_elevation": 3714,
        "website": "",
        "description": "",
        "osm_id": 7276444703
      },
      "geometry": {
        "type": "Point",
        "coordinates": [
          7.472645,
          45.9430407
        ]
      }
    },
    {
      "type": "Feature",
      "properties": {
        "id": 7276449914,
        "name": "Punta di Tsa de Tsan",
        "type": "peak",
        "elevation": 3292,
        "sort_elevation": 3292,
        "website": "",
        "description": "",
        "osm_id": 7276449914
      },
      "geometry": {
        "type": "Point",
        "coordinates": [
          7.5451857,
          45.9596957
        ]
      }
    },
    {
      "type": "Feature",
      "properties": {
        "id": 7276463737,
        "name": "Furgghorn",
        "type": "peak",
        "elevation": 3451,
        "sort_elevation": 3451,
        "website": "",
        "description": "",
        "osm_id": 7276463737
      },
      "geometry": {
        "type": "Point",
        "coordinates": [
          7.6995036,
          45.954152
        ]
      }
    },
    {
      "type": "Feature",
      "properties": {
        "id": 7276498082,
        "name": "Punta Bianca",
        "type": "peak",
        "elevation": 3918,
        "sort_elevation": 3918,
        "website": "",
        "description": "",
        "osm_id": 7276498082
      },
      "geometry": {
        "type": "Point",
        "coordinates": [
          7.6132196,
          45.9705782
        ]
      }
    },
    {
      "type": "Feature",
      "properties": {
        "id": 7276498083,
        "name": "Punta Carrel",
        "type": "peak",
        "elevation": 3841,
        "sort_elevation": 3841,
        "website": "",
        "description": "",
        "osm_id": 7276498083
      },
      "geometry": {
        "type": "Point",
        "coordinates": [
          7.6159716,
          45.9713388
        ]
      }
    },
    {
      "type": "Feature",
      "properties": {
        "id": 7276498084,
        "name": "Punta Maria Cristina",
        "type": "peak",
        "elevation": 3704,
        "sort_elevation": 3704,
        "website": "",
        "description": "",
        "osm_id": 7276498084
      },
      "geometry": {
        "type": "Point",
        "coordinates": [
          7.620369,
          45.9722224
        ]
      }
    },
    {
      "type": "Feature",
      "properties": {
        "id": 7276514779,
        "name": "Testa del Leone",
        "type": "peak",
        "elevation": 3715,
        "sort_elevation": 3715,
        "website": "",
        "description": "",
        "osm_id": 7276514779
      },
      "geometry": {
        "type": "Point",
        "coordinates": [
          7.6436597,
          45.9713082
        ]
      }
    },
    {
      "type": "Feature",
      "properties": {
        "id": 7276519585,
        "name": "Punta Maquignaz",
        "type": "peak",
        "elevation": 3801,
        "sort_elevation": 3801,
        "website": "",
        "description": "",
        "osm_id": 7276519585
      },
      "geometry": {
        "type": "Point",
        "coordinates": [
          7.6170015,
          45.9713005
        ]
      }
    },
    {
      "type": "Feature",
      "properties": {
        "id": 7277476980,
        "name": "Monte Perassone",
        "type": "peak",
        "elevation": 1799,
        "sort_elevation": 1799,
        "website": "",
        "description": "",
        "osm_id": 7277476980
      },
      "geometry": {
        "type": "Point",
        "coordinates": [
          7.8329529,
          45.5976992
        ]
      }
    },
    {
      "type": "Feature",
      "properties": {
        "id": 7277524180,
        "name": "Punta Lej Long",
        "type": "peak",
        "elevation": 2386,
        "sort_elevation": 2386,
        "website": "",
        "description": "",
        "osm_id": 7277524180
      },
      "geometry": {
        "type": "Point",
        "coordinates": [
          7.9314771,
          45.6489131
        ]
      }
    },
    {
      "type": "Feature",
      "properties": {
        "id": 7281094893,
        "name": "Mont Roux",
        "type": "peak",
        "elevation": 2277,
        "sort_elevation": 2277,
        "website": "",
        "description": "",
        "osm_id": 7281094893
      },
      "geometry": {
        "type": "Point",
        "coordinates": [
          7.467514,
          45.6931785
        ]
      }
    },
    {
      "type": "Feature",
      "properties": {
        "id": 7295028712,
        "name": "Bec de Viot",
        "type": "peak",
        "elevation": 3051,
        "sort_elevation": 3051,
        "website": "",
        "description": "",
        "osm_id": 7295028712
      },
      "geometry": {
        "type": "Point",
        "coordinates": [
          7.5091789,
          45.6509218
        ]
      }
    },
    {
      "type": "Feature",
      "properties": {
        "id": 7295055103,
        "name": "Bec d'Ause",
        "type": "peak",
        "elevation": 2325,
        "sort_elevation": 2325,
        "website": "",
        "description": "",
        "osm_id": 7295055103
      },
      "geometry": {
        "type": "Point",
        "coordinates": [
          7.4999708,
          45.6634695
        ]
      }
    },
    {
      "type": "Feature",
      "properties": {
        "id": 7295143998,
        "name": "Mont Auder",
        "type": "peak",
        "elevation": 1933,
        "sort_elevation": 1933,
        "website": "",
        "description": "",
        "osm_id": 7295143998
      },
      "geometry": {
        "type": "Point",
        "coordinates": [
          7.5011677,
          45.7805008
        ]
      }
    },
    {
      "type": "Feature",
      "properties": {
        "id": 7295144000,
        "name": "Mont de Pesse",
        "type": "peak",
        "elevation": 1707,
        "sort_elevation": 1707,
        "website": "",
        "description": "",
        "osm_id": 7295144000
      },
      "geometry": {
        "type": "Point",
        "coordinates": [
          7.4878317,
          45.7705156
        ]
      }
    },
    {
      "type": "Feature",
      "properties": {
        "id": 7295165174,
        "name": "Mont de la Fenêtre",
        "type": "peak",
        "elevation": 2304,
        "sort_elevation": 2304,
        "website": "",
        "description": "",
        "osm_id": 7295165174
      },
      "geometry": {
        "type": "Point",
        "coordinates": [
          7.5350815,
          45.8089397
        ]
      }
    },
    {
      "type": "Feature",
      "properties": {
        "id": 7295340346,
        "name": "Monte Charvin",
        "type": "peak",
        "elevation": 2888,
        "sort_elevation": 2888,
        "website": "",
        "description": "",
        "osm_id": 7295340346
      },
      "geometry": {
        "type": "Point",
        "coordinates": [
          7.5313961,
          45.9029444
        ]
      }
    },
    {
      "type": "Feature",
      "properties": {
        "id": 7295357318,
        "name": "Mont Arpettaz",
        "type": "peak",
        "elevation": 3235,
        "sort_elevation": 3235,
        "website": "",
        "description": "",
        "osm_id": 7295357318
      },
      "geometry": {
        "type": "Point",
        "coordinates": [
          7.5266755,
          45.8869407
        ]
      }
    },
    {
      "type": "Feature",
      "properties": {
        "id": 7295365976,
        "name": "Punta Chanoux",
        "type": "peak",
        "elevation": 3250,
        "sort_elevation": 3250,
        "website": "",
        "description": "",
        "osm_id": 7295365976
      },
      "geometry": {
        "type": "Point",
        "coordinates": [
          7.5240254,
          45.8821535
        ]
      }
    },
    {
      "type": "Feature",
      "properties": {
        "id": 7295389519,
        "name": "Monte d'Ersaz",
        "type": "peak",
        "elevation": 2787,
        "sort_elevation": 2787,
        "website": "",
        "description": "",
        "osm_id": 7295389519
      },
      "geometry": {
        "type": "Point",
        "coordinates": [
          7.5766075,
          45.867044
        ]
      }
    },
    {
      "type": "Feature",
      "properties": {
        "id": 7295389941,
        "name": "Bloabhóre",
        "type": "peak",
        "elevation": 2912,
        "sort_elevation": 2912,
        "website": "",
        "description": "",
        "osm_id": 7295389941
      },
      "geometry": {
        "type": "Point",
        "coordinates": [
          7.7802274,
          45.8469553
        ]
      }
    },
    {
      "type": "Feature",
      "properties": {
        "id": 7295398672,
        "name": "Monte Saleron",
        "type": "peak",
        "elevation": 2823,
        "sort_elevation": 2823,
        "website": "",
        "description": "",
        "osm_id": 7295398672
      },
      "geometry": {
        "type": "Point",
        "coordinates": [
          7.5795954,
          45.8727477
        ]
      }
    },
    {
      "type": "Feature",
      "properties": {
        "id": 7295434125,
        "name": "Punta Bettolina",
        "type": "peak",
        "elevation": 2996,
        "sort_elevation": 2996,
        "website": "",
        "description": "",
        "osm_id": 7295434125
      },
      "geometry": {
        "type": "Point",
        "coordinates": [
          7.7810879,
          45.8761665
        ]
      }
    },
    {
      "type": "Feature",
      "properties": {
        "id": 7295516731,
        "name": "Dôme de Praz de Dieu",
        "type": "peak",
        "elevation": 3240,
        "sort_elevation": 3240,
        "website": "",
        "description": "",
        "osm_id": 7295516731
      },
      "geometry": {
        "type": "Point",
        "coordinates": [
          7.4953124,
          45.8796028
        ]
      }
    },
    {
      "type": "Feature",
      "properties": {
        "id": 7295538230,
        "name": "Palon di Résy",
        "type": "peak",
        "elevation": 2673,
        "sort_elevation": 2673,
        "website": "",
        "description": "",
        "osm_id": 7295538230
      },
      "geometry": {
        "type": "Point",
        "coordinates": [
          7.7521071,
          45.8756235
        ]
      }
    },
    {
      "type": "Feature",
      "properties": {
        "id": 7295543589,
        "name": "Cima di Livourneyaz",
        "type": "peak",
        "elevation": 3286,
        "sort_elevation": 3286,
        "website": "",
        "description": "",
        "osm_id": 7295543589
      },
      "geometry": {
        "type": "Point",
        "coordinates": [
          7.4987295,
          45.8744667
        ]
      }
    },
    {
      "type": "Feature",
      "properties": {
        "id": 7297072136,
        "name": "Bec de Monpey",
        "type": "peak",
        "elevation": 1985,
        "sort_elevation": 1985,
        "website": "",
        "description": "",
        "osm_id": 7297072136
      },
      "geometry": {
        "type": "Point",
        "coordinates": [
          7.6210609,
          45.6141719
        ]
      }
    },
    {
      "type": "Feature",
      "properties": {
        "id": 7297078989,
        "name": "Bec Colinas",
        "type": "peak",
        "elevation": 1751,
        "sort_elevation": 1751,
        "website": "",
        "description": "",
        "osm_id": 7297078989
      },
      "geometry": {
        "type": "Point",
        "coordinates": [
          7.6285037,
          45.6144491
        ]
      }
    },
    {
      "type": "Feature",
      "properties": {
        "id": 7297101923,
        "name": "Pointe Champchévry",
        "type": "peak",
        "elevation": 2213,
        "sort_elevation": 2213,
        "website": "",
        "description": "",
        "osm_id": 7297101923
      },
      "geometry": {
        "type": "Point",
        "coordinates": [
          7.6000952,
          45.608986
        ]
      }
    },
    {
      "type": "Feature",
      "properties": {
        "id": 7297639861,
        "name": "Petite Becca di Nona",
        "type": "peak",
        "elevation": 2849,
        "sort_elevation": 2849,
        "website": "",
        "description": "",
        "osm_id": 7297639861
      },
      "geometry": {
        "type": "Point",
        "coordinates": [
          7.4165279,
          45.8385563
        ]
      }
    },
    {
      "type": "Feature",
      "properties": {
        "id": 7297642992,
        "name": "Punta Henry",
        "type": "peak",
        "elevation": 2920,
        "sort_elevation": 2920,
        "website": "",
        "description": "",
        "osm_id": 7297642992
      },
      "geometry": {
        "type": "Point",
        "coordinates": [
          7.4009643,
          45.8040308
        ]
      }
    },
    {
      "type": "Feature",
      "properties": {
        "id": 7297656336,
        "name": "Becca Conge",
        "type": "peak",
        "elevation": 2957,
        "sort_elevation": 2957,
        "website": "",
        "description": "",
        "osm_id": 7297656336
      },
      "geometry": {
        "type": "Point",
        "coordinates": [
          7.4041589,
          45.8063843
        ]
      }
    },
    {
      "type": "Feature",
      "properties": {
        "id": 7297664349,
        "name": "Becca di Fana",
        "type": "peak",
        "elevation": 2951,
        "sort_elevation": 2951,
        "website": "",
        "description": "",
        "osm_id": 7297664349
      },
      "geometry": {
        "type": "Point",
        "coordinates": [
          7.4036747,
          45.80032
        ]
      }
    },
    {
      "type": "Feature",
      "properties": {
        "id": 7313634673,
        "name": "Garibaldi",
        "type": "peak",
        "elevation": 1855,
        "sort_elevation": 1855,
        "website": "",
        "description": "",
        "osm_id": 7313634673
      },
      "geometry": {
        "type": "Point",
        "coordinates": [
          8.2043841,
          45.8949865
        ]
      }
    },
    {
      "type": "Feature",
      "properties": {
        "id": 7313996330,
        "name": "Cit Pontalonet",
        "type": "peak",
        "elevation": 2616,
        "sort_elevation": 2616,
        "website": "",
        "description": "",
        "osm_id": 7313996330
      },
      "geometry": {
        "type": "Point",
        "coordinates": [
          7.6134945,
          45.5637694
        ]
      }
    },
    {
      "type": "Feature",
      "properties": {
        "id": 7314023600,
        "name": "Punta Grand",
        "type": "peak",
        "elevation": 2626,
        "sort_elevation": 2626,
        "website": "",
        "description": "",
        "osm_id": 7314023600
      },
      "geometry": {
        "type": "Point",
        "coordinates": [
          7.6187221,
          45.565149
        ]
      }
    },
    {
      "type": "Feature",
      "properties": {
        "id": 7316396143,
        "name": "Pointe de Bechet",
        "type": "peak",
        "elevation": 1917,
        "sort_elevation": 1917,
        "website": "",
        "description": "",
        "osm_id": 7316396143
      },
      "geometry": {
        "type": "Point",
        "coordinates": [
          7.6760973,
          45.6278509
        ]
      }
    },
    {
      "type": "Feature",
      "properties": {
        "id": 7316396144,
        "name": "Mont Dandace",
        "type": "peak",
        "elevation": 1869,
        "sort_elevation": 1869,
        "website": "",
        "description": "",
        "osm_id": 7316396144
      },
      "geometry": {
        "type": "Point",
        "coordinates": [
          7.6470423,
          45.6346453
        ]
      }
    },
    {
      "type": "Feature",
      "properties": {
        "id": 7316396145,
        "name": "Petit Aver",
        "type": "peak",
        "elevation": 2945,
        "sort_elevation": 2945,
        "website": "",
        "description": "",
        "osm_id": 7316396145
      },
      "geometry": {
        "type": "Point",
        "coordinates": [
          7.4652368,
          45.6440632
        ]
      }
    },
    {
      "type": "Feature",
      "properties": {
        "id": 7316396146,
        "name": "Punta di Leppe",
        "type": "peak",
        "elevation": 3305,
        "sort_elevation": 3305,
        "website": "",
        "description": "",
        "osm_id": 7316396146
      },
      "geometry": {
        "type": "Point",
        "coordinates": [
          7.4160048,
          45.6622456
        ]
      }
    },
    {
      "type": "Feature",
      "properties": {
        "id": 7316404271,
        "name": "Punta Cavalcurt",
        "type": "peak",
        "elevation": 2352,
        "sort_elevation": 2352,
        "website": "",
        "description": "",
        "osm_id": 7316404271
      },
      "geometry": {
        "type": "Point",
        "coordinates": [
          7.7323031,
          45.543051
        ]
      }
    },
    {
      "type": "Feature",
      "properties": {
        "id": 7316505772,
        "name": "Becca du Mélèze",
        "type": "peak",
        "elevation": "N/D",
        "sort_elevation": 0,
        "website": "",
        "description": "",
        "osm_id": 7316505772
      },
      "geometry": {
        "type": "Point",
        "coordinates": [
          7.4451846,
          45.8547196
        ]
      }
    },
    {
      "type": "Feature",
      "properties": {
        "id": 7316505774,
        "name": "Becca d'Invergnaou Est",
        "type": "peak",
        "elevation": 2998,
        "sort_elevation": 2998,
        "website": "",
        "description": "",
        "osm_id": 7316505774
      },
      "geometry": {
        "type": "Point",
        "coordinates": [
          7.4452825,
          45.8580728
        ]
      }
    },
    {
      "type": "Feature",
      "properties": {
        "id": 7316505776,
        "name": "Becca Etresenta",
        "type": "peak",
        "elevation": 3008,
        "sort_elevation": 3008,
        "website": "",
        "description": "",
        "osm_id": 7316505776
      },
      "geometry": {
        "type": "Point",
        "coordinates": [
          7.4465311,
          45.8529636
        ]
      }
    },
    {
      "type": "Feature",
      "properties": {
        "id": 7316539479,
        "name": "Becca des Rayes Planes",
        "type": "peak",
        "elevation": 2436,
        "sort_elevation": 2436,
        "website": "",
        "description": "",
        "osm_id": 7316539479
      },
      "geometry": {
        "type": "Point",
        "coordinates": [
          7.4639735,
          45.8747505
        ]
      }
    },
    {
      "type": "Feature",
      "properties": {
        "id": 7316539480,
        "name": "Pointe des Bergers",
        "type": "peak",
        "elevation": 2617,
        "sort_elevation": 2617,
        "website": "",
        "description": "",
        "osm_id": 7316539480
      },
      "geometry": {
        "type": "Point",
        "coordinates": [
          7.4468797,
          45.8660149
        ]
      }
    },
    {
      "type": "Feature",
      "properties": {
        "id": 7316539481,
        "name": "Bonhomme de Invergnaou",
        "type": "peak",
        "elevation": 2628,
        "sort_elevation": 2628,
        "website": "",
        "description": "",
        "osm_id": 7316539481
      },
      "geometry": {
        "type": "Point",
        "coordinates": [
          7.446743,
          45.8651474
        ]
      }
    },
    {
      "type": "Feature",
      "properties": {
        "id": 7316539483,
        "name": "Pointe de Bachal",
        "type": "peak",
        "elevation": 2566,
        "sort_elevation": 2566,
        "website": "",
        "description": "",
        "osm_id": 7316539483
      },
      "geometry": {
        "type": "Point",
        "coordinates": [
          7.4468382,
          45.8680451
        ]
      }
    },
    {
      "type": "Feature",
      "properties": {
        "id": 7316579666,
        "name": "Bric della Miassa",
        "type": "peak",
        "elevation": 1832,
        "sort_elevation": 1832,
        "website": "",
        "description": "",
        "osm_id": 7316579666
      },
      "geometry": {
        "type": "Point",
        "coordinates": [
          7.7093045,
          45.5472227
        ]
      }
    },
    {
      "type": "Feature",
      "properties": {
        "id": 7319958874,
        "name": "Monte Giove",
        "type": "peak",
        "elevation": 1298,
        "sort_elevation": 1298,
        "website": "",
        "description": "",
        "osm_id": 7319958874
      },
      "geometry": {
        "type": "Point",
        "coordinates": [
          8.666287,
          46.0783447
        ]
      }
    },
    {
      "type": "Feature",
      "properties": {
        "id": 7320569023,
        "name": "Cima di Rondo",
        "type": "peak",
        "elevation": 1980,
        "sort_elevation": 1980,
        "website": "",
        "description": "",
        "osm_id": 7320569023
      },
      "geometry": {
        "type": "Point",
        "coordinates": [
          8.2199152,
          45.8992052
        ]
      }
    },
    {
      "type": "Feature",
      "properties": {
        "id": 7344358087,
        "name": "Bec Raty",
        "type": "peak",
        "elevation": 1903,
        "sort_elevation": 1903,
        "website": "",
        "description": "",
        "osm_id": 7344358087
      },
      "geometry": {
        "type": "Point",
        "coordinates": [
          7.6545089,
          45.5921745
        ]
      }
    },
    {
      "type": "Feature",
      "properties": {
        "id": 7344367377,
        "name": "Mont Blanchet",
        "type": "peak",
        "elevation": 2558,
        "sort_elevation": 2558,
        "website": "",
        "description": "",
        "osm_id": 7344367377
      },
      "geometry": {
        "type": "Point",
        "coordinates": [
          7.6450913,
          45.5780622
        ]
      }
    },
    {
      "type": "Feature",
      "properties": {
        "id": 7344393203,
        "name": "Pointe Veraz",
        "type": "peak",
        "elevation": 2230,
        "sort_elevation": 2230,
        "website": "",
        "description": "",
        "osm_id": 7344393203
      },
      "geometry": {
        "type": "Point",
        "coordinates": [
          7.6614551,
          45.5844643
        ]
      }
    },
    {
      "type": "Feature",
      "properties": {
        "id": 7344394253,
        "name": "Mont de la Corna",
        "type": "peak",
        "elevation": 2398,
        "sort_elevation": 2398,
        "website": "",
        "description": "",
        "osm_id": 7344394253
      },
      "geometry": {
        "type": "Point",
        "coordinates": [
          7.6534726,
          45.5798142
        ]
      }
    },
    {
      "type": "Feature",
      "properties": {
        "id": 7344610433,
        "name": "Tête Toine",
        "type": "peak",
        "elevation": 1656,
        "sort_elevation": 1656,
        "website": "",
        "description": "",
        "osm_id": 7344610433
      },
      "geometry": {
        "type": "Point",
        "coordinates": [
          7.716297,
          45.597957
        ]
      }
    },
    {
      "type": "Feature",
      "properties": {
        "id": 7344610726,
        "name": "Cime Cocore",
        "type": "peak",
        "elevation": 2142,
        "sort_elevation": 2142,
        "website": "",
        "description": "",
        "osm_id": 7344610726
      },
      "geometry": {
        "type": "Point",
        "coordinates": [
          7.71344,
          45.5880928
        ]
      }
    },
    {
      "type": "Feature",
      "properties": {
        "id": 7366054061,
        "name": "Posto tappa GTA Santa Maria da Bossi",
        "type": "hut",
        "elevation": "N/D",
        "sort_elevation": 0,
        "website": "",
        "description": "",
        "osm_id": 7366054061
      },
      "geometry": {
        "type": "Point",
        "coordinates": [
          8.1378417,
          45.9100272
        ]
      }
    },
    {
      "type": "Feature",
      "properties": {
        "id": 7366363965,
        "name": "Tignolino di Trontano",
        "type": "peak",
        "elevation": 2210,
        "sort_elevation": 2210,
        "website": "",
        "description": "",
        "osm_id": 7366363965
      },
      "geometry": {
        "type": "Point",
        "coordinates": [
          8.3706041,
          46.0877867
        ]
      }
    },
    {
      "type": "Feature",
      "properties": {
        "id": 7366371502,
        "name": "Cima della Quana",
        "type": "peak",
        "elevation": 2020,
        "sort_elevation": 2020,
        "website": "",
        "description": "",
        "osm_id": 7366371502
      },
      "geometry": {
        "type": "Point",
        "coordinates": [
          8.3862542,
          46.0260553
        ]
      }
    },
    {
      "type": "Feature",
      "properties": {
        "id": 7366409837,
        "name": "Monte Isoscele",
        "type": "peak",
        "elevation": 1900,
        "sort_elevation": 1900,
        "website": "",
        "description": "",
        "osm_id": 7366409837
      },
      "geometry": {
        "type": "Point",
        "coordinates": [
          8.5302237,
          46.0525048
        ]
      }
    },
    {
      "type": "Feature",
      "properties": {
        "id": 7367631572,
        "name": "Testa Praz de Ler",
        "type": "peak",
        "elevation": 2526,
        "sort_elevation": 2526,
        "website": "",
        "description": "",
        "osm_id": 7367631572
      },
      "geometry": {
        "type": "Point",
        "coordinates": [
          7.406438,
          45.6395918
        ]
      }
    },
    {
      "type": "Feature",
      "properties": {
        "id": 7367631573,
        "name": "Testa Vareri",
        "type": "peak",
        "elevation": 2663,
        "sort_elevation": 2663,
        "website": "",
        "description": "",
        "osm_id": 7367631573
      },
      "geometry": {
        "type": "Point",
        "coordinates": [
          7.4053544,
          45.6464532
        ]
      }
    },
    {
      "type": "Feature",
      "properties": {
        "id": 7393055810,
        "name": "Punta di Tsesere",
        "type": "peak",
        "elevation": 3105,
        "sort_elevation": 3105,
        "website": "",
        "description": "",
        "osm_id": 7393055810
      },
      "geometry": {
        "type": "Point",
        "coordinates": [
          7.4137836,
          45.6590831
        ]
      }
    },
    {
      "type": "Feature",
      "properties": {
        "id": 7393164023,
        "name": "Cima Granlà",
        "type": "peak",
        "elevation": 1899,
        "sort_elevation": 1899,
        "website": "",
        "description": "",
        "osm_id": 7393164023
      },
      "geometry": {
        "type": "Point",
        "coordinates": [
          7.7337516,
          45.6663759
        ]
      }
    },
    {
      "type": "Feature",
      "properties": {
        "id": 7407707120,
        "name": "Cima delle Fontane",
        "type": "peak",
        "elevation": 3066,
        "sort_elevation": 3066,
        "website": "",
        "description": "",
        "osm_id": 7407707120
      },
      "geometry": {
        "type": "Point",
        "coordinates": [
          7.539393,
          45.5818815
        ]
      }
    },
    {
      "type": "Feature",
      "properties": {
        "id": 7407967831,
        "name": "Punta del Rancio",
        "type": "peak",
        "elevation": 2992,
        "sort_elevation": 2992,
        "website": "",
        "description": "",
        "osm_id": 7407967831
      },
      "geometry": {
        "type": "Point",
        "coordinates": [
          7.4638513,
          45.5730924
        ]
      }
    },
    {
      "type": "Feature",
      "properties": {
        "id": 7408652357,
        "name": "Cima del Rospo",
        "type": "peak",
        "elevation": 2737,
        "sort_elevation": 2737,
        "website": "",
        "description": "",
        "osm_id": 7408652357
      },
      "geometry": {
        "type": "Point",
        "coordinates": [
          7.5617837,
          45.5828909
        ]
      }
    },
    {
      "type": "Feature",
      "properties": {
        "id": 7414801477,
        "name": "Monte Turrioni",
        "type": "peak",
        "elevation": 1108,
        "sort_elevation": 1108,
        "website": "",
        "description": "",
        "osm_id": 7414801477
      },
      "geometry": {
        "type": "Point",
        "coordinates": [
          8.5504456,
          45.9929148
        ]
      }
    },
    {
      "type": "Feature",
      "properties": {
        "id": 7417991479,
        "name": "Mont Bo",
        "type": "peak",
        "elevation": 2027,
        "sort_elevation": 2027,
        "website": "",
        "description": "",
        "osm_id": 7417991479
      },
      "geometry": {
        "type": "Point",
        "coordinates": [
          7.7330428,
          45.5730122
        ]
      }
    },
    {
      "type": "Feature",
      "properties": {
        "id": 7445159410,
        "name": "Punta di Belvedere",
        "type": "peak",
        "elevation": 2494,
        "sort_elevation": 2494,
        "website": "",
        "description": "",
        "osm_id": 7445159410
      },
      "geometry": {
        "type": "Point",
        "coordinates": [
          7.5824282,
          45.5739035
        ]
      }
    },
    {
      "type": "Feature",
      "properties": {
        "id": 7451239235,
        "name": "il Castello",
        "type": "peak",
        "elevation": 1870,
        "sort_elevation": 1870,
        "website": "",
        "description": "",
        "osm_id": 7451239235
      },
      "geometry": {
        "type": "Point",
        "coordinates": [
          8.4284474,
          46.0949438
        ]
      }
    },
    {
      "type": "Feature",
      "properties": {
        "id": 7462107239,
        "name": "quota 2039",
        "type": "peak",
        "elevation": "N/D",
        "sort_elevation": 0,
        "website": "",
        "description": "",
        "osm_id": 7462107239
      },
      "geometry": {
        "type": "Point",
        "coordinates": [
          8.4226318,
          46.1054366
        ]
      }
    },
    {
      "type": "Feature",
      "properties": {
        "id": 7517102969,
        "name": "Monte Rosso",
        "type": "peak",
        "elevation": 693,
        "sort_elevation": 693,
        "website": "",
        "description": "",
        "osm_id": 7517102969
      },
      "geometry": {
        "type": "Point",
        "coordinates": [
          8.5378522,
          45.9448163
        ]
      }
    },
    {
      "type": "Feature",
      "properties": {
        "id": 7527004396,
        "name": "Cima Solivello",
        "type": "peak",
        "elevation": 878,
        "sort_elevation": 878,
        "website": "",
        "description": "",
        "osm_id": 7527004396
      },
      "geometry": {
        "type": "Point",
        "coordinates": [
          8.2468523,
          45.7743632
        ]
      }
    },
    {
      "type": "Feature",
      "properties": {
        "id": 7632643008,
        "name": "Becco della Finestra",
        "type": "peak",
        "elevation": 1583,
        "sort_elevation": 1583,
        "website": "",
        "description": "",
        "osm_id": 7632643008
      },
      "geometry": {
        "type": "Point",
        "coordinates": [
          8.1571045,
          45.7959122
        ]
      }
    },
    {
      "type": "Feature",
      "properties": {
        "id": 7632643009,
        "name": "Ciarun",
        "type": "peak",
        "elevation": 1555,
        "sort_elevation": 1555,
        "website": "",
        "description": "",
        "osm_id": 7632643009
      },
      "geometry": {
        "type": "Point",
        "coordinates": [
          8.1566408,
          45.7969001
        ]
      }
    },
    {
      "type": "Feature",
      "properties": {
        "id": 7647432195,
        "name": "Monte Cucco",
        "type": "peak",
        "elevation": 1515,
        "sort_elevation": 1515,
        "website": "",
        "description": "",
        "osm_id": 7647432195
      },
      "geometry": {
        "type": "Point",
        "coordinates": [
          8.0052416,
          45.6294606
        ]
      }
    },
    {
      "type": "Feature",
      "properties": {
        "id": 7647477089,
        "name": "Monte Zeda",
        "type": "peak",
        "elevation": 2156,
        "sort_elevation": 2156,
        "website": "",
        "description": "",
        "osm_id": 7647477089
      },
      "geometry": {
        "type": "Point",
        "coordinates": [
          8.5357278,
          46.0449781
        ]
      }
    },
    {
      "type": "Feature",
      "properties": {
        "id": 7666563092,
        "name": "Cima quota",
        "type": "peak",
        "elevation": 1836,
        "sort_elevation": 1836,
        "website": "",
        "description": "",
        "osm_id": 7666563092
      },
      "geometry": {
        "type": "Point",
        "coordinates": [
          8.5627457,
          46.0450055
        ]
      }
    },
    {
      "type": "Feature",
      "properties": {
        "id": 7685476532,
        "name": "Monte Bedorè",
        "type": "peak",
        "elevation": 740,
        "sort_elevation": 740,
        "website": "",
        "description": "",
        "osm_id": 7685476532
      },
      "geometry": {
        "type": "Point",
        "coordinates": [
          8.7697792,
          46.040451
        ]
      }
    },
    {
      "type": "Feature",
      "properties": {
        "id": 7685476533,
        "name": "Monte Formica",
        "type": "peak",
        "elevation": 711,
        "sort_elevation": 711,
        "website": "",
        "description": "",
        "osm_id": 7685476533
      },
      "geometry": {
        "type": "Point",
        "coordinates": [
          8.7646181,
          46.0394206
        ]
      }
    },
    {
      "type": "Feature",
      "properties": {
        "id": 7685476534,
        "name": "Motti dei Ronchetti",
        "type": "peak",
        "elevation": 702,
        "sort_elevation": 702,
        "website": "",
        "description": "",
        "osm_id": 7685476534
      },
      "geometry": {
        "type": "Point",
        "coordinates": [
          8.7564132,
          46.0384088
        ]
      }
    },
    {
      "type": "Feature",
      "properties": {
        "id": 7688066439,
        "name": "Punta di Loie",
        "type": "peak",
        "elevation": 2676,
        "sort_elevation": 2676,
        "website": "",
        "description": "",
        "osm_id": 7688066439
      },
      "geometry": {
        "type": "Point",
        "coordinates": [
          7.4056542,
          45.5807083
        ]
      }
    },
    {
      "type": "Feature",
      "properties": {
        "id": 7693119005,
        "name": "Punta Pater",
        "type": "peak",
        "elevation": 2414,
        "sort_elevation": 2414,
        "website": "",
        "description": "",
        "osm_id": 7693119005
      },
      "geometry": {
        "type": "Point",
        "coordinates": [
          7.8964548,
          45.7654635
        ]
      }
    },
    {
      "type": "Feature",
      "properties": {
        "id": 7743863938,
        "name": "Dado del monte Rosso",
        "type": "peak",
        "elevation": "N/D",
        "sort_elevation": 0,
        "website": "",
        "description": "",
        "osm_id": 7743863938
      },
      "geometry": {
        "type": "Point",
        "coordinates": [
          7.9380003,
          45.6377904
        ]
      }
    },
    {
      "type": "Feature",
      "properties": {
        "id": 7758082541,
        "name": "Monte Charvaz",
        "type": "peak",
        "elevation": 2257,
        "sort_elevation": 2257,
        "website": "",
        "description": "",
        "osm_id": 7758082541
      },
      "geometry": {
        "type": "Point",
        "coordinates": [
          7.6241802,
          45.8511089
        ]
      }
    },
    {
      "type": "Feature",
      "properties": {
        "id": 7758123015,
        "name": "Monte Chatelard",
        "type": "peak",
        "elevation": 1844,
        "sort_elevation": 1844,
        "website": "",
        "description": "",
        "osm_id": 7758123015
      },
      "geometry": {
        "type": "Point",
        "coordinates": [
          7.5716749,
          45.8153176
        ]
      }
    },
    {
      "type": "Feature",
      "properties": {
        "id": 7788332990,
        "name": "Monte Croce della Tola",
        "type": "peak",
        "elevation": 876,
        "sort_elevation": 876,
        "website": "",
        "description": "",
        "osm_id": 7788332990
      },
      "geometry": {
        "type": "Point",
        "coordinates": [
          8.4916684,
          45.8813143
        ]
      }
    },
    {
      "type": "Feature",
      "properties": {
        "id": 7793476957,
        "name": "Monte San Francesco",
        "type": "peak",
        "elevation": 794,
        "sort_elevation": 794,
        "website": "",
        "description": "",
        "osm_id": 7793476957
      },
      "geometry": {
        "type": "Point",
        "coordinates": [
          8.7848266,
          45.8560712
        ]
      }
    },
    {
      "type": "Feature",
      "properties": {
        "id": 7817884364,
        "name": "Punta Battisti",
        "type": "peak",
        "elevation": 2754,
        "sort_elevation": 2754,
        "website": "",
        "description": "",
        "osm_id": 7817884364
      },
      "geometry": {
        "type": "Point",
        "coordinates": [
          7.9324244,
          45.9479087
        ]
      }
    },
    {
      "type": "Feature",
      "properties": {
        "id": 7820362556,
        "name": "Rifugio delle Nevi",
        "type": "hut",
        "elevation": 1251,
        "sort_elevation": 1251,
        "website": "",
        "description": "",
        "osm_id": 7820362556
      },
      "geometry": {
        "type": "Point",
        "coordinates": [
          8.6255296,
          46.0873221
        ]
      }
    },
    {
      "type": "Feature",
      "properties": {
        "id": 7820366151,
        "name": "Corno Carro",
        "type": "peak",
        "elevation": 3026,
        "sort_elevation": 3026,
        "website": "",
        "description": "",
        "osm_id": 7820366151
      },
      "geometry": {
        "type": "Point",
        "coordinates": [
          7.8569943,
          45.8112726
        ]
      }
    },
    {
      "type": "Feature",
      "properties": {
        "id": 7820366152,
        "name": "Monte Rezza",
        "type": "peak",
        "elevation": 2830,
        "sort_elevation": 2830,
        "website": "",
        "description": "",
        "osm_id": 7820366152
      },
      "geometry": {
        "type": "Point",
        "coordinates": [
          7.8490335,
          45.8063816
        ]
      }
    },
    {
      "type": "Feature",
      "properties": {
        "id": 7820366153,
        "name": "Punta Jolanda",
        "type": "peak",
        "elevation": 2238,
        "sort_elevation": 2238,
        "website": "",
        "description": "",
        "osm_id": 7820366153
      },
      "geometry": {
        "type": "Point",
        "coordinates": [
          7.8327901,
          45.8401312
        ]
      }
    },
    {
      "type": "Feature",
      "properties": {
        "id": 7820533926,
        "name": "Punta della Bandiera",
        "type": "peak",
        "elevation": 2470,
        "sort_elevation": 2470,
        "website": "",
        "description": "",
        "osm_id": 7820533926
      },
      "geometry": {
        "type": "Point",
        "coordinates": [
          7.8404544,
          45.7847399
        ]
      }
    },
    {
      "type": "Feature",
      "properties": {
        "id": 7820533927,
        "name": "Punta Schilte",
        "type": "peak",
        "elevation": 2180,
        "sort_elevation": 2180,
        "website": "",
        "description": "",
        "osm_id": 7820533927
      },
      "geometry": {
        "type": "Point",
        "coordinates": [
          7.8386544,
          45.7813028
        ]
      }
    },
    {
      "type": "Feature",
      "properties": {
        "id": 7820533928,
        "name": "Monte Tijatz",
        "type": "peak",
        "elevation": 2887,
        "sort_elevation": 2887,
        "website": "",
        "description": "",
        "osm_id": 7820533928
      },
      "geometry": {
        "type": "Point",
        "coordinates": [
          7.8004543,
          45.8209725
        ]
      }
    },
    {
      "type": "Feature",
      "properties": {
        "id": 7820533929,
        "name": "Punta Miravalle",
        "type": "peak",
        "elevation": 2580,
        "sort_elevation": 2580,
        "website": "",
        "description": "",
        "osm_id": 7820533929
      },
      "geometry": {
        "type": "Point",
        "coordinates": [
          7.8044454,
          45.8209126
        ]
      }
    },
    {
      "type": "Feature",
      "properties": {
        "id": 7835741951,
        "name": "Wängerhorn",
        "type": "peak",
        "elevation": 3096,
        "sort_elevation": 3096,
        "website": "",
        "description": "",
        "osm_id": 7835741951
      },
      "geometry": {
        "type": "Point",
        "coordinates": [
          7.673167,
          46.1613748
        ]
      }
    },
    {
      "type": "Feature",
      "properties": {
        "id": 7885377221,
        "name": "Punta del Ghiaccio",
        "type": "peak",
        "elevation": 1709,
        "sort_elevation": 1709,
        "website": "",
        "description": "Toponimo indicato dalla mappa Rabbini di Scopa",
        "osm_id": 7885377221
      },
      "geometry": {
        "type": "Point",
        "coordinates": [
          8.1612083,
          45.7847899
        ]
      }
    },
    {
      "type": "Feature",
      "properties": {
        "id": 7887563548,
        "name": "Gulia Boera",
        "type": "peak",
        "elevation": 1635,
        "sort_elevation": 1635,
        "website": "",
        "description": "Toponimo indicato dalla mappa Rabbini di Scopa",
        "osm_id": 7887563548
      },
      "geometry": {
        "type": "Point",
        "coordinates": [
          8.1562221,
          45.7942873
        ]
      }
    },
    {
      "type": "Feature",
      "properties": {
        "id": 7887563563,
        "name": "Dente di Valmala II°",
        "type": "peak",
        "elevation": 1813,
        "sort_elevation": 1813,
        "website": "",
        "description": "Questa cima è bifida, con due punte di quota equivalente",
        "osm_id": 7887563563
      },
      "geometry": {
        "type": "Point",
        "coordinates": [
          8.1664628,
          45.7756071
        ]
      }
    },
    {
      "type": "Feature",
      "properties": {
        "id": 7887659094,
        "name": "Sasso Corbe",
        "type": "peak",
        "elevation": 1066,
        "sort_elevation": 1066,
        "website": "",
        "description": "",
        "osm_id": 7887659094
      },
      "geometry": {
        "type": "Point",
        "coordinates": [
          8.5943288,
          45.9831135
        ]
      }
    },
    {
      "type": "Feature",
      "properties": {
        "id": 7888543793,
        "name": "Colma Ruschera",
        "type": "peak",
        "elevation": 1654,
        "sort_elevation": 1654,
        "website": "",
        "description": "Toponimo indicato nella mappa Rabbini",
        "osm_id": 7888543793
      },
      "geometry": {
        "type": "Point",
        "coordinates": [
          8.1592798,
          45.7883699
        ]
      }
    },
    {
      "type": "Feature",
      "properties": {
        "id": 7896092904,
        "name": "Sasso Bianco",
        "type": "peak",
        "elevation": 2220,
        "sort_elevation": 2220,
        "website": "",
        "description": "",
        "osm_id": 7896092904
      },
      "geometry": {
        "type": "Point",
        "coordinates": [
          8.4155072,
          46.0928646
        ]
      }
    },
    {
      "type": "Feature",
      "properties": {
        "id": 7896092905,
        "name": "Costa Nera",
        "type": "peak",
        "elevation": 2008,
        "sort_elevation": 2008,
        "website": "",
        "description": "",
        "osm_id": 7896092905
      },
      "geometry": {
        "type": "Point",
        "coordinates": [
          8.425426,
          46.0865456
        ]
      }
    },
    {
      "type": "Feature",
      "properties": {
        "id": 7903064107,
        "name": "Denti della Foscala",
        "type": "peak",
        "elevation": 1713,
        "sort_elevation": 1713,
        "website": "",
        "description": "",
        "osm_id": 7903064107
      },
      "geometry": {
        "type": "Point",
        "coordinates": [
          8.1392982,
          45.7684183
        ]
      }
    },
    {
      "type": "Feature",
      "properties": {
        "id": 7933709685,
        "name": "Mont Seriola",
        "type": "peak",
        "elevation": 2752,
        "sort_elevation": 2752,
        "website": "",
        "description": "",
        "osm_id": 7933709685
      },
      "geometry": {
        "type": "Point",
        "coordinates": [
          7.5971907,
          45.8994876
        ]
      }
    },
    {
      "type": "Feature",
      "properties": {
        "id": 7943558307,
        "name": "Le Torrette",
        "type": "peak",
        "elevation": 2318,
        "sort_elevation": 2318,
        "website": "",
        "description": "",
        "osm_id": 7943558307
      },
      "geometry": {
        "type": "Point",
        "coordinates": [
          8.0255207,
          45.8404175
        ]
      }
    },
    {
      "type": "Feature",
      "properties": {
        "id": 7943558394,
        "name": "Punta di Balmanera",
        "type": "peak",
        "elevation": 2335,
        "sort_elevation": 2335,
        "website": "",
        "description": "Toponimo attestato nella mappa Rabbini di Mollia",
        "osm_id": 7943558394
      },
      "geometry": {
        "type": "Point",
        "coordinates": [
          8.0004287,
          45.8462584
        ]
      }
    },
    {
      "type": "Feature",
      "properties": {
        "id": 7943558395,
        "name": "Punta delle Ratte",
        "type": "peak",
        "elevation": 2357,
        "sort_elevation": 2357,
        "website": "",
        "description": "Toponimo attestato nella mappa Rabbini di Mollia",
        "osm_id": 7943558395
      },
      "geometry": {
        "type": "Point",
        "coordinates": [
          8.0072787,
          45.845567
        ]
      }
    },
    {
      "type": "Feature",
      "properties": {
        "id": 7948575729,
        "name": "Monte Spigo",
        "type": "peak",
        "elevation": 1439,
        "sort_elevation": 1439,
        "website": "",
        "description": "",
        "osm_id": 7948575729
      },
      "geometry": {
        "type": "Point",
        "coordinates": [
          8.478699,
          46.0140655
        ]
      }
    },
    {
      "type": "Feature",
      "properties": {
        "id": 7966010447,
        "name": "Punta Parete",
        "type": "peak",
        "elevation": 2238,
        "sort_elevation": 2238,
        "website": "",
        "description": "",
        "osm_id": 7966010447
      },
      "geometry": {
        "type": "Point",
        "coordinates": [
          7.995685,
          45.8308278
        ]
      }
    },
    {
      "type": "Feature",
      "properties": {
        "id": 8052263232,
        "name": "Punta dal Piciocch",
        "type": "peak",
        "elevation": 1505,
        "sort_elevation": 1505,
        "website": "",
        "description": "",
        "osm_id": 8052263232
      },
      "geometry": {
        "type": "Point",
        "coordinates": [
          8.4272697,
          46.0013129
        ]
      }
    },
    {
      "type": "Feature",
      "properties": {
        "id": 8059252660,
        "name": "Testa del Frate",
        "type": "peak",
        "elevation": 1258,
        "sort_elevation": 1258,
        "website": "",
        "description": "",
        "osm_id": 8059252660
      },
      "geometry": {
        "type": "Point",
        "coordinates": [
          8.2363722,
          46.0333681
        ]
      }
    },
    {
      "type": "Feature",
      "properties": {
        "id": 8059301964,
        "name": "La Colma",
        "type": "peak",
        "elevation": 1747,
        "sort_elevation": 1747,
        "website": "",
        "description": "",
        "osm_id": 8059301964
      },
      "geometry": {
        "type": "Point",
        "coordinates": [
          8.1781483,
          46.0289135
        ]
      }
    },
    {
      "type": "Feature",
      "properties": {
        "id": 8156035960,
        "name": "Punta di Togno",
        "type": "peak",
        "elevation": "N/D",
        "sort_elevation": 0,
        "website": "",
        "description": "",
        "osm_id": 8156035960
      },
      "geometry": {
        "type": "Point",
        "coordinates": [
          8.049092,
          45.8240238
        ]
      }
    },
    {
      "type": "Feature",
      "properties": {
        "id": 8193982569,
        "name": "Monte Sere",
        "type": "peak",
        "elevation": 668,
        "sort_elevation": 668,
        "website": "",
        "description": "",
        "osm_id": 8193982569
      },
      "geometry": {
        "type": "Point",
        "coordinates": [
          8.7941857,
          45.897209
        ]
      }
    },
    {
      "type": "Feature",
      "properties": {
        "id": 8201271224,
        "name": "Monte di Travedona",
        "type": "peak",
        "elevation": 355,
        "sort_elevation": 355,
        "website": "",
        "description": "",
        "osm_id": 8201271224
      },
      "geometry": {
        "type": "Point",
        "coordinates": [
          8.6845995,
          45.8008265
        ]
      }
    },
    {
      "type": "Feature",
      "properties": {
        "id": 8201271225,
        "name": "Monte Ternate",
        "type": "peak",
        "elevation": 381,
        "sort_elevation": 381,
        "website": "",
        "description": "",
        "osm_id": 8201271225
      },
      "geometry": {
        "type": "Point",
        "coordinates": [
          8.6888622,
          45.7920302
        ]
      }
    },
    {
      "type": "Feature",
      "properties": {
        "id": 8201276376,
        "name": "Monte del Prete",
        "type": "peak",
        "elevation": 299,
        "sort_elevation": 299,
        "website": "",
        "description": "",
        "osm_id": 8201276376
      },
      "geometry": {
        "type": "Point",
        "coordinates": [
          8.6113726,
          45.8192979
        ]
      }
    },
    {
      "type": "Feature",
      "properties": {
        "id": 8201276377,
        "name": "Monte dei Nassi",
        "type": "peak",
        "elevation": 268,
        "sort_elevation": 268,
        "website": "",
        "description": "",
        "osm_id": 8201276377
      },
      "geometry": {
        "type": "Point",
        "coordinates": [
          8.6133729,
          45.824307
        ]
      }
    },
    {
      "type": "Feature",
      "properties": {
        "id": 8202442883,
        "name": "Pizzo delle Tre Croci",
        "type": "peak",
        "elevation": 1638,
        "sort_elevation": 1638,
        "website": "",
        "description": "",
        "osm_id": 8202442883
      },
      "geometry": {
        "type": "Point",
        "coordinates": [
          8.4211748,
          46.0058333
        ]
      }
    },
    {
      "type": "Feature",
      "properties": {
        "id": 8210223277,
        "name": "Cabane du Mountet CAS",
        "type": "hut",
        "elevation": 2886,
        "sort_elevation": 2886,
        "website": "https://cas-diablerets.ch/",
        "description": "",
        "osm_id": 8210223277
      },
      "geometry": {
        "type": "Point",
        "coordinates": [
          7.6535412,
          46.0600459
        ]
      }
    },
    {
      "type": "Feature",
      "properties": {
        "id": 8225278357,
        "name": "Cima la Mattolina",
        "type": "peak",
        "elevation": 2430,
        "sort_elevation": 2430,
        "website": "",
        "description": "Toponimo indicato nella mappa Rabbini",
        "osm_id": 8225278357
      },
      "geometry": {
        "type": "Point",
        "coordinates": [
          8.0858582,
          45.9167484
        ]
      }
    },
    {
      "type": "Feature",
      "properties": {
        "id": 8243076526,
        "name": "Punta di Barzasca",
        "type": "peak",
        "elevation": 1831,
        "sort_elevation": 1831,
        "website": "",
        "description": "",
        "osm_id": 8243076526
      },
      "geometry": {
        "type": "Point",
        "coordinates": [
          8.2222162,
          46.0916749
        ]
      }
    },
    {
      "type": "Feature",
      "properties": {
        "id": 8243125058,
        "name": "Punta Junod",
        "type": "peak",
        "elevation": 3300,
        "sort_elevation": 3300,
        "website": "",
        "description": "",
        "osm_id": 8243125058
      },
      "geometry": {
        "type": "Point",
        "coordinates": [
          7.4238046,
          45.6775129
        ]
      }
    },
    {
      "type": "Feature",
      "properties": {
        "id": 8243310652,
        "name": "Pointe de Plan Rué",
        "type": "peak",
        "elevation": 2867,
        "sort_elevation": 2867,
        "website": "",
        "description": "",
        "osm_id": 8243310652
      },
      "geometry": {
        "type": "Point",
        "coordinates": [
          7.4708826,
          45.6684033
        ]
      }
    },
    {
      "type": "Feature",
      "properties": {
        "id": 8262498184,
        "name": "Punta della Tsesère",
        "type": "peak",
        "elevation": 3117,
        "sort_elevation": 3117,
        "website": "",
        "description": "",
        "osm_id": 8262498184
      },
      "geometry": {
        "type": "Point",
        "coordinates": [
          7.4153508,
          45.5639027
        ]
      }
    },
    {
      "type": "Feature",
      "properties": {
        "id": 8262512991,
        "name": "Punta della Cadrega",
        "type": "peak",
        "elevation": 2927,
        "sort_elevation": 2927,
        "website": "",
        "description": "",
        "osm_id": 8262512991
      },
      "geometry": {
        "type": "Point",
        "coordinates": [
          7.4686783,
          45.5488724
        ]
      }
    },
    {
      "type": "Feature",
      "properties": {
        "id": 8262526036,
        "name": "Tourette di Lavina",
        "type": "peak",
        "elevation": 2931,
        "sort_elevation": 2931,
        "website": "",
        "description": "",
        "osm_id": 8262526036
      },
      "geometry": {
        "type": "Point",
        "coordinates": [
          7.4551009,
          45.565898
        ]
      }
    },
    {
      "type": "Feature",
      "properties": {
        "id": 8264825035,
        "name": "Mont d'Orgère",
        "type": "peak",
        "elevation": 2097,
        "sort_elevation": 2097,
        "website": "",
        "description": "",
        "osm_id": 8264825035
      },
      "geometry": {
        "type": "Point",
        "coordinates": [
          7.5079816,
          45.6735257
        ]
      }
    },
    {
      "type": "Feature",
      "properties": {
        "id": 8265237968,
        "name": "Tour de Salé",
        "type": "peak",
        "elevation": 3073,
        "sort_elevation": 3073,
        "website": "",
        "description": "",
        "osm_id": 8265237968
      },
      "geometry": {
        "type": "Point",
        "coordinates": [
          7.4210097,
          45.6901766
        ]
      }
    },
    {
      "type": "Feature",
      "properties": {
        "id": 8266067078,
        "name": "Monte Gaggio",
        "type": "peak",
        "elevation": 369,
        "sort_elevation": 369,
        "website": "",
        "description": "",
        "osm_id": 8266067078
      },
      "geometry": {
        "type": "Point",
        "coordinates": [
          8.6274045,
          45.8945421
        ]
      }
    },
    {
      "type": "Feature",
      "properties": {
        "id": 8266067079,
        "name": "Le Motte",
        "type": "peak",
        "elevation": 323,
        "sort_elevation": 323,
        "website": "",
        "description": "",
        "osm_id": 8266067079
      },
      "geometry": {
        "type": "Point",
        "coordinates": [
          8.6056026,
          45.9006802
        ]
      }
    },
    {
      "type": "Feature",
      "properties": {
        "id": 8266090183,
        "name": "Motta Cipollina",
        "type": "peak",
        "elevation": 330,
        "sort_elevation": 330,
        "website": "",
        "description": "",
        "osm_id": 8266090183
      },
      "geometry": {
        "type": "Point",
        "coordinates": [
          8.602214,
          45.8741181
        ]
      }
    },
    {
      "type": "Feature",
      "properties": {
        "id": 8266090184,
        "name": "Sasso d'Arolo",
        "type": "peak",
        "elevation": 275,
        "sort_elevation": 275,
        "website": "",
        "description": "",
        "osm_id": 8266090184
      },
      "geometry": {
        "type": "Point",
        "coordinates": [
          8.6070419,
          45.8646754
        ]
      }
    },
    {
      "type": "Feature",
      "properties": {
        "id": 8266097979,
        "name": "Monte di Ballarate",
        "type": "peak",
        "elevation": 299,
        "sort_elevation": 299,
        "website": "",
        "description": "",
        "osm_id": 8266097979
      },
      "geometry": {
        "type": "Point",
        "coordinates": [
          8.6143241,
          45.8671189
        ]
      }
    },
    {
      "type": "Feature",
      "properties": {
        "id": 8266118565,
        "name": "Motta Pivione",
        "type": "peak",
        "elevation": 256,
        "sort_elevation": 256,
        "website": "",
        "description": "",
        "osm_id": 8266118565
      },
      "geometry": {
        "type": "Point",
        "coordinates": [
          8.6351525,
          45.8311171
        ]
      }
    },
    {
      "type": "Feature",
      "properties": {
        "id": 8268110290,
        "name": "Mont Avi",
        "type": "peak",
        "elevation": 1117,
        "sort_elevation": 1117,
        "website": "",
        "description": "",
        "osm_id": 8268110290
      },
      "geometry": {
        "type": "Point",
        "coordinates": [
          7.6410234,
          45.727813
        ]
      }
    },
    {
      "type": "Feature",
      "properties": {
        "id": 8268159209,
        "name": "Mont Ouille",
        "type": "peak",
        "elevation": 1072,
        "sort_elevation": 1072,
        "website": "",
        "description": "",
        "osm_id": 8268159209
      },
      "geometry": {
        "type": "Point",
        "coordinates": [
          7.6587743,
          45.717177
        ]
      }
    },
    {
      "type": "Feature",
      "properties": {
        "id": 8268165432,
        "name": "Pointe Merendi",
        "type": "peak",
        "elevation": 3334,
        "sort_elevation": 3334,
        "website": "",
        "description": "",
        "osm_id": 8268165432
      },
      "geometry": {
        "type": "Point",
        "coordinates": [
          7.521708,
          45.9384224
        ]
      }
    },
    {
      "type": "Feature",
      "properties": {
        "id": 8268173083,
        "name": "Tour de Créton",
        "type": "peak",
        "elevation": 3584,
        "sort_elevation": 3584,
        "website": "",
        "description": "",
        "osm_id": 8268173083
      },
      "geometry": {
        "type": "Point",
        "coordinates": [
          7.5852871,
          45.9261362
        ]
      }
    },
    {
      "type": "Feature",
      "properties": {
        "id": 8268177210,
        "name": "Puy de Saint-Evence",
        "type": "peak",
        "elevation": 1674,
        "sort_elevation": 1674,
        "website": "",
        "description": "",
        "osm_id": 8268177210
      },
      "geometry": {
        "type": "Point",
        "coordinates": [
          7.5851396,
          45.7683668
        ]
      }
    },
    {
      "type": "Feature",
      "properties": {
        "id": 8268220641,
        "name": "Poite des Petites Murailles",
        "type": "peak",
        "elevation": 3566,
        "sort_elevation": 3566,
        "website": "",
        "description": "",
        "osm_id": 8268220641
      },
      "geometry": {
        "type": "Point",
        "coordinates": [
          7.5864404,
          45.9317666
        ]
      }
    },
    {
      "type": "Feature",
      "properties": {
        "id": 8268228199,
        "name": "Mont de Saler",
        "type": "peak",
        "elevation": 2313,
        "sort_elevation": 2313,
        "website": "",
        "description": "",
        "osm_id": 8268228199
      },
      "geometry": {
        "type": "Point",
        "coordinates": [
          7.7516967,
          45.8455614
        ]
      }
    },
    {
      "type": "Feature",
      "properties": {
        "id": 8268234962,
        "name": "Mont Cavallo",
        "type": "peak",
        "elevation": 2467,
        "sort_elevation": 2467,
        "website": "",
        "description": "",
        "osm_id": 8268234962
      },
      "geometry": {
        "type": "Point",
        "coordinates": [
          7.7561384,
          45.8532102
        ]
      }
    },
    {
      "type": "Feature",
      "properties": {
        "id": 8268235465,
        "name": "Weiss Weib",
        "type": "peak",
        "elevation": 2517,
        "sort_elevation": 2517,
        "website": "",
        "description": "",
        "osm_id": 8268235465
      },
      "geometry": {
        "type": "Point",
        "coordinates": [
          7.8523922,
          45.7123714
        ]
      }
    },
    {
      "type": "Feature",
      "properties": {
        "id": 8268263841,
        "name": "Cime Botta",
        "type": "peak",
        "elevation": 2041,
        "sort_elevation": 2041,
        "website": "",
        "description": "",
        "osm_id": 8268263841
      },
      "geometry": {
        "type": "Point",
        "coordinates": [
          7.687313,
          45.7729038
        ]
      }
    },
    {
      "type": "Feature",
      "properties": {
        "id": 8268264919,
        "name": "Mont de Fremies",
        "type": "peak",
        "elevation": 1856,
        "sort_elevation": 1856,
        "website": "",
        "description": "",
        "osm_id": 8268264919
      },
      "geometry": {
        "type": "Point",
        "coordinates": [
          7.6998013,
          45.7643159
        ]
      }
    },
    {
      "type": "Feature",
      "properties": {
        "id": 8268274222,
        "name": "Tallespetz",
        "type": "peak",
        "elevation": 2451,
        "sort_elevation": 2451,
        "website": "",
        "description": "",
        "osm_id": 8268274222
      },
      "geometry": {
        "type": "Point",
        "coordinates": [
          7.8570592,
          45.7657455
        ]
      }
    },
    {
      "type": "Feature",
      "properties": {
        "id": 8268277415,
        "name": "Tallespetz",
        "type": "peak",
        "elevation": 2527,
        "sort_elevation": 2527,
        "website": "",
        "description": "",
        "osm_id": 8268277415
      },
      "geometry": {
        "type": "Point",
        "coordinates": [
          7.8763711,
          45.7402703
        ]
      }
    },
    {
      "type": "Feature",
      "properties": {
        "id": 8268339838,
        "name": "Grand Be",
        "type": "peak",
        "elevation": "N/D",
        "sort_elevation": 0,
        "website": "",
        "description": "",
        "osm_id": 8268339838
      },
      "geometry": {
        "type": "Point",
        "coordinates": [
          7.6647985,
          45.5908544
        ]
      }
    },
    {
      "type": "Feature",
      "properties": {
        "id": 8275324212,
        "name": "Punta Corona",
        "type": "peak",
        "elevation": "N/D",
        "sort_elevation": 0,
        "website": "",
        "description": "",
        "osm_id": 8275324212
      },
      "geometry": {
        "type": "Point",
        "coordinates": [
          7.517803,
          45.5781726
        ]
      }
    },
    {
      "type": "Feature",
      "properties": {
        "id": 8275766206,
        "name": "Punta Chelett",
        "type": "peak",
        "elevation": 2535,
        "sort_elevation": 2535,
        "website": "",
        "description": "",
        "osm_id": 8275766206
      },
      "geometry": {
        "type": "Point",
        "coordinates": [
          7.5998723,
          45.5876366
        ]
      }
    },
    {
      "type": "Feature",
      "properties": {
        "id": 8275790737,
        "name": "Punta Santanel",
        "type": "peak",
        "elevation": 2585,
        "sort_elevation": 2585,
        "website": "",
        "description": "",
        "osm_id": 8275790737
      },
      "geometry": {
        "type": "Point",
        "coordinates": [
          7.6013532,
          45.5767637
        ]
      }
    },
    {
      "type": "Feature",
      "properties": {
        "id": 8279435348,
        "name": "Punta Garzotto",
        "type": "peak",
        "elevation": 3273,
        "sort_elevation": 3273,
        "website": "",
        "description": "",
        "osm_id": 8279435348
      },
      "geometry": {
        "type": "Point",
        "coordinates": [
          7.4223929,
          45.6683782
        ]
      }
    },
    {
      "type": "Feature",
      "properties": {
        "id": 8297623349,
        "name": "Punta di Mezzo",
        "type": "peak",
        "elevation": 1227,
        "sort_elevation": 1227,
        "website": "",
        "description": "",
        "osm_id": 8297623349
      },
      "geometry": {
        "type": "Point",
        "coordinates": [
          8.7613506,
          45.8693349
        ]
      }
    },
    {
      "type": "Feature",
      "properties": {
        "id": 8407593887,
        "name": "Motta Rossa",
        "type": "peak",
        "elevation": 690,
        "sort_elevation": 690,
        "website": "",
        "description": "",
        "osm_id": 8407593887
      },
      "geometry": {
        "type": "Point",
        "coordinates": [
          8.5477008,
          45.8498881
        ]
      }
    },
    {
      "type": "Feature",
      "properties": {
        "id": 8591733140,
        "name": "Tête des Roèses",
        "type": "peak",
        "elevation": 3216,
        "sort_elevation": 3216,
        "website": "",
        "description": "",
        "osm_id": 8591733140
      },
      "geometry": {
        "type": "Point",
        "coordinates": [
          7.576242,
          45.9494827
        ]
      }
    },
    {
      "type": "Feature",
      "properties": {
        "id": 8591741771,
        "name": "Punta dei Cors",
        "type": "peak",
        "elevation": 3849,
        "sort_elevation": 3849,
        "website": "",
        "description": "",
        "osm_id": 8591741771
      },
      "geometry": {
        "type": "Point",
        "coordinates": [
          7.601439,
          45.9499512
        ]
      }
    },
    {
      "type": "Feature",
      "properties": {
        "id": 8629069995,
        "name": "Bec Forcü",
        "type": "peak",
        "elevation": 3106,
        "sort_elevation": 3106,
        "website": "",
        "description": "",
        "osm_id": 8629069995
      },
      "geometry": {
        "type": "Point",
        "coordinates": [
          7.7822447,
          45.8383167
        ]
      }
    },
    {
      "type": "Feature",
      "properties": {
        "id": 8632962886,
        "name": "Patrìc",
        "type": "peak",
        "elevation": 1693,
        "sort_elevation": 1693,
        "website": "",
        "description": "",
        "osm_id": 8632962886
      },
      "geometry": {
        "type": "Point",
        "coordinates": [
          8.1777772,
          45.7759858
        ]
      }
    },
    {
      "type": "Feature",
      "properties": {
        "id": 8633702697,
        "name": "Cima Costa Portone",
        "type": "peak",
        "elevation": 1353,
        "sort_elevation": 1353,
        "website": "",
        "description": "",
        "osm_id": 8633702697
      },
      "geometry": {
        "type": "Point",
        "coordinates": [
          8.1659102,
          45.7936589
        ]
      }
    },
    {
      "type": "Feature",
      "properties": {
        "id": 8648929770,
        "name": "Tono di Nona",
        "type": "peak",
        "elevation": 1248,
        "sort_elevation": 1248,
        "website": "",
        "description": "",
        "osm_id": 8648929770
      },
      "geometry": {
        "type": "Point",
        "coordinates": [
          8.2293307,
          45.842686
        ]
      }
    },
    {
      "type": "Feature",
      "properties": {
        "id": 8648929771,
        "name": "Tono Piatto",
        "type": "peak",
        "elevation": 1179,
        "sort_elevation": 1179,
        "website": "",
        "description": "",
        "osm_id": 8648929771
      },
      "geometry": {
        "type": "Point",
        "coordinates": [
          8.2306356,
          45.8437717
        ]
      }
    },
    {
      "type": "Feature",
      "properties": {
        "id": 8648929772,
        "name": "Tono della Selva",
        "type": "peak",
        "elevation": 1015,
        "sort_elevation": 1015,
        "website": "",
        "description": "",
        "osm_id": 8648929772
      },
      "geometry": {
        "type": "Point",
        "coordinates": [
          8.2340959,
          45.8485527
        ]
      }
    },
    {
      "type": "Feature",
      "properties": {
        "id": 8648929773,
        "name": "Tono dei Turchi",
        "type": "peak",
        "elevation": 1145,
        "sort_elevation": 1145,
        "website": "",
        "description": "",
        "osm_id": 8648929773
      },
      "geometry": {
        "type": "Point",
        "coordinates": [
          8.232428,
          45.8460413
        ]
      }
    },
    {
      "type": "Feature",
      "properties": {
        "id": 8707937167,
        "name": "Turio",
        "type": "peak",
        "elevation": 1126,
        "sort_elevation": 1126,
        "website": "",
        "description": "",
        "osm_id": 8707937167
      },
      "geometry": {
        "type": "Point",
        "coordinates": [
          8.2014388,
          45.8790371
        ]
      }
    },
    {
      "type": "Feature",
      "properties": {
        "id": 8741993556,
        "name": "Bivacco Ernesto Ménabréaz",
        "type": "bivouac",
        "elevation": 2546,
        "sort_elevation": 2546,
        "website": "https://www.comune.brissogne.ao.it/vivere-il-territorio/informazioni-utili/bivacco-menabreaz",
        "description": "E' dotato di 12 posti letto, coperte, fornello a gas, luce, pentolame vario e stufa a legna.",
        "osm_id": 8741993556
      },
      "geometry": {
        "type": "Point",
        "coordinates": [
          7.4092151,
          45.6853693
        ]
      }
    },
    {
      "type": "Feature",
      "properties": {
        "id": 8744636078,
        "name": "Sass Bos",
        "type": "peak",
        "elevation": "N/D",
        "sort_elevation": 0,
        "website": "",
        "description": "",
        "osm_id": 8744636078
      },
      "geometry": {
        "type": "Point",
        "coordinates": [
          8.4929734,
          46.0561612
        ]
      }
    },
    {
      "type": "Feature",
      "properties": {
        "id": 8759074679,
        "name": "Punta del Miarel",
        "type": "peak",
        "elevation": 1283,
        "sort_elevation": 1283,
        "website": "",
        "description": "",
        "osm_id": 8759074679
      },
      "geometry": {
        "type": "Point",
        "coordinates": [
          8.1990859,
          45.8758841
        ]
      }
    },
    {
      "type": "Feature",
      "properties": {
        "id": 8772939717,
        "name": "Unknown (bivouac)",
        "type": "bivouac",
        "elevation": "N/D",
        "sort_elevation": 0,
        "website": "",
        "description": "",
        "osm_id": 8772939717
      },
      "geometry": {
        "type": "Point",
        "coordinates": [
          8.7551691,
          45.8498425
        ]
      }
    },
    {
      "type": "Feature",
      "properties": {
        "id": 8773607381,
        "name": "Pizzo Sautì",
        "type": "peak",
        "elevation": 1677,
        "sort_elevation": 1677,
        "website": "",
        "description": "",
        "osm_id": 8773607381
      },
      "geometry": {
        "type": "Point",
        "coordinates": [
          8.4188191,
          46.0075704
        ]
      }
    },
    {
      "type": "Feature",
      "properties": {
        "id": 8918665600,
        "name": "Dente di Sassoledo",
        "type": "peak",
        "elevation": "N/D",
        "sort_elevation": 0,
        "website": "",
        "description": "",
        "osm_id": 8918665600
      },
      "geometry": {
        "type": "Point",
        "coordinates": [
          8.3882111,
          46.1031198
        ]
      }
    },
    {
      "type": "Feature",
      "properties": {
        "id": 8925949718,
        "name": "Gornergrat",
        "type": "peak",
        "elevation": 3100,
        "sort_elevation": 3100,
        "website": "",
        "description": "",
        "osm_id": 8925949718
      },
      "geometry": {
        "type": "Point",
        "coordinates": [
          7.784337,
          45.9836051
        ]
      }
    },
    {
      "type": "Feature",
      "properties": {
        "id": 8929612185,
        "name": "Cima del Costone",
        "type": "peak",
        "elevation": 2387,
        "sort_elevation": 2387,
        "website": "",
        "description": "",
        "osm_id": 8929612185
      },
      "geometry": {
        "type": "Point",
        "coordinates": [
          7.9942831,
          45.8373963
        ]
      }
    },
    {
      "type": "Feature",
      "properties": {
        "id": 8943268301,
        "name": "Punta del Solivaccio",
        "type": "peak",
        "elevation": 2887,
        "sort_elevation": 2887,
        "website": "",
        "description": "",
        "osm_id": 8943268301
      },
      "geometry": {
        "type": "Point",
        "coordinates": [
          7.8817567,
          45.7726213
        ]
      }
    },
    {
      "type": "Feature",
      "properties": {
        "id": 9070534081,
        "name": "Il Vè",
        "type": "peak",
        "elevation": 2606,
        "sort_elevation": 2606,
        "website": "",
        "description": "",
        "osm_id": 9070534081
      },
      "geometry": {
        "type": "Point",
        "coordinates": [
          7.9888107,
          45.9127564
        ]
      }
    },
    {
      "type": "Feature",
      "properties": {
        "id": 9070906905,
        "name": "Hörnlihütte",
        "type": "hut",
        "elevation": 3260,
        "sort_elevation": 3260,
        "website": "https://hoernlihuette.ch/",
        "description": "",
        "osm_id": 9070906905
      },
      "geometry": {
        "type": "Point",
        "coordinates": [
          7.6770109,
          45.9821974
        ]
      }
    },
    {
      "type": "Feature",
      "properties": {
        "id": 9138049787,
        "name": "Colma del Lago",
        "type": "peak",
        "elevation": 2716,
        "sort_elevation": 2716,
        "website": "",
        "description": "Toponimo indicato dalla mappa Rabbini",
        "osm_id": 9138049787
      },
      "geometry": {
        "type": "Point",
        "coordinates": [
          7.9292768,
          45.7522118
        ]
      }
    },
    {
      "type": "Feature",
      "properties": {
        "id": 9140141161,
        "name": "Marigal",
        "type": "peak",
        "elevation": 2601,
        "sort_elevation": 2601,
        "website": "",
        "description": "",
        "osm_id": 9140141161
      },
      "geometry": {
        "type": "Point",
        "coordinates": [
          8.0710973,
          45.994996
        ]
      }
    },
    {
      "type": "Feature",
      "properties": {
        "id": 9177223082,
        "name": "Cima delle Pisse",
        "type": "peak",
        "elevation": 2572,
        "sort_elevation": 2572,
        "website": "",
        "description": "",
        "osm_id": 9177223082
      },
      "geometry": {
        "type": "Point",
        "coordinates": [
          8.0326282,
          45.931198
        ]
      }
    },
    {
      "type": "Feature",
      "properties": {
        "id": 9213690834,
        "name": "Marienhorn",
        "type": "peak",
        "elevation": 2766,
        "sort_elevation": 2766,
        "website": "",
        "description": "",
        "osm_id": 9213690834
      },
      "geometry": {
        "type": "Point",
        "coordinates": [
          7.828263,
          45.7212818
        ]
      }
    },
    {
      "type": "Feature",
      "properties": {
        "id": 9213860752,
        "name": "Corno del Lago Gabiet",
        "type": "peak",
        "elevation": 2581,
        "sort_elevation": 2581,
        "website": "",
        "description": "",
        "osm_id": 9213860752
      },
      "geometry": {
        "type": "Point",
        "coordinates": [
          7.8437716,
          45.8505461
        ]
      }
    },
    {
      "type": "Feature",
      "properties": {
        "id": 9233727405,
        "name": "Becca Bovet (Mont Rouge)",
        "type": "peak",
        "elevation": 3446,
        "sort_elevation": 3446,
        "website": "",
        "description": "",
        "osm_id": 9233727405
      },
      "geometry": {
        "type": "Point",
        "coordinates": [
          7.4718421,
          45.9192375
        ]
      }
    },
    {
      "type": "Feature",
      "properties": {
        "id": 9233727406,
        "name": "Pointe Balliano",
        "type": "peak",
        "elevation": 2793,
        "sort_elevation": 2793,
        "website": "",
        "description": "",
        "osm_id": 9233727406
      },
      "geometry": {
        "type": "Point",
        "coordinates": [
          7.4776449,
          45.9090428
        ]
      }
    },
    {
      "type": "Feature",
      "properties": {
        "id": 9233727407,
        "name": "Pointe Ollietti",
        "type": "peak",
        "elevation": 2985,
        "sort_elevation": 2985,
        "website": "",
        "description": "",
        "osm_id": 9233727407
      },
      "geometry": {
        "type": "Point",
        "coordinates": [
          7.4766308,
          45.9125295
        ]
      }
    },
    {
      "type": "Feature",
      "properties": {
        "id": 9233727408,
        "name": "Pointe Marguerettaz",
        "type": "peak",
        "elevation": 3153,
        "sort_elevation": 3153,
        "website": "",
        "description": "",
        "osm_id": 9233727408
      },
      "geometry": {
        "type": "Point",
        "coordinates": [
          7.4765555,
          45.9156394
        ]
      }
    },
    {
      "type": "Feature",
      "properties": {
        "id": 9233727409,
        "name": "Pointe Deffeyes",
        "type": "peak",
        "elevation": 3153,
        "sort_elevation": 3153,
        "website": "",
        "description": "",
        "osm_id": 9233727409
      },
      "geometry": {
        "type": "Point",
        "coordinates": [
          7.475788,
          45.9159429
        ]
      }
    },
    {
      "type": "Feature",
      "properties": {
        "id": 9233727410,
        "name": "Pointe Nourissat",
        "type": "peak",
        "elevation": 3319,
        "sort_elevation": 3319,
        "website": "",
        "description": "",
        "osm_id": 9233727410
      },
      "geometry": {
        "type": "Point",
        "coordinates": [
          7.4737072,
          45.9180457
        ]
      }
    },
    {
      "type": "Feature",
      "properties": {
        "id": 9233727411,
        "name": "Nez Bovet",
        "type": "peak",
        "elevation": 3332,
        "sort_elevation": 3332,
        "website": "",
        "description": "",
        "osm_id": 9233727411
      },
      "geometry": {
        "type": "Point",
        "coordinates": [
          7.47209,
          45.9219708
        ]
      }
    },
    {
      "type": "Feature",
      "properties": {
        "id": 9233727414,
        "name": "Pointe Gerlach",
        "type": "peak",
        "elevation": 3008,
        "sort_elevation": 3008,
        "website": "",
        "description": "",
        "osm_id": 9233727414
      },
      "geometry": {
        "type": "Point",
        "coordinates": [
          7.4905981,
          45.9179948
        ]
      }
    },
    {
      "type": "Feature",
      "properties": {
        "id": 9233732024,
        "name": "Pic de Charmontane",
        "type": "peak",
        "elevation": 3026,
        "sort_elevation": 3026,
        "website": "",
        "description": "",
        "osm_id": 9233732024
      },
      "geometry": {
        "type": "Point",
        "coordinates": [
          7.4178759,
          45.8992221
        ]
      }
    },
    {
      "type": "Feature",
      "properties": {
        "id": 9233732025,
        "name": "Mont de Charmontane",
        "type": "peak",
        "elevation": 2896,
        "sort_elevation": 2896,
        "website": "",
        "description": "",
        "osm_id": 9233732025
      },
      "geometry": {
        "type": "Point",
        "coordinates": [
          7.4178565,
          45.8945082
        ]
      }
    },
    {
      "type": "Feature",
      "properties": {
        "id": 9233763522,
        "name": "Pointe du Laurier Noir",
        "type": "peak",
        "elevation": 3373,
        "sort_elevation": 3373,
        "website": "",
        "description": "",
        "osm_id": 9233763522
      },
      "geometry": {
        "type": "Point",
        "coordinates": [
          7.5178863,
          45.9493073
        ]
      }
    },
    {
      "type": "Feature",
      "properties": {
        "id": 9233763525,
        "name": "Becca des Noires",
        "type": "peak",
        "elevation": 2973,
        "sort_elevation": 2973,
        "website": "",
        "description": "",
        "osm_id": 9233763525
      },
      "geometry": {
        "type": "Point",
        "coordinates": [
          7.5450786,
          45.9369927
        ]
      }
    },
    {
      "type": "Feature",
      "properties": {
        "id": 9233763526,
        "name": "Pointes des Noires",
        "type": "peak",
        "elevation": 3355,
        "sort_elevation": 3355,
        "website": "",
        "description": "",
        "osm_id": 9233763526
      },
      "geometry": {
        "type": "Point",
        "coordinates": [
          7.5386197,
          45.9428253
        ]
      }
    },
    {
      "type": "Feature",
      "properties": {
        "id": 9289897848,
        "name": "Punta Giordano",
        "type": "peak",
        "elevation": 3878,
        "sort_elevation": 3878,
        "website": "",
        "description": "",
        "osm_id": 9289897848
      },
      "geometry": {
        "type": "Point",
        "coordinates": [
          7.5971988,
          45.9456406
        ]
      }
    },
    {
      "type": "Feature",
      "properties": {
        "id": 9289904600,
        "name": "Grande Tête de Bella Tsa",
        "type": "peak",
        "elevation": 2917,
        "sort_elevation": 2917,
        "website": "",
        "description": "",
        "osm_id": 9289904600
      },
      "geometry": {
        "type": "Point",
        "coordinates": [
          7.5757599,
          45.9354677
        ]
      }
    },
    {
      "type": "Feature",
      "properties": {
        "id": 9289906476,
        "name": "Becca de Guin",
        "type": "peak",
        "elevation": 3802,
        "sort_elevation": 3802,
        "website": "",
        "description": "",
        "osm_id": 9289906476
      },
      "geometry": {
        "type": "Point",
        "coordinates": [
          7.5915635,
          45.9418395
        ]
      }
    },
    {
      "type": "Feature",
      "properties": {
        "id": 9312399519,
        "name": "Massola",
        "type": "peak",
        "elevation": 922,
        "sort_elevation": 922,
        "website": "",
        "description": "",
        "osm_id": 9312399519
      },
      "geometry": {
        "type": "Point",
        "coordinates": [
          8.1914388,
          45.7272686
        ]
      }
    },
    {
      "type": "Feature",
      "properties": {
        "id": 9425858364,
        "name": "Rifugio Rodolfo Zamboni e Mario Zappa",
        "type": "hut",
        "elevation": 2066,
        "sort_elevation": 2066,
        "website": "http://www.rifugiozamboni.com/zamboni-zappa-berghutte/",
        "description": "",
        "osm_id": 9425858364
      },
      "geometry": {
        "type": "Point",
        "coordinates": [
          7.9178986,
          45.9531605
        ]
      }
    },
    {
      "type": "Feature",
      "properties": {
        "id": 9427920986,
        "name": "Masso della Farina",
        "type": "peak",
        "elevation": 1712,
        "sort_elevation": 1712,
        "website": "",
        "description": "",
        "osm_id": 9427920986
      },
      "geometry": {
        "type": "Point",
        "coordinates": [
          8.1656639,
          45.733809
        ]
      }
    },
    {
      "type": "Feature",
      "properties": {
        "id": 9427920987,
        "name": "Il Troc",
        "type": "peak",
        "elevation": 1369,
        "sort_elevation": 1369,
        "website": "",
        "description": "",
        "osm_id": 9427920987
      },
      "geometry": {
        "type": "Point",
        "coordinates": [
          8.1594154,
          45.7476673
        ]
      }
    },
    {
      "type": "Feature",
      "properties": {
        "id": 9427942452,
        "name": "Rifugio CAI di Saronno",
        "type": "hut",
        "elevation": 1827,
        "sort_elevation": 1827,
        "website": "https://www.caisaronno.it/pagine/info/",
        "description": "",
        "osm_id": 9427942452
      },
      "geometry": {
        "type": "Point",
        "coordinates": [
          7.9247367,
          45.9664359
        ]
      }
    },
    {
      "type": "Feature",
      "properties": {
        "id": 9427942453,
        "name": "Rifugio Gaspare Oberto e Paolo Maroli",
        "type": "hut",
        "elevation": "N/D",
        "sort_elevation": 0,
        "website": "",
        "description": "",
        "osm_id": 9427942453
      },
      "geometry": {
        "type": "Point",
        "coordinates": [
          7.9788314,
          45.9965146
        ]
      }
    },
    {
      "type": "Feature",
      "properties": {
        "id": 9427942454,
        "name": "Bivacco Mauro Borretti e Walter Schranz",
        "type": "bivouac",
        "elevation": "N/D",
        "sort_elevation": 0,
        "website": "",
        "description": "",
        "osm_id": 9427942454
      },
      "geometry": {
        "type": "Point",
        "coordinates": [
          7.9722455,
          45.9512934
        ]
      }
    },
    {
      "type": "Feature",
      "properties": {
        "id": 9430816637,
        "name": "Cima di Celogn",
        "type": "peak",
        "elevation": 1671,
        "sort_elevation": 1671,
        "website": "",
        "description": "",
        "osm_id": 9430816637
      },
      "geometry": {
        "type": "Point",
        "coordinates": [
          8.1643262,
          45.7621858
        ]
      }
    },
    {
      "type": "Feature",
      "properties": {
        "id": 9456765597,
        "name": "La Scaia",
        "type": "peak",
        "elevation": 1448,
        "sort_elevation": 1448,
        "website": "",
        "description": "",
        "osm_id": 9456765597
      },
      "geometry": {
        "type": "Point",
        "coordinates": [
          8.1749581,
          45.7436224
        ]
      }
    },
    {
      "type": "Feature",
      "properties": {
        "id": 9458794754,
        "name": "Pizzo di Costaccia",
        "type": "peak",
        "elevation": 968,
        "sort_elevation": 968,
        "website": "",
        "description": "",
        "osm_id": 9458794754
      },
      "geometry": {
        "type": "Point",
        "coordinates": [
          8.6484878,
          45.9136873
        ]
      }
    },
    {
      "type": "Feature",
      "properties": {
        "id": 9459181268,
        "name": "Monte Selva",
        "type": "peak",
        "elevation": 1251,
        "sort_elevation": 1251,
        "website": "",
        "description": "",
        "osm_id": 9459181268
      },
      "geometry": {
        "type": "Point",
        "coordinates": [
          8.171979,
          45.8867361
        ]
      }
    },
    {
      "type": "Feature",
      "properties": {
        "id": 9503044521,
        "name": "Turio",
        "type": "peak",
        "elevation": 1372,
        "sort_elevation": 1372,
        "website": "",
        "description": "",
        "osm_id": 9503044521
      },
      "geometry": {
        "type": "Point",
        "coordinates": [
          8.1957894,
          45.877187
        ]
      }
    },
    {
      "type": "Feature",
      "properties": {
        "id": 9520372017,
        "name": "Motto del Balmo",
        "type": "peak",
        "elevation": 1069,
        "sort_elevation": 1069,
        "website": "",
        "description": "",
        "osm_id": 9520372017
      },
      "geometry": {
        "type": "Point",
        "coordinates": [
          8.1350198,
          45.9785616
        ]
      }
    },
    {
      "type": "Feature",
      "properties": {
        "id": 9577418106,
        "name": "Becchi di Bertolino",
        "type": "peak",
        "elevation": 2193,
        "sort_elevation": 2193,
        "website": "",
        "description": "",
        "osm_id": 9577418106
      },
      "geometry": {
        "type": "Point",
        "coordinates": [
          7.7329373,
          45.5362649
        ]
      }
    },
    {
      "type": "Feature",
      "properties": {
        "id": 9577418112,
        "name": "Bec dei Binej",
        "type": "peak",
        "elevation": 2268,
        "sort_elevation": 2268,
        "website": "",
        "description": "",
        "osm_id": 9577418112
      },
      "geometry": {
        "type": "Point",
        "coordinates": [
          7.73283,
          45.5405935
        ]
      }
    },
    {
      "type": "Feature",
      "properties": {
        "id": 9581663944,
        "name": "Sasso Alto",
        "type": "peak",
        "elevation": 1536,
        "sort_elevation": 1536,
        "website": "",
        "description": "",
        "osm_id": 9581663944
      },
      "geometry": {
        "type": "Point",
        "coordinates": [
          8.2224901,
          45.8759355
        ]
      }
    },
    {
      "type": "Feature",
      "properties": {
        "id": 9592371651,
        "name": "Motta del Santo",
        "type": "peak",
        "elevation": 520,
        "sort_elevation": 520,
        "website": "",
        "description": "",
        "osm_id": 9592371651
      },
      "geometry": {
        "type": "Point",
        "coordinates": [
          8.5494626,
          45.8698624
        ]
      }
    },
    {
      "type": "Feature",
      "properties": {
        "id": 9592374364,
        "name": "Motta Vinea",
        "type": "peak",
        "elevation": 567,
        "sort_elevation": 567,
        "website": "",
        "description": "",
        "osm_id": 9592374364
      },
      "geometry": {
        "type": "Point",
        "coordinates": [
          8.5411531,
          45.8683459
        ]
      }
    },
    {
      "type": "Feature",
      "properties": {
        "id": 9611548270,
        "name": "Ul ZüKar",
        "type": "peak",
        "elevation": 1860,
        "sort_elevation": 1860,
        "website": "",
        "description": "",
        "osm_id": 9611548270
      },
      "geometry": {
        "type": "Point",
        "coordinates": [
          8.1708395,
          45.970289
        ]
      }
    },
    {
      "type": "Feature",
      "properties": {
        "id": 9621866400,
        "name": "Cima Vineggio",
        "type": "peak",
        "elevation": 1773,
        "sort_elevation": 1773,
        "website": "",
        "description": "",
        "osm_id": 9621866400
      },
      "geometry": {
        "type": "Point",
        "coordinates": [
          8.3298231,
          45.9566049
        ]
      }
    },
    {
      "type": "Feature",
      "properties": {
        "id": 9673588110,
        "name": "Piramide del Molinaccio",
        "type": "peak",
        "elevation": 1486,
        "sort_elevation": 1486,
        "website": "",
        "description": "",
        "osm_id": 9673588110
      },
      "geometry": {
        "type": "Point",
        "coordinates": [
          8.1523755,
          45.7460631
        ]
      }
    },
    {
      "type": "Feature",
      "properties": {
        "id": 9710278089,
        "name": "Balma Rossa",
        "type": "peak",
        "elevation": 1711,
        "sort_elevation": 1711,
        "website": "",
        "description": "Toponimo che pare essere collocato in questa posizione nella mappa Rabbini e nella mappa del 1759",
        "osm_id": 9710278089
      },
      "geometry": {
        "type": "Point",
        "coordinates": [
          8.2228777,
          45.8828929
        ]
      }
    },
    {
      "type": "Feature",
      "properties": {
        "id": 9715936196,
        "name": "Preia Rossa",
        "type": "peak",
        "elevation": 1605,
        "sort_elevation": 1605,
        "website": "",
        "description": "",
        "osm_id": 9715936196
      },
      "geometry": {
        "type": "Point",
        "coordinates": [
          8.2244283,
          45.8798013
        ]
      }
    },
    {
      "type": "Feature",
      "properties": {
        "id": 9719868802,
        "name": "Il Pizzo",
        "type": "peak",
        "elevation": "N/D",
        "sort_elevation": 0,
        "website": "",
        "description": "",
        "osm_id": 9719868802
      },
      "geometry": {
        "type": "Point",
        "coordinates": [
          8.2143346,
          45.8725723
        ]
      }
    },
    {
      "type": "Feature",
      "properties": {
        "id": 9719868803,
        "name": "La Schiena",
        "type": "peak",
        "elevation": 1139,
        "sort_elevation": 1139,
        "website": "",
        "description": "",
        "osm_id": 9719868803
      },
      "geometry": {
        "type": "Point",
        "coordinates": [
          8.2113648,
          45.8722616
        ]
      }
    },
    {
      "type": "Feature",
      "properties": {
        "id": 9719937060,
        "name": "Or dal Feru",
        "type": "peak",
        "elevation": 1243,
        "sort_elevation": 1243,
        "website": "",
        "description": "",
        "osm_id": 9719937060
      },
      "geometry": {
        "type": "Point",
        "coordinates": [
          8.2236646,
          45.8666742
        ]
      }
    },
    {
      "type": "Feature",
      "properties": {
        "id": 9749241699,
        "name": "Mottone o Monte Cigina",
        "type": "peak",
        "elevation": 2422,
        "sort_elevation": 2422,
        "website": "",
        "description": "",
        "osm_id": 9749241699
      },
      "geometry": {
        "type": "Point",
        "coordinates": [
          8.1201118,
          46.0264013
        ]
      }
    },
    {
      "type": "Feature",
      "properties": {
        "id": 9796559041,
        "name": "Rothahora",
        "type": "peak",
        "elevation": "N/D",
        "sort_elevation": 0,
        "website": "",
        "description": "",
        "osm_id": 9796559041
      },
      "geometry": {
        "type": "Point",
        "coordinates": [
          8.3717104,
          45.95985
        ]
      }
    },
    {
      "type": "Feature",
      "properties": {
        "id": 9818825950,
        "name": "Q. 2920",
        "type": "peak",
        "elevation": "N/D",
        "sort_elevation": 0,
        "website": "",
        "description": "",
        "osm_id": 9818825950
      },
      "geometry": {
        "type": "Point",
        "coordinates": [
          7.8850253,
          45.7604301
        ]
      }
    },
    {
      "type": "Feature",
      "properties": {
        "id": 9925752436,
        "name": "La Ciapej",
        "type": "peak",
        "elevation": 2645,
        "sort_elevation": 2645,
        "website": "",
        "description": "Toponimo indicato nella mappa Rabbini",
        "osm_id": 9925752436
      },
      "geometry": {
        "type": "Point",
        "coordinates": [
          7.9188442,
          45.7662968
        ]
      }
    },
    {
      "type": "Feature",
      "properties": {
        "id": 9930416181,
        "name": "Q. 2568",
        "type": "peak",
        "elevation": "N/D",
        "sort_elevation": 0,
        "website": "",
        "description": "",
        "osm_id": 9930416181
      },
      "geometry": {
        "type": "Point",
        "coordinates": [
          7.9091851,
          45.8233255
        ]
      }
    },
    {
      "type": "Feature",
      "properties": {
        "id": 9932674876,
        "name": "La Busa",
        "type": "peak",
        "elevation": 2662,
        "sort_elevation": 2662,
        "website": "",
        "description": "Toponimo indicato nella mappa Rabbini",
        "osm_id": 9932674876
      },
      "geometry": {
        "type": "Point",
        "coordinates": [
          7.9279373,
          45.7813557
        ]
      }
    },
    {
      "type": "Feature",
      "properties": {
        "id": 9948976993,
        "name": "Costa Balmone",
        "type": "peak",
        "elevation": 2534,
        "sort_elevation": 2534,
        "website": "",
        "description": "",
        "osm_id": 9948976993
      },
      "geometry": {
        "type": "Point",
        "coordinates": [
          7.9144968,
          45.8246407
        ]
      }
    },
    {
      "type": "Feature",
      "properties": {
        "id": 9975081578,
        "name": "Pizzo di Mezzodi",
        "type": "peak",
        "elevation": 1806,
        "sort_elevation": 1806,
        "website": "",
        "description": "",
        "osm_id": 9975081578
      },
      "geometry": {
        "type": "Point",
        "coordinates": [
          8.575798,
          46.1808114
        ]
      }
    },
    {
      "type": "Feature",
      "properties": {
        "id": 9975123409,
        "name": "Mataruch",
        "type": "peak",
        "elevation": 1152,
        "sort_elevation": 1152,
        "website": "",
        "description": "",
        "osm_id": 9975123409
      },
      "geometry": {
        "type": "Point",
        "coordinates": [
          8.6170163,
          46.1921312
        ]
      }
    },
    {
      "type": "Feature",
      "properties": {
        "id": 9988617475,
        "name": "Palon di Nana",
        "type": "peak",
        "elevation": 2764,
        "sort_elevation": 2764,
        "website": "",
        "description": "",
        "osm_id": 9988617475
      },
      "geometry": {
        "type": "Point",
        "coordinates": [
          7.706653,
          45.8619549
        ]
      }
    },
    {
      "type": "Feature",
      "properties": {
        "id": 10011642491,
        "name": "Spiz Becco",
        "type": "peak",
        "elevation": 2043,
        "sort_elevation": 2043,
        "website": "",
        "description": "",
        "osm_id": 10011642491
      },
      "geometry": {
        "type": "Point",
        "coordinates": [
          8.1074103,
          45.9307581
        ]
      }
    },
    {
      "type": "Feature",
      "properties": {
        "id": 10042819998,
        "name": "Ul Pasctròn",
        "type": "peak",
        "elevation": 2355,
        "sort_elevation": 2355,
        "website": "",
        "description": "",
        "osm_id": 10042819998
      },
      "geometry": {
        "type": "Point",
        "coordinates": [
          8.0912001,
          45.923202
        ]
      }
    },
    {
      "type": "Feature",
      "properties": {
        "id": 10042819999,
        "name": "Cimonetto",
        "type": "peak",
        "elevation": 2494,
        "sort_elevation": 2494,
        "website": "",
        "description": "",
        "osm_id": 10042819999
      },
      "geometry": {
        "type": "Point",
        "coordinates": [
          8.0739607,
          45.9298629
        ]
      }
    },
    {
      "type": "Feature",
      "properties": {
        "id": 10063860258,
        "name": "Punta Vallera",
        "type": "peak",
        "elevation": 2435,
        "sort_elevation": 2435,
        "website": "",
        "description": "",
        "osm_id": 10063860258
      },
      "geometry": {
        "type": "Point",
        "coordinates": [
          7.6746911,
          45.5531054
        ]
      }
    },
    {
      "type": "Feature",
      "properties": {
        "id": 10087149807,
        "name": "Crus dul Jacam",
        "type": "peak",
        "elevation": 1991,
        "sort_elevation": 1991,
        "website": "",
        "description": "",
        "osm_id": 10087149807
      },
      "geometry": {
        "type": "Point",
        "coordinates": [
          8.1680603,
          45.9528549
        ]
      }
    },
    {
      "type": "Feature",
      "properties": {
        "id": 10087149809,
        "name": "Piz di Galìn o Cima Jacumin",
        "type": "peak",
        "elevation": 1963,
        "sort_elevation": 1963,
        "website": "",
        "description": "",
        "osm_id": 10087149809
      },
      "geometry": {
        "type": "Point",
        "coordinates": [
          8.1667041,
          45.9553164
        ]
      }
    },
    {
      "type": "Feature",
      "properties": {
        "id": 10167539308,
        "name": "Schönbielhütte SAC",
        "type": "hut",
        "elevation": 2694,
        "sort_elevation": 2694,
        "website": "https://www.section-monte-rosa.ch/",
        "description": "",
        "osm_id": 10167539308
      },
      "geometry": {
        "type": "Point",
        "coordinates": [
          7.6289566,
          46.00198
        ]
      }
    },
    {
      "type": "Feature",
      "properties": {
        "id": 10167629346,
        "name": "Cabane des Vignettes CAS",
        "type": "hut",
        "elevation": 3160,
        "sort_elevation": 3160,
        "website": "https://cabane-des-vignettes.ch/",
        "description": "",
        "osm_id": 10167629346
      },
      "geometry": {
        "type": "Point",
        "coordinates": [
          7.4757407,
          45.9897933
        ]
      }
    },
    {
      "type": "Feature",
      "properties": {
        "id": 10202199747,
        "name": "Gran Munt",
        "type": "peak",
        "elevation": "N/D",
        "sort_elevation": 0,
        "website": "",
        "description": "",
        "osm_id": 10202199747
      },
      "geometry": {
        "type": "Point",
        "coordinates": [
          7.6633025,
          45.5028063
        ]
      }
    },
    {
      "type": "Feature",
      "properties": {
        "id": 10222103427,
        "name": "Cima di Ganda Rossa",
        "type": "peak",
        "elevation": 2043,
        "sort_elevation": 2043,
        "website": "",
        "description": "",
        "osm_id": 10222103427
      },
      "geometry": {
        "type": "Point",
        "coordinates": [
          8.5236032,
          46.1699076
        ]
      }
    },
    {
      "type": "Feature",
      "properties": {
        "id": 10248664830,
        "name": "Galerno",
        "type": "peak",
        "elevation": 1778,
        "sort_elevation": 1778,
        "website": "",
        "description": "",
        "osm_id": 10248664830
      },
      "geometry": {
        "type": "Point",
        "coordinates": [
          8.1905528,
          45.7815551
        ]
      }
    },
    {
      "type": "Feature",
      "properties": {
        "id": 10267423279,
        "name": "Cima Camughera",
        "type": "peak",
        "elevation": 2249,
        "sort_elevation": 2249,
        "website": "",
        "description": "",
        "osm_id": 10267423279
      },
      "geometry": {
        "type": "Point",
        "coordinates": [
          8.1803358,
          46.094641
        ]
      }
    },
    {
      "type": "Feature",
      "properties": {
        "id": 10271321744,
        "name": "Cima di Bracco",
        "type": "peak",
        "elevation": 1478,
        "sort_elevation": 1478,
        "website": "",
        "description": "",
        "osm_id": 10271321744
      },
      "geometry": {
        "type": "Point",
        "coordinates": [
          8.217792,
          45.7926024
        ]
      }
    },
    {
      "type": "Feature",
      "properties": {
        "id": 10280568951,
        "name": "Pizzo la Colma",
        "type": "peak",
        "elevation": 1827,
        "sort_elevation": 1827,
        "website": "",
        "description": "",
        "osm_id": 10280568951
      },
      "geometry": {
        "type": "Point",
        "coordinates": [
          8.3750859,
          46.0215236
        ]
      }
    },
    {
      "type": "Feature",
      "properties": {
        "id": 10291558982,
        "name": "Berra",
        "type": "peak",
        "elevation": 1106,
        "sort_elevation": 1106,
        "website": "",
        "description": "",
        "osm_id": 10291558982
      },
      "geometry": {
        "type": "Point",
        "coordinates": [
          8.2140059,
          45.8086326
        ]
      }
    },
    {
      "type": "Feature",
      "properties": {
        "id": 10297305258,
        "name": "Turinel",
        "type": "peak",
        "elevation": "N/D",
        "sort_elevation": 0,
        "website": "",
        "description": "",
        "osm_id": 10297305258
      },
      "geometry": {
        "type": "Point",
        "coordinates": [
          8.4194229,
          46.0071429
        ]
      }
    },
    {
      "type": "Feature",
      "properties": {
        "id": 10302106312,
        "name": "Monte Zuoli",
        "type": "peak",
        "elevation": 501,
        "sort_elevation": 501,
        "website": "",
        "description": "",
        "osm_id": 10302106312
      },
      "geometry": {
        "type": "Point",
        "coordinates": [
          8.3829817,
          45.8618634
        ]
      }
    },
    {
      "type": "Feature",
      "properties": {
        "id": 10313738699,
        "name": "La Montaleine",
        "type": "peak",
        "elevation": 2527,
        "sort_elevation": 2527,
        "website": "",
        "description": "",
        "osm_id": 10313738699
      },
      "geometry": {
        "type": "Point",
        "coordinates": [
          7.6019621,
          45.5225128
        ]
      }
    },
    {
      "type": "Feature",
      "properties": {
        "id": 10313767625,
        "name": "Monte Gojassa",
        "type": "peak",
        "elevation": 2674,
        "sort_elevation": 2674,
        "website": "",
        "description": "",
        "osm_id": 10313767625
      },
      "geometry": {
        "type": "Point",
        "coordinates": [
          7.6104129,
          45.5217735
        ]
      }
    },
    {
      "type": "Feature",
      "properties": {
        "id": 10313775685,
        "name": "Cima La Rocco",
        "type": "peak",
        "elevation": 2270,
        "sort_elevation": 2270,
        "website": "",
        "description": "",
        "osm_id": 10313775685
      },
      "geometry": {
        "type": "Point",
        "coordinates": [
          7.5835614,
          45.5274431
        ]
      }
    },
    {
      "type": "Feature",
      "properties": {
        "id": 10313775686,
        "name": "Monte Rossin",
        "type": "peak",
        "elevation": "N/D",
        "sort_elevation": 0,
        "website": "",
        "description": "",
        "osm_id": 10313775686
      },
      "geometry": {
        "type": "Point",
        "coordinates": [
          7.5746835,
          45.5220605
        ]
      }
    },
    {
      "type": "Feature",
      "properties": {
        "id": 10564797328,
        "name": "Il Faggio",
        "type": "peak",
        "elevation": "N/D",
        "sort_elevation": 0,
        "website": "",
        "description": "",
        "osm_id": 10564797328
      },
      "geometry": {
        "type": "Point",
        "coordinates": [
          8.386193,
          46.0088198
        ]
      }
    },
    {
      "type": "Feature",
      "properties": {
        "id": 10600631063,
        "name": "Monte Camoscio",
        "type": "peak",
        "elevation": 890,
        "sort_elevation": 890,
        "website": "",
        "description": "",
        "osm_id": 10600631063
      },
      "geometry": {
        "type": "Point",
        "coordinates": [
          8.4719459,
          45.9149821
        ]
      }
    },
    {
      "type": "Feature",
      "properties": {
        "id": 10699724471,
        "name": "Monte Rotondo",
        "type": "peak",
        "elevation": 1031,
        "sort_elevation": 1031,
        "website": "",
        "description": "",
        "osm_id": 10699724471
      },
      "geometry": {
        "type": "Point",
        "coordinates": [
          8.5773298,
          46.1645451
        ]
      }
    },
    {
      "type": "Feature",
      "properties": {
        "id": 10712627193,
        "name": "La Cassorte",
        "type": "peak",
        "elevation": 3301,
        "sort_elevation": 3301,
        "website": "",
        "description": "",
        "osm_id": 10712627193
      },
      "geometry": {
        "type": "Point",
        "coordinates": [
          7.4352971,
          46.0354149
        ]
      }
    },
    {
      "type": "Feature",
      "properties": {
        "id": 10718516051,
        "name": "Pizzo dei Laghetti",
        "type": "peak",
        "elevation": 1879,
        "sort_elevation": 1879,
        "website": "",
        "description": "",
        "osm_id": 10718516051
      },
      "geometry": {
        "type": "Point",
        "coordinates": [
          8.6591135,
          46.1277518
        ]
      }
    },
    {
      "type": "Feature",
      "properties": {
        "id": 10839151428,
        "name": "Prinai",
        "type": "peak",
        "elevation": 1911,
        "sort_elevation": 1911,
        "website": "",
        "description": "",
        "osm_id": 10839151428
      },
      "geometry": {
        "type": "Point",
        "coordinates": [
          8.1370743,
          45.7502788
        ]
      }
    },
    {
      "type": "Feature",
      "properties": {
        "id": 10839594761,
        "name": "Dente della Garavanna",
        "type": "peak",
        "elevation": 1590,
        "sort_elevation": 1590,
        "website": "",
        "description": "",
        "osm_id": 10839594761
      },
      "geometry": {
        "type": "Point",
        "coordinates": [
          8.1648826,
          45.7603319
        ]
      }
    },
    {
      "type": "Feature",
      "properties": {
        "id": 10853572569,
        "name": "Cima Brenvetto",
        "type": "peak",
        "elevation": 1802,
        "sort_elevation": 1802,
        "website": "",
        "description": "",
        "osm_id": 10853572569
      },
      "geometry": {
        "type": "Point",
        "coordinates": [
          7.570195,
          45.5440495
        ]
      }
    },
    {
      "type": "Feature",
      "properties": {
        "id": 10853593757,
        "name": "Punta Vallon",
        "type": "peak",
        "elevation": 1861,
        "sort_elevation": 1861,
        "website": "",
        "description": "",
        "osm_id": 10853593757
      },
      "geometry": {
        "type": "Point",
        "coordinates": [
          7.5665814,
          45.5209838
        ]
      }
    },
    {
      "type": "Feature",
      "properties": {
        "id": 10971767991,
        "name": "Rifugio Nivolastro",
        "type": "hut",
        "elevation": 1434,
        "sort_elevation": 1434,
        "website": "",
        "description": "",
        "osm_id": 10971767991
      },
      "geometry": {
        "type": "Point",
        "coordinates": [
          7.5430023,
          45.5080262
        ]
      }
    },
    {
      "type": "Feature",
      "properties": {
        "id": 10973465034,
        "name": "La Cima",
        "type": "peak",
        "elevation": 1707,
        "sort_elevation": 1707,
        "website": "",
        "description": "",
        "osm_id": 10973465034
      },
      "geometry": {
        "type": "Point",
        "coordinates": [
          7.7861189,
          45.5311152
        ]
      }
    },
    {
      "type": "Feature",
      "properties": {
        "id": 10979285246,
        "name": "Cima Penninetto",
        "type": "peak",
        "elevation": 2045,
        "sort_elevation": 2045,
        "website": "",
        "description": "",
        "osm_id": 10979285246
      },
      "geometry": {
        "type": "Point",
        "coordinates": [
          8.2303481,
          45.9212942
        ]
      }
    },
    {
      "type": "Feature",
      "properties": {
        "id": 10979285247,
        "name": "Pizzo del Crac",
        "type": "peak",
        "elevation": 2060,
        "sort_elevation": 2060,
        "website": "",
        "description": "",
        "osm_id": 10979285247
      },
      "geometry": {
        "type": "Point",
        "coordinates": [
          8.2360579,
          45.9163731
        ]
      }
    },
    {
      "type": "Feature",
      "properties": {
        "id": 10979285249,
        "name": "Gratischer",
        "type": "peak",
        "elevation": 2023,
        "sort_elevation": 2023,
        "website": "",
        "description": "",
        "osm_id": 10979285249
      },
      "geometry": {
        "type": "Point",
        "coordinates": [
          8.2222584,
          45.9224011
        ]
      }
    },
    {
      "type": "Feature",
      "properties": {
        "id": 11001978899,
        "name": "Il Pizzone",
        "type": "peak",
        "elevation": 1055,
        "sort_elevation": 1055,
        "website": "",
        "description": "",
        "osm_id": 11001978899
      },
      "geometry": {
        "type": "Point",
        "coordinates": [
          8.4580119,
          45.9939098
        ]
      }
    },
    {
      "type": "Feature",
      "properties": {
        "id": 11020064063,
        "name": "Cresta di Capia",
        "type": "peak",
        "elevation": 2325,
        "sort_elevation": 2325,
        "website": "",
        "description": "",
        "osm_id": 11020064063
      },
      "geometry": {
        "type": "Point",
        "coordinates": [
          8.039537,
          45.9921131
        ]
      }
    },
    {
      "type": "Feature",
      "properties": {
        "id": 11033025595,
        "name": "Bivacco Alpe Cort di Sopra",
        "type": "bivouac",
        "elevation": "N/D",
        "sort_elevation": 0,
        "website": "",
        "description": "",
        "osm_id": 11033025595
      },
      "geometry": {
        "type": "Point",
        "coordinates": [
          8.3355488,
          46.0377971
        ]
      }
    },
    {
      "type": "Feature",
      "properties": {
        "id": 11040332947,
        "name": "Bivacco Cortina",
        "type": "bivouac",
        "elevation": 1418,
        "sort_elevation": 1418,
        "website": "",
        "description": "",
        "osm_id": 11040332947
      },
      "geometry": {
        "type": "Point",
        "coordinates": [
          8.3871046,
          46.1462702
        ]
      }
    },
    {
      "type": "Feature",
      "properties": {
        "id": 11049916068,
        "name": "Cimone d'Olocchia",
        "type": "peak",
        "elevation": 2488,
        "sort_elevation": 2488,
        "website": "",
        "description": "",
        "osm_id": 11049916068
      },
      "geometry": {
        "type": "Point",
        "coordinates": [
          8.0716046,
          45.9320808
        ]
      }
    },
    {
      "type": "Feature",
      "properties": {
        "id": 11063882922,
        "name": "Monte Rosa Hütte",
        "type": "hut",
        "elevation": 2883,
        "sort_elevation": 2883,
        "website": "https://monterosahuette.ch",
        "description": "",
        "osm_id": 11063882922
      },
      "geometry": {
        "type": "Point",
        "coordinates": [
          7.814568,
          45.9569267
        ]
      }
    },
    {
      "type": "Feature",
      "properties": {
        "id": 11084121205,
        "name": "Rifugio Jutz",
        "type": "hut",
        "elevation": "N/D",
        "sort_elevation": 0,
        "website": "",
        "description": "",
        "osm_id": 11084121205
      },
      "geometry": {
        "type": "Point",
        "coordinates": [
          7.8034871,
          45.8556188
        ]
      }
    },
    {
      "type": "Feature",
      "properties": {
        "id": 11215332056,
        "name": "Cabane Becs de Bosson",
        "type": "hut",
        "elevation": 2985,
        "sort_elevation": 2985,
        "website": "https://www.cabanedesbecs.ch",
        "description": "",
        "osm_id": 11215332056
      },
      "geometry": {
        "type": "Point",
        "coordinates": [
          7.5163251,
          46.1641939
        ]
      }
    },
    {
      "type": "Feature",
      "properties": {
        "id": 11252449571,
        "name": "Dito di Dio",
        "type": "peak",
        "elevation": "N/D",
        "sort_elevation": 0,
        "website": "",
        "description": "",
        "osm_id": 11252449571
      },
      "geometry": {
        "type": "Point",
        "coordinates": [
          8.1461233,
          45.7978996
        ]
      }
    },
    {
      "type": "Feature",
      "properties": {
        "id": 11253802056,
        "name": "Corno del Pedum",
        "type": "peak",
        "elevation": 2032,
        "sort_elevation": 2032,
        "website": "",
        "description": "",
        "osm_id": 11253802056
      },
      "geometry": {
        "type": "Point",
        "coordinates": [
          8.444923,
          46.0435646
        ]
      }
    },
    {
      "type": "Feature",
      "properties": {
        "id": 11290337396,
        "name": "Rifugio Gattascosa",
        "type": "hut",
        "elevation": 1993,
        "sort_elevation": 1993,
        "website": "https://www.rifugiogattascosa.com/",
        "description": "",
        "osm_id": 11290337396
      },
      "geometry": {
        "type": "Point",
        "coordinates": [
          8.1585272,
          46.1565227
        ]
      }
    },
    {
      "type": "Feature",
      "properties": {
        "id": 11329088466,
        "name": "Pirubeck",
        "type": "peak",
        "elevation": "N/D",
        "sort_elevation": 0,
        "website": "",
        "description": "",
        "osm_id": 11329088466
      },
      "geometry": {
        "type": "Point",
        "coordinates": [
          7.8624931,
          45.6828696
        ]
      }
    },
    {
      "type": "Feature",
      "properties": {
        "id": 11396414616,
        "name": "Cherra Neire",
        "type": "peak",
        "elevation": 2985,
        "sort_elevation": 2985,
        "website": "",
        "description": "",
        "osm_id": 11396414616
      },
      "geometry": {
        "type": "Point",
        "coordinates": [
          7.5612611,
          46.0974246
        ]
      }
    },
    {
      "type": "Feature",
      "properties": {
        "id": 11397637592,
        "name": "Hinter Allalin",
        "type": "peak",
        "elevation": 3330,
        "sort_elevation": 3330,
        "website": "",
        "description": "",
        "osm_id": 11397637592
      },
      "geometry": {
        "type": "Point",
        "coordinates": [
          7.9206115,
          46.0632512
        ]
      }
    },
    {
      "type": "Feature",
      "properties": {
        "id": 11407965128,
        "name": "Monte Gioco",
        "type": "peak",
        "elevation": 930,
        "sort_elevation": 930,
        "website": "",
        "description": "",
        "osm_id": 11407965128
      },
      "geometry": {
        "type": "Point",
        "coordinates": [
          8.3699115,
          45.8739222
        ]
      }
    },
    {
      "type": "Feature",
      "properties": {
        "id": 11417750486,
        "name": "Unter Äschhorn",
        "type": "peak",
        "elevation": 3617,
        "sort_elevation": 3617,
        "website": "",
        "description": "",
        "osm_id": 11417750486
      },
      "geometry": {
        "type": "Point",
        "coordinates": [
          7.7148699,
          46.0583125
        ]
      }
    },
    {
      "type": "Feature",
      "properties": {
        "id": 11417750487,
        "name": "Ober Äschhorn",
        "type": "peak",
        "elevation": 3668,
        "sort_elevation": 3668,
        "website": "",
        "description": "",
        "osm_id": 11417750487
      },
      "geometry": {
        "type": "Point",
        "coordinates": [
          7.7076746,
          46.0605569
        ]
      }
    },
    {
      "type": "Feature",
      "properties": {
        "id": 11417779097,
        "name": "Furgghorn",
        "type": "peak",
        "elevation": 3391,
        "sort_elevation": 3391,
        "website": "",
        "description": "",
        "osm_id": 11417779097
      },
      "geometry": {
        "type": "Point",
        "coordinates": [
          7.7222056,
          46.0539815
        ]
      }
    },
    {
      "type": "Feature",
      "properties": {
        "id": 11427031942,
        "name": "Croce del Campo",
        "type": "peak",
        "elevation": 1867,
        "sort_elevation": 1867,
        "website": "",
        "description": "",
        "osm_id": 11427031942
      },
      "geometry": {
        "type": "Point",
        "coordinates": [
          8.3025374,
          45.9556059
        ]
      }
    },
    {
      "type": "Feature",
      "properties": {
        "id": 11427217231,
        "name": "Pizzo delle Rossole",
        "type": "peak",
        "elevation": 2249,
        "sort_elevation": 2249,
        "website": "",
        "description": "",
        "osm_id": 11427217231
      },
      "geometry": {
        "type": "Point",
        "coordinates": [
          8.2329692,
          45.9537636
        ]
      }
    },
    {
      "type": "Feature",
      "properties": {
        "id": 11494939775,
        "name": "Motto Rondo",
        "type": "peak",
        "elevation": 1939,
        "sort_elevation": 1939,
        "website": "",
        "description": "",
        "osm_id": 11494939775
      },
      "geometry": {
        "type": "Point",
        "coordinates": [
          8.3081158,
          45.9621844
        ]
      }
    },
    {
      "type": "Feature",
      "properties": {
        "id": 11506676938,
        "name": "Spähnhörner",
        "type": "peak",
        "elevation": 3146,
        "sort_elevation": 3146,
        "website": "",
        "description": "",
        "osm_id": 11506676938
      },
      "geometry": {
        "type": "Point",
        "coordinates": [
          7.9954509,
          46.0152838
        ]
      }
    },
    {
      "type": "Feature",
      "properties": {
        "id": 11537169716,
        "name": "Diablon",
        "type": "peak",
        "elevation": 3053,
        "sort_elevation": 3053,
        "website": "",
        "description": "",
        "osm_id": 11537169716
      },
      "geometry": {
        "type": "Point",
        "coordinates": [
          7.5469951,
          46.1412907
        ]
      }
    },
    {
      "type": "Feature",
      "properties": {
        "id": 11537217364,
        "name": "Hirsihorn",
        "type": "peak",
        "elevation": 3077,
        "sort_elevation": 3077,
        "website": "",
        "description": "",
        "osm_id": 11537217364
      },
      "geometry": {
        "type": "Point",
        "coordinates": [
          7.6589156,
          46.1866479
        ]
      }
    },
    {
      "type": "Feature",
      "properties": {
        "id": 11537248021,
        "name": "Serre de Vuibé",
        "type": "peak",
        "elevation": 3086,
        "sort_elevation": 3086,
        "website": "",
        "description": "",
        "osm_id": 11537248021
      },
      "geometry": {
        "type": "Point",
        "coordinates": [
          7.480498,
          45.9940214
        ]
      }
    },
    {
      "type": "Feature",
      "properties": {
        "id": 11537289295,
        "name": "Unterrothorn",
        "type": "peak",
        "elevation": 3103,
        "sort_elevation": 3103,
        "website": "",
        "description": "",
        "osm_id": 11537289295
      },
      "geometry": {
        "type": "Point",
        "coordinates": [
          7.7975443,
          46.020826
        ]
      }
    },
    {
      "type": "Feature",
      "properties": {
        "id": 11537364050,
        "name": "Mont Guitsa",
        "type": "peak",
        "elevation": 3114,
        "sort_elevation": 3114,
        "website": "",
        "description": "",
        "osm_id": 11537364050
      },
      "geometry": {
        "type": "Point",
        "coordinates": [
          7.4520964,
          46.0319832
        ]
      }
    },
    {
      "type": "Feature",
      "properties": {
        "id": 11537677225,
        "name": "Clocher de Cheilon",
        "type": "peak",
        "elevation": 3225,
        "sort_elevation": 3225,
        "website": "",
        "description": "",
        "osm_id": 11537677225
      },
      "geometry": {
        "type": "Point",
        "coordinates": [
          7.4156861,
          46.0001714
        ]
      }
    },
    {
      "type": "Feature",
      "properties": {
        "id": 11537755196,
        "name": "Bösentrift",
        "type": "peak",
        "elevation": 3248,
        "sort_elevation": 3248,
        "website": "",
        "description": "",
        "osm_id": 11537755196
      },
      "geometry": {
        "type": "Point",
        "coordinates": [
          7.80279,
          46.0425305
        ]
      }
    },
    {
      "type": "Feature",
      "properties": {
        "id": 11537816941,
        "name": "Petite Aouille",
        "type": "peak",
        "elevation": 3343,
        "sort_elevation": 3343,
        "website": "",
        "description": "",
        "osm_id": 11537816941
      },
      "geometry": {
        "type": "Point",
        "coordinates": [
          7.4343408,
          45.9313718
        ]
      }
    },
    {
      "type": "Feature",
      "properties": {
        "id": 11537832201,
        "name": "Pointe du Jardin des Chamois",
        "type": "peak",
        "elevation": 3260,
        "sort_elevation": 3260,
        "website": "",
        "description": "",
        "osm_id": 11537832201
      },
      "geometry": {
        "type": "Point",
        "coordinates": [
          7.4176795,
          45.924288
        ]
      }
    },
    {
      "type": "Feature",
      "properties": {
        "id": 11537867849,
        "name": "Pointe des Darbonires",
        "type": "peak",
        "elevation": 3423,
        "sort_elevation": 3423,
        "website": "",
        "description": "",
        "osm_id": 11537867849
      },
      "geometry": {
        "type": "Point",
        "coordinates": [
          7.4339114,
          46.0656768
        ]
      }
    },
    {
      "type": "Feature",
      "properties": {
        "id": 11537874163,
        "name": "Monte Piancompra",
        "type": "peak",
        "elevation": 1307,
        "sort_elevation": 1307,
        "website": "",
        "description": "",
        "osm_id": 11537874163
      },
      "geometry": {
        "type": "Point",
        "coordinates": [
          8.6242154,
          46.0073035
        ]
      }
    },
    {
      "type": "Feature",
      "properties": {
        "id": 11537892945,
        "name": "Wisse Schijen",
        "type": "peak",
        "elevation": 3369,
        "sort_elevation": 3369,
        "website": "",
        "description": "",
        "osm_id": 11537892945
      },
      "geometry": {
        "type": "Point",
        "coordinates": [
          7.7431297,
          46.093837
        ]
      }
    },
    {
      "type": "Feature",
      "properties": {
        "id": 11537896626,
        "name": "Colma della Nevia",
        "type": "peak",
        "elevation": 1079,
        "sort_elevation": 1079,
        "website": "",
        "description": "",
        "osm_id": 11537896626
      },
      "geometry": {
        "type": "Point",
        "coordinates": [
          8.6387846,
          46.0091746
        ]
      }
    },
    {
      "type": "Feature",
      "properties": {
        "id": 11537896714,
        "name": "Monte Barro",
        "type": "peak",
        "elevation": 641,
        "sort_elevation": 641,
        "website": "",
        "description": "",
        "osm_id": 11537896714
      },
      "geometry": {
        "type": "Point",
        "coordinates": [
          8.4095335,
          45.8333384
        ]
      }
    },
    {
      "type": "Feature",
      "properties": {
        "id": 11537899945,
        "name": "Pointe de la Grande Lire",
        "type": "peak",
        "elevation": 3360,
        "sort_elevation": 3360,
        "website": "",
        "description": "",
        "osm_id": 11537899945
      },
      "geometry": {
        "type": "Point",
        "coordinates": [
          7.4073057,
          45.9477123
        ]
      }
    },
    {
      "type": "Feature",
      "properties": {
        "id": 11537911932,
        "name": "Pointe de la Petite Lire",
        "type": "peak",
        "elevation": 3443,
        "sort_elevation": 3443,
        "website": "",
        "description": "",
        "osm_id": 11537911932
      },
      "geometry": {
        "type": "Point",
        "coordinates": [
          7.4217282,
          45.9533032
        ]
      }
    },
    {
      "type": "Feature",
      "properties": {
        "id": 11537929275,
        "name": "Porton Nord",
        "type": "peak",
        "elevation": 3502,
        "sort_elevation": 3502,
        "website": "",
        "description": "",
        "osm_id": 11537929275
      },
      "geometry": {
        "type": "Point",
        "coordinates": [
          7.4306497,
          45.9632603
        ]
      }
    },
    {
      "type": "Feature",
      "properties": {
        "id": 11537930407,
        "name": "Aouille Tseuque",
        "type": "peak",
        "elevation": 3554,
        "sort_elevation": 3554,
        "website": "",
        "description": "",
        "osm_id": 11537930407
      },
      "geometry": {
        "type": "Point",
        "coordinates": [
          7.4431686,
          45.9301621
        ]
      }
    },
    {
      "type": "Feature",
      "properties": {
        "id": 11538083991,
        "name": "Pointe des Portons",
        "type": "peak",
        "elevation": 3512,
        "sort_elevation": 3512,
        "website": "",
        "description": "",
        "osm_id": 11538083991
      },
      "geometry": {
        "type": "Point",
        "coordinates": [
          7.4304315,
          45.9582642
        ]
      }
    },
    {
      "type": "Feature",
      "properties": {
        "id": 11538134710,
        "name": "Wandfluehorn",
        "type": "peak",
        "elevation": 3589,
        "sort_elevation": 3589,
        "website": "",
        "description": "",
        "osm_id": 11538134710
      },
      "geometry": {
        "type": "Point",
        "coordinates": [
          7.6018986,
          46.0019307
        ]
      }
    },
    {
      "type": "Feature",
      "properties": {
        "id": 11538220027,
        "name": "Hohwänghorn",
        "type": "peak",
        "elevation": 3671,
        "sort_elevation": 3671,
        "website": "",
        "description": "",
        "osm_id": 11538220027
      },
      "geometry": {
        "type": "Point",
        "coordinates": [
          7.6499048,
          46.0287604
        ]
      }
    },
    {
      "type": "Feature",
      "properties": {
        "id": 11538229818,
        "name": "Mittler Gabelhorn",
        "type": "peak",
        "elevation": 3685,
        "sort_elevation": 3685,
        "website": "",
        "description": "",
        "osm_id": 11538229818
      },
      "geometry": {
        "type": "Point",
        "coordinates": [
          7.6765096,
          46.0333265
        ]
      }
    },
    {
      "type": "Feature",
      "properties": {
        "id": 11538239745,
        "name": "Pointe Sud du Brenay",
        "type": "peak",
        "elevation": 3672,
        "sort_elevation": 3672,
        "website": "",
        "description": "",
        "osm_id": 11538239745
      },
      "geometry": {
        "type": "Point",
        "coordinates": [
          7.4448613,
          45.9703306
        ]
      }
    },
    {
      "type": "Feature",
      "properties": {
        "id": 11538274622,
        "name": "La Serpentine",
        "type": "peak",
        "elevation": 3713,
        "sort_elevation": 3713,
        "website": "",
        "description": "",
        "osm_id": 11538274622
      },
      "geometry": {
        "type": "Point",
        "coordinates": [
          7.427128,
          45.9772228
        ]
      }
    },
    {
      "type": "Feature",
      "properties": {
        "id": 11538310213,
        "name": "Pointe du Mountet",
        "type": "peak",
        "elevation": 3839,
        "sort_elevation": 3839,
        "website": "",
        "description": "",
        "osm_id": 11538310213
      },
      "geometry": {
        "type": "Point",
        "coordinates": [
          7.684578,
          46.0573115
        ]
      }
    },
    {
      "type": "Feature",
      "properties": {
        "id": 11538329252,
        "name": "Crête Sud de Moming",
        "type": "peak",
        "elevation": 3963,
        "sort_elevation": 3963,
        "website": "",
        "description": "",
        "osm_id": 11538329252
      },
      "geometry": {
        "type": "Point",
        "coordinates": [
          7.695203,
          46.0727608
        ]
      }
    },
    {
      "type": "Feature",
      "properties": {
        "id": 11585135963,
        "name": "Zùcaril",
        "type": "peak",
        "elevation": 1404,
        "sort_elevation": 1404,
        "website": "",
        "description": "",
        "osm_id": 11585135963
      },
      "geometry": {
        "type": "Point",
        "coordinates": [
          8.3312756,
          45.9636953
        ]
      }
    },
    {
      "type": "Feature",
      "properties": {
        "id": 11594153629,
        "name": "Poggio Colletta",
        "type": "peak",
        "elevation": "N/D",
        "sort_elevation": 0,
        "website": "",
        "description": "",
        "osm_id": 11594153629
      },
      "geometry": {
        "type": "Point",
        "coordinates": [
          8.3880445,
          45.9031358
        ]
      }
    },
    {
      "type": "Feature",
      "properties": {
        "id": 11670262688,
        "name": "Punta della Cinquegna",
        "type": "peak",
        "elevation": 2275,
        "sort_elevation": 2275,
        "website": "",
        "description": "",
        "osm_id": 11670262688
      },
      "geometry": {
        "type": "Point",
        "coordinates": [
          8.1420366,
          46.0252005
        ]
      }
    },
    {
      "type": "Feature",
      "properties": {
        "id": 11670262689,
        "name": "q.2262",
        "type": "peak",
        "elevation": 2262,
        "sort_elevation": 2262,
        "website": "",
        "description": "",
        "osm_id": 11670262689
      },
      "geometry": {
        "type": "Point",
        "coordinates": [
          8.1337486,
          46.0260195
        ]
      }
    },
    {
      "type": "Feature",
      "properties": {
        "id": 11810214663,
        "name": "Giavinà",
        "type": "peak",
        "elevation": 1373,
        "sort_elevation": 1373,
        "website": "",
        "description": "",
        "osm_id": 11810214663
      },
      "geometry": {
        "type": "Point",
        "coordinates": [
          8.1747811,
          45.8672012
        ]
      }
    },
    {
      "type": "Feature",
      "properties": {
        "id": 12033743660,
        "name": "Cima della Bonda",
        "type": "peak",
        "elevation": 919,
        "sort_elevation": 919,
        "website": "",
        "description": "",
        "osm_id": 12033743660
      },
      "geometry": {
        "type": "Point",
        "coordinates": [
          8.2700728,
          45.8280322
        ]
      }
    },
    {
      "type": "Feature",
      "properties": {
        "id": 12040710073,
        "name": "Sé Pê",
        "type": "peak",
        "elevation": 2377,
        "sort_elevation": 2377,
        "website": "",
        "description": "",
        "osm_id": 12040710073
      },
      "geometry": {
        "type": "Point",
        "coordinates": [
          7.4219008,
          46.1416023
        ]
      }
    },
    {
      "type": "Feature",
      "properties": {
        "id": 12040710129,
        "name": "Stockchnubel",
        "type": "peak",
        "elevation": 3047,
        "sort_elevation": 3047,
        "website": "",
        "description": "",
        "osm_id": 12040710129
      },
      "geometry": {
        "type": "Point",
        "coordinates": [
          7.8318831,
          45.9793783
        ]
      }
    },
    {
      "type": "Feature",
      "properties": {
        "id": 12040710191,
        "name": "Gagenhaupt",
        "type": "peak",
        "elevation": 2568,
        "sort_elevation": 2568,
        "website": "",
        "description": "",
        "osm_id": 12040710191
      },
      "geometry": {
        "type": "Point",
        "coordinates": [
          7.7443874,
          45.9859014
        ]
      }
    },
    {
      "type": "Feature",
      "properties": {
        "id": 12040710286,
        "name": "Pointe de Mandelon",
        "type": "peak",
        "elevation": 2559,
        "sort_elevation": 2559,
        "website": "",
        "description": "",
        "osm_id": 12040710286
      },
      "geometry": {
        "type": "Point",
        "coordinates": [
          7.4264316,
          46.13554
        ]
      }
    },
    {
      "type": "Feature",
      "properties": {
        "id": 12040710399,
        "name": "Mont des Ritses",
        "type": "peak",
        "elevation": 2915,
        "sort_elevation": 2915,
        "website": "",
        "description": "",
        "osm_id": 12040710399
      },
      "geometry": {
        "type": "Point",
        "coordinates": [
          7.4681503,
          46.0644455
        ]
      }
    },
    {
      "type": "Feature",
      "properties": {
        "id": 12040710420,
        "name": "Getschung",
        "type": "peak",
        "elevation": 2863,
        "sort_elevation": 2863,
        "website": "",
        "description": "",
        "osm_id": 12040710420
      },
      "geometry": {
        "type": "Point",
        "coordinates": [
          7.7512788,
          46.0651602
        ]
      }
    },
    {
      "type": "Feature",
      "properties": {
        "id": 12040710439,
        "name": "Brändjispitz",
        "type": "peak",
        "elevation": 2852,
        "sort_elevation": 2852,
        "website": "",
        "description": "",
        "osm_id": 12040710439
      },
      "geometry": {
        "type": "Point",
        "coordinates": [
          7.7169448,
          46.1825795
        ]
      }
    },
    {
      "type": "Feature",
      "properties": {
        "id": 12040710462,
        "name": "La Maya",
        "type": "peak",
        "elevation": 2867,
        "sort_elevation": 2867,
        "website": "",
        "description": "",
        "osm_id": 12040710462
      },
      "geometry": {
        "type": "Point",
        "coordinates": [
          7.5710007,
          46.053101
        ]
      }
    },
    {
      "type": "Feature",
      "properties": {
        "id": 12040710512,
        "name": "La Madeleine",
        "type": "peak",
        "elevation": 2776,
        "sort_elevation": 2776,
        "website": "",
        "description": "",
        "osm_id": 12040710512
      },
      "geometry": {
        "type": "Point",
        "coordinates": [
          7.5567353,
          46.1365863
        ]
      }
    },
    {
      "type": "Feature",
      "properties": {
        "id": 12040710535,
        "name": "Tête Noire",
        "type": "peak",
        "elevation": 2980,
        "sort_elevation": 2980,
        "website": "",
        "description": "",
        "osm_id": 12040710535
      },
      "geometry": {
        "type": "Point",
        "coordinates": [
          7.4162618,
          46.0128577
        ]
      }
    },
    {
      "type": "Feature",
      "properties": {
        "id": 12040710541,
        "name": "Mont Rouge",
        "type": "peak",
        "elevation": 2979,
        "sort_elevation": 2979,
        "website": "",
        "description": "",
        "osm_id": 12040710541
      },
      "geometry": {
        "type": "Point",
        "coordinates": [
          7.4261126,
          46.117288
        ]
      }
    },
    {
      "type": "Feature",
      "properties": {
        "id": 12040710558,
        "name": "Unterer Blausatz",
        "type": "peak",
        "elevation": 3066,
        "sort_elevation": 3066,
        "website": "",
        "description": "",
        "osm_id": 12040710558
      },
      "geometry": {
        "type": "Point",
        "coordinates": [
          7.6370488,
          46.0069027
        ]
      }
    },
    {
      "type": "Feature",
      "properties": {
        "id": 12040710757,
        "name": "Pointe du Pas de Chèvres",
        "type": "peak",
        "elevation": 2990,
        "sort_elevation": 2990,
        "website": "",
        "description": "",
        "osm_id": 12040710757
      },
      "geometry": {
        "type": "Point",
        "coordinates": [
          7.4322836,
          46.0141642
        ]
      }
    },
    {
      "type": "Feature",
      "properties": {
        "id": 12040710761,
        "name": "Strahlchnubel",
        "type": "peak",
        "elevation": 3243,
        "sort_elevation": 3243,
        "website": "",
        "description": "",
        "osm_id": 12040710761
      },
      "geometry": {
        "type": "Point",
        "coordinates": [
          7.8668045,
          46.0082708
        ]
      }
    },
    {
      "type": "Feature",
      "properties": {
        "id": 12040710796,
        "name": "Les Réchasses",
        "type": "peak",
        "elevation": 2522,
        "sort_elevation": 2522,
        "website": "",
        "description": "",
        "osm_id": 12040710796
      },
      "geometry": {
        "type": "Point",
        "coordinates": [
          7.4769793,
          46.1815738
        ]
      }
    },
    {
      "type": "Feature",
      "properties": {
        "id": 12040710817,
        "name": "Unters Horn",
        "type": "peak",
        "elevation": 2811,
        "sort_elevation": 2811,
        "website": "",
        "description": "",
        "osm_id": 12040710817
      },
      "geometry": {
        "type": "Point",
        "coordinates": [
          7.9778674,
          46.0922188
        ]
      }
    },
    {
      "type": "Feature",
      "properties": {
        "id": 12040710835,
        "name": "Roc de la Tsa",
        "type": "peak",
        "elevation": 2911,
        "sort_elevation": 2911,
        "website": "",
        "description": "",
        "osm_id": 12040710835
      },
      "geometry": {
        "type": "Point",
        "coordinates": [
          7.5244015,
          46.1883038
        ]
      }
    },
    {
      "type": "Feature",
      "properties": {
        "id": 12040710836,
        "name": "Pointe de Tsirouc",
        "type": "peak",
        "elevation": 2777,
        "sort_elevation": 2777,
        "website": "",
        "description": "",
        "osm_id": 12040710836
      },
      "geometry": {
        "type": "Point",
        "coordinates": [
          7.581162,
          46.1550892
        ]
      }
    },
    {
      "type": "Feature",
      "properties": {
        "id": 12040710863,
        "name": "Pointe de Lona",
        "type": "peak",
        "elevation": 2931,
        "sort_elevation": 2931,
        "website": "",
        "description": "",
        "osm_id": 12040710863
      },
      "geometry": {
        "type": "Point",
        "coordinates": [
          7.5381005,
          46.1643914
        ]
      }
    },
    {
      "type": "Feature",
      "properties": {
        "id": 12040710918,
        "name": "L'Aiguillette",
        "type": "peak",
        "elevation": 3198,
        "sort_elevation": 3198,
        "website": "",
        "description": "",
        "osm_id": 12040710918
      },
      "geometry": {
        "type": "Point",
        "coordinates": [
          7.4540578,
          45.9418853
        ]
      }
    },
    {
      "type": "Feature",
      "properties": {
        "id": 12040710945,
        "name": "Eseltschuggen",
        "type": "peak",
        "elevation": 3359,
        "sort_elevation": 3359,
        "website": "",
        "description": "",
        "osm_id": 12040710945
      },
      "geometry": {
        "type": "Point",
        "coordinates": [
          7.6968039,
          46.0504731
        ]
      }
    },
    {
      "type": "Feature",
      "properties": {
        "id": 12040710999,
        "name": "Rionde de Vendes",
        "type": "peak",
        "elevation": 2742,
        "sort_elevation": 2742,
        "website": "",
        "description": "",
        "osm_id": 12040710999
      },
      "geometry": {
        "type": "Point",
        "coordinates": [
          7.428154,
          46.1287485
        ]
      }
    },
    {
      "type": "Feature",
      "properties": {
        "id": 12040711007,
        "name": "Bec de Nava",
        "type": "peak",
        "elevation": 2668,
        "sort_elevation": 2668,
        "website": "",
        "description": "",
        "osm_id": 12040711007
      },
      "geometry": {
        "type": "Point",
        "coordinates": [
          7.6233429,
          46.1959943
        ]
      }
    },
    {
      "type": "Feature",
      "properties": {
        "id": 12040711016,
        "name": "Dossen",
        "type": "peak",
        "elevation": 1954,
        "sort_elevation": 1954,
        "website": "",
        "description": "",
        "osm_id": 12040711016
      },
      "geometry": {
        "type": "Point",
        "coordinates": [
          7.7335794,
          45.9965629
        ]
      }
    },
    {
      "type": "Feature",
      "properties": {
        "id": 12040711068,
        "name": "Schwarzhörnli",
        "type": "peak",
        "elevation": 2963,
        "sort_elevation": 2963,
        "website": "",
        "description": "",
        "osm_id": 12040711068
      },
      "geometry": {
        "type": "Point",
        "coordinates": [
          7.7516549,
          46.0925147
        ]
      }
    },
    {
      "type": "Feature",
      "properties": {
        "id": 12040711193,
        "name": "Petit Mont Rouge",
        "type": "peak",
        "elevation": 2928,
        "sort_elevation": 2928,
        "website": "",
        "description": "",
        "osm_id": 12040711193
      },
      "geometry": {
        "type": "Point",
        "coordinates": [
          7.4400947,
          46.019004
        ]
      }
    },
    {
      "type": "Feature",
      "properties": {
        "id": 12094264674,
        "name": "Corno di Rima",
        "type": "peak",
        "elevation": 2122,
        "sort_elevation": 2122,
        "website": "",
        "description": "",
        "osm_id": 12094264674
      },
      "geometry": {
        "type": "Point",
        "coordinates": [
          7.9857077,
          45.8856109
        ]
      }
    },
    {
      "type": "Feature",
      "properties": {
        "id": 12100987651,
        "name": "Colle di San Giuseppe",
        "type": "peak",
        "elevation": 339,
        "sort_elevation": 339,
        "website": "",
        "description": "",
        "osm_id": 12100987651
      },
      "geometry": {
        "type": "Point",
        "coordinates": [
          8.7711902,
          45.9314244
        ]
      }
    },
    {
      "type": "Feature",
      "properties": {
        "id": 12106447791,
        "name": "Wisse Schijen Südgipfel",
        "type": "peak",
        "elevation": 3264,
        "sort_elevation": 3264,
        "website": "",
        "description": "",
        "osm_id": 12106447791
      },
      "geometry": {
        "type": "Point",
        "coordinates": [
          7.7437584,
          46.090343
        ]
      }
    },
    {
      "type": "Feature",
      "properties": {
        "id": 12108198298,
        "name": "Stoccohopt",
        "type": "peak",
        "elevation": 2289,
        "sort_elevation": 2289,
        "website": "",
        "description": "",
        "osm_id": 12108198298
      },
      "geometry": {
        "type": "Point",
        "coordinates": [
          7.826853,
          45.8532588
        ]
      }
    },
    {
      "type": "Feature",
      "properties": {
        "id": 12115391079,
        "name": "Mascia at l'ors",
        "type": "peak",
        "elevation": 2352,
        "sort_elevation": 2352,
        "website": "",
        "description": "",
        "osm_id": 12115391079
      },
      "geometry": {
        "type": "Point",
        "coordinates": [
          8.1490243,
          46.1010007
        ]
      }
    },
    {
      "type": "Feature",
      "properties": {
        "id": 12170850906,
        "name": "Monte San Salvatore",
        "type": "peak",
        "elevation": 794,
        "sort_elevation": 794,
        "website": "",
        "description": "",
        "osm_id": 12170850906
      },
      "geometry": {
        "type": "Point",
        "coordinates": [
          8.5297235,
          45.8311664
        ]
      }
    },
    {
      "type": "Feature",
      "properties": {
        "id": 12179754462,
        "name": "Rifugio Boffalora",
        "type": "hut",
        "elevation": 1685,
        "sort_elevation": 1685,
        "website": "https://www.caiboffaloraticino.it/rifugio/",
        "description": "",
        "osm_id": 12179754462
      },
      "geometry": {
        "type": "Point",
        "coordinates": [
          8.0625045,
          45.9193328
        ]
      }
    },
    {
      "type": "Feature",
      "properties": {
        "id": 12179754463,
        "name": "Locale Invernale",
        "type": "bivouac",
        "elevation": "N/D",
        "sort_elevation": 0,
        "website": "",
        "description": "",
        "osm_id": 12179754463
      },
      "geometry": {
        "type": "Point",
        "coordinates": [
          8.0626172,
          45.9193177
        ]
      }
    },
    {
      "type": "Feature",
      "properties": {
        "id": 12248619991,
        "name": "Mazza Fontanelle",
        "type": "peak",
        "elevation": 1278,
        "sort_elevation": 1278,
        "website": "",
        "description": "",
        "osm_id": 12248619991
      },
      "geometry": {
        "type": "Point",
        "coordinates": [
          8.2567881,
          45.8555198
        ]
      }
    },
    {
      "type": "Feature",
      "properties": {
        "id": 12325772876,
        "name": "Cima di Marmontana",
        "type": "peak",
        "elevation": 2403,
        "sort_elevation": 2403,
        "website": "",
        "description": "",
        "osm_id": 12325772876
      },
      "geometry": {
        "type": "Point",
        "coordinates": [
          7.9028552,
          45.6669477
        ]
      }
    },
    {
      "type": "Feature",
      "properties": {
        "id": 12390439590,
        "name": "Cima Cusio",
        "type": "peak",
        "elevation": 1360,
        "sort_elevation": 1360,
        "website": "",
        "description": "",
        "osm_id": 12390439590
      },
      "geometry": {
        "type": "Point",
        "coordinates": [
          8.4441592,
          45.890476
        ]
      }
    },
    {
      "type": "Feature",
      "properties": {
        "id": 12390439591,
        "name": "Cima Delle Guide",
        "type": "peak",
        "elevation": 1338,
        "sort_elevation": 1338,
        "website": "",
        "description": "",
        "osm_id": 12390439591
      },
      "geometry": {
        "type": "Point",
        "coordinates": [
          8.4435144,
          45.8911427
        ]
      }
    },
    {
      "type": "Feature",
      "properties": {
        "id": 12405259547,
        "name": "La Vugia",
        "type": "peak",
        "elevation": "N/D",
        "sort_elevation": 0,
        "website": "",
        "description": "",
        "osm_id": 12405259547
      },
      "geometry": {
        "type": "Point",
        "coordinates": [
          8.3845198,
          46.0147376
        ]
      }
    },
    {
      "type": "Feature",
      "properties": {
        "id": 12517819148,
        "name": "Puzzech",
        "type": "peak",
        "elevation": 929,
        "sort_elevation": 929,
        "website": "",
        "description": "",
        "osm_id": 12517819148
      },
      "geometry": {
        "type": "Point",
        "coordinates": [
          8.4837949,
          46.0012322
        ]
      }
    },
    {
      "type": "Feature",
      "properties": {
        "id": 12518667848,
        "name": "Corma di Machaby",
        "type": "peak",
        "elevation": 794,
        "sort_elevation": 794,
        "website": "",
        "description": "",
        "osm_id": 12518667848
      },
      "geometry": {
        "type": "Point",
        "coordinates": [
          7.7365901,
          45.6348867
        ]
      }
    },
    {
      "type": "Feature",
      "properties": {
        "id": 12554814608,
        "name": "Monts Rouges",
        "type": "peak",
        "elevation": 3315,
        "sort_elevation": 3315,
        "website": "",
        "description": "",
        "osm_id": 12554814608
      },
      "geometry": {
        "type": "Point",
        "coordinates": [
          7.435304,
          46.033335
        ]
      }
    },
    {
      "type": "Feature",
      "properties": {
        "id": 12880677286,
        "name": "Torre del Siunal",
        "type": "peak",
        "elevation": 1201,
        "sort_elevation": 1201,
        "website": "",
        "description": "",
        "osm_id": 12880677286
      },
      "geometry": {
        "type": "Point",
        "coordinates": [
          8.1658224,
          45.748536
        ]
      }
    },
    {
      "type": "Feature",
      "properties": {
        "id": 12881283077,
        "name": "La Crocetta",
        "type": "peak",
        "elevation": 1866,
        "sort_elevation": 1866,
        "website": "",
        "description": "",
        "osm_id": 12881283077
      },
      "geometry": {
        "type": "Point",
        "coordinates": [
          8.0401964,
          45.7362287
        ]
      }
    },
    {
      "type": "Feature",
      "properties": {
        "id": 12881283078,
        "name": "Cima delle Bose",
        "type": "peak",
        "elevation": 1965,
        "sort_elevation": 1965,
        "website": "",
        "description": "",
        "osm_id": 12881283078
      },
      "geometry": {
        "type": "Point",
        "coordinates": [
          8.0294435,
          45.7362698
        ]
      }
    },
    {
      "type": "Feature",
      "properties": {
        "id": 12949289048,
        "name": "q.2399",
        "type": "peak",
        "elevation": 2399,
        "sort_elevation": 2399,
        "website": "",
        "description": "",
        "osm_id": 12949289048
      },
      "geometry": {
        "type": "Point",
        "coordinates": [
          7.9319224,
          45.7196227
        ]
      }
    },
    {
      "type": "Feature",
      "properties": {
        "id": 12949289049,
        "name": "Gemello di Mologna settentrionale",
        "type": "peak",
        "elevation": 2438,
        "sort_elevation": 2438,
        "website": "",
        "description": "",
        "osm_id": 12949289049
      },
      "geometry": {
        "type": "Point",
        "coordinates": [
          7.9303184,
          45.7179954
        ]
      }
    },
    {
      "type": "Feature",
      "properties": {
        "id": 12956045694,
        "name": "Bec de l'Aigle",
        "type": "peak",
        "elevation": 1698,
        "sort_elevation": 1698,
        "website": "",
        "description": "",
        "osm_id": 12956045694
      },
      "geometry": {
        "type": "Point",
        "coordinates": [
          7.7968103,
          45.643653
        ]
      }
    },
    {
      "type": "Feature",
      "properties": {
        "id": 12956056934,
        "name": "Bec Charosera",
        "type": "peak",
        "elevation": 1853,
        "sort_elevation": 1853,
        "website": "",
        "description": "",
        "osm_id": 12956056934
      },
      "geometry": {
        "type": "Point",
        "coordinates": [
          7.7936639,
          45.6464456
        ]
      }
    },
    {
      "type": "Feature",
      "properties": {
        "id": 12985135906,
        "name": "q.2244",
        "type": "peak",
        "elevation": 2244,
        "sort_elevation": 2244,
        "website": "",
        "description": "",
        "osm_id": 12985135906
      },
      "geometry": {
        "type": "Point",
        "coordinates": [
          8.1439161,
          46.0243829
        ]
      }
    },
    {
      "type": "Feature",
      "properties": {
        "id": 12985331923,
        "name": "Grand Gendarme",
        "type": "peak",
        "elevation": 4329,
        "sort_elevation": 4329,
        "website": "",
        "description": "",
        "osm_id": 12985331923
      },
      "geometry": {
        "type": "Point",
        "coordinates": [
          7.7117673,
          46.1072234
        ]
      }
    },
    {
      "type": "Feature",
      "properties": {
        "id": 13012232123,
        "name": "Refugio pastore",
        "type": "hut",
        "elevation": "N/D",
        "sort_elevation": 0,
        "website": "",
        "description": "",
        "osm_id": 13012232123
      },
      "geometry": {
        "type": "Point",
        "coordinates": [
          7.9286368,
          45.8836089
        ]
      }
    },
    {
      "type": "Feature",
      "properties": {
        "id": 13020984939,
        "name": "Prà Camarée",
        "type": "peak",
        "elevation": 774,
        "sort_elevation": 774,
        "website": "",
        "description": "",
        "osm_id": 13020984939
      },
      "geometry": {
        "type": "Point",
        "coordinates": [
          8.7173632,
          45.8706249
        ]
      }
    },
    {
      "type": "Feature",
      "properties": {
        "id": 13045848633,
        "name": "Bivacco Vincenzo Pirazzi e Francesco Rossotti",
        "type": "bivouac",
        "elevation": "N/D",
        "sort_elevation": 0,
        "website": "",
        "description": "",
        "osm_id": 13045848633
      },
      "geometry": {
        "type": "Point",
        "coordinates": [
          7.9672377,
          45.9399857
        ]
      }
    },
    {
      "type": "Feature",
      "properties": {
        "id": 13098394234,
        "name": "Grand Gendarme",
        "type": "peak",
        "elevation": 3868,
        "sort_elevation": 3868,
        "website": "",
        "description": "",
        "osm_id": 13098394234
      },
      "geometry": {
        "type": "Point",
        "coordinates": [
          7.6732358,
          46.0406931
        ]
      }
    },
    {
      "type": "Feature",
      "properties": {
        "id": 13100829531,
        "name": "Capanna Luigina Resegotti",
        "type": "bivouac",
        "elevation": 3624,
        "sort_elevation": 3624,
        "website": "https://www.caivarallo.com/rifugi-cai-piemonte-valsesia/capanna-resegotti/",
        "description": "Due locali: un dormitorio con 20 posti letto in comune (con materassi e coperte) ed un locale soggiorno con stufa a legna (provvedersi alla legna) e fornello a gas. Acqua di fusione",
        "osm_id": 13100829531
      },
      "geometry": {
        "type": "Point",
        "coordinates": [
          7.9003039,
          45.9263662
        ]
      }
    },
    {
      "type": "Feature",
      "properties": {
        "id": 13100829532,
        "name": "Bivacco Felice Giordano",
        "type": "bivouac",
        "elevation": 4166,
        "sort_elevation": 4166,
        "website": "https://www.caivarallo.com/rifugi-cai-piemonte-valsesia/bivacco-giordano/",
        "description": "",
        "osm_id": 13100829532
      },
      "geometry": {
        "type": "Point",
        "coordinates": [
          7.8580819,
          45.9136589
        ]
      }
    },
    {
      "type": "Feature",
      "properties": {
        "id": 13121265058,
        "name": "Mot du Tor",
        "type": "peak",
        "elevation": "N/D",
        "sort_elevation": 0,
        "website": "",
        "description": "",
        "osm_id": 13121265058
      },
      "geometry": {
        "type": "Point",
        "coordinates": [
          8.2894792,
          46.0406578
        ]
      }
    },
    {
      "type": "Feature",
      "properties": {
        "id": 13121798568,
        "name": "Pizzo dell’Orsera",
        "type": "peak",
        "elevation": 949,
        "sort_elevation": 949,
        "website": "",
        "description": "",
        "osm_id": 13121798568
      },
      "geometry": {
        "type": "Point",
        "coordinates": [
          8.6376668,
          45.9109988
        ]
      }
    },
    {
      "type": "Feature",
      "properties": {
        "id": 13135143793,
        "name": "Almagellerhütte",
        "type": "hut",
        "elevation": 2894,
        "sort_elevation": 2894,
        "website": "https://www.almagellerhuette.ch/",
        "description": "",
        "osm_id": 13135143793
      },
      "geometry": {
        "type": "Point",
        "coordinates": [
          8.0076731,
          46.1076059
        ]
      }
    },
    {
      "type": "Feature",
      "properties": {
        "id": 13135951441,
        "name": "Weisshorn",
        "type": "peak",
        "elevation": 4505,
        "sort_elevation": 4505,
        "website": "",
        "description": "",
        "osm_id": 13135951441
      },
      "geometry": {
        "type": "Point",
        "coordinates": [
          7.7161466,
          46.1012342
        ]
      }
    },
    {
      "type": "Feature",
      "properties": {
        "id": 13135956569,
        "name": "Berghütte Hohsaas",
        "type": "hut",
        "elevation": 3140,
        "sort_elevation": 3140,
        "website": "https://www.hohsaashuette.ch",
        "description": "",
        "osm_id": 13135956569
      },
      "geometry": {
        "type": "Point",
        "coordinates": [
          7.9917696,
          46.1392281
        ]
      }
    },
    {
      "type": "Feature",
      "properties": {
        "id": 13135956571,
        "name": "Weissmieshütte SAC",
        "type": "hut",
        "elevation": 2726,
        "sort_elevation": 2726,
        "website": "https://www.weissmieshuette.ch/",
        "description": "",
        "osm_id": 13135956571
      },
      "geometry": {
        "type": "Point",
        "coordinates": [
          7.9778782,
          46.1437625
        ]
      }
    },
    {
      "type": "Feature",
      "properties": {
        "id": 13146012681,
        "name": "Felikhorn",
        "type": "peak",
        "elevation": 4087,
        "sort_elevation": 4087,
        "website": "",
        "description": "",
        "osm_id": 13146012681
      },
      "geometry": {
        "type": "Point",
        "coordinates": [
          7.8039134,
          45.9167263
        ]
      }
    },
    {
      "type": "Feature",
      "properties": {
        "id": 13226790818,
        "name": "Bivacco Pian Vadà",
        "type": "bivouac",
        "elevation": "N/D",
        "sort_elevation": 0,
        "website": "",
        "description": "",
        "osm_id": 13226790818
      },
      "geometry": {
        "type": "Point",
        "coordinates": [
          8.5639621,
          46.0432197
        ]
      }
    },
    {
      "type": "Feature",
      "properties": {
        "id": 13246318027,
        "name": "Pizzo del Dosso",
        "type": "peak",
        "elevation": 2589,
        "sort_elevation": 2589,
        "website": "",
        "description": "",
        "osm_id": 13246318027
      },
      "geometry": {
        "type": "Point",
        "coordinates": [
          8.1797719,
          46.1776761
        ]
      }
    },
    {
      "type": "Feature",
      "properties": {
        "id": 13259954073,
        "name": "Cima del Quadrello",
        "type": "peak",
        "elevation": 2327,
        "sort_elevation": 2327,
        "website": "",
        "description": "",
        "osm_id": 13259954073
      },
      "geometry": {
        "type": "Point",
        "coordinates": [
          8.4079979,
          46.1817422
        ]
      }
    },
    {
      "type": "Feature",
      "properties": {
        "id": 13274351323,
        "name": "Colle Oro",
        "type": "peak",
        "elevation": 396,
        "sort_elevation": 396,
        "website": "",
        "description": "",
        "osm_id": 13274351323
      },
      "geometry": {
        "type": "Point",
        "coordinates": [
          8.7066778,
          45.8888891
        ]
      }
    },
    {
      "type": "Feature",
      "properties": {
        "id": 13274351324,
        "name": "Colle Mara",
        "type": "peak",
        "elevation": 390,
        "sort_elevation": 390,
        "website": "",
        "description": "",
        "osm_id": 13274351324
      },
      "geometry": {
        "type": "Point",
        "coordinates": [
          8.7079248,
          45.8908392
        ]
      }
    },
    {
      "type": "Feature",
      "properties": {
        "id": 13306587835,
        "name": "Monte di Sopra",
        "type": "peak",
        "elevation": "N/D",
        "sort_elevation": 0,
        "website": "",
        "description": "",
        "osm_id": 13306587835
      },
      "geometry": {
        "type": "Point",
        "coordinates": [
          8.6333291,
          45.8794815
        ]
      }
    },
    {
      "type": "Feature",
      "properties": {
        "id": 13323041618,
        "name": "Monte Sant'Antonio",
        "type": "peak",
        "elevation": 655,
        "sort_elevation": 655,
        "website": "",
        "description": "",
        "osm_id": 13323041618
      },
      "geometry": {
        "type": "Point",
        "coordinates": [
          8.6945752,
          45.9326089
        ]
      }
    },
    {
      "type": "Feature",
      "properties": {
        "id": 13344725896,
        "name": "Bivacco Alpe Prà sotto",
        "type": "hut",
        "elevation": 1250,
        "sort_elevation": 1250,
        "website": "",
        "description": "",
        "osm_id": 13344725896
      },
      "geometry": {
        "type": "Point",
        "coordinates": [
          8.2423776,
          46.0008532
        ]
      }
    },
    {
      "type": "Feature",
      "properties": {
        "id": 13448141687,
        "name": "Motto del Cavallo",
        "type": "peak",
        "elevation": 1245,
        "sort_elevation": 1245,
        "website": "",
        "description": "",
        "osm_id": 13448141687
      },
      "geometry": {
        "type": "Point",
        "coordinates": [
          8.370946,
          46.0118517
        ]
      }
    },
    {
      "type": "Feature",
      "properties": {
        "id": 13448141688,
        "name": "Cima Teu",
        "type": "peak",
        "elevation": 1138,
        "sort_elevation": 1138,
        "website": "",
        "description": "",
        "osm_id": 13448141688
      },
      "geometry": {
        "type": "Point",
        "coordinates": [
          8.3650623,
          46.0100656
        ]
      }
    },
    {
      "type": "Feature",
      "properties": {
        "id": 13448377356,
        "name": "Moncucco cima Sud",
        "type": "peak",
        "elevation": 1972,
        "sort_elevation": 1972,
        "website": "",
        "description": "",
        "osm_id": 13448377356
      },
      "geometry": {
        "type": "Point",
        "coordinates": [
          8.3803191,
          46.0260783
        ]
      }
    },
    {
      "type": "Feature",
      "properties": {
        "id": 13519883873,
        "name": "Groppole",
        "type": "peak",
        "elevation": 356,
        "sort_elevation": 356,
        "website": "",
        "description": "",
        "osm_id": 13519883873
      },
      "geometry": {
        "type": "Point",
        "coordinates": [
          8.4431872,
          45.9672532
        ]
      }
    },
    {
      "type": "Feature",
      "properties": {
        "id": 13519883876,
        "name": "Sasso del Magnano",
        "type": "peak",
        "elevation": "N/D",
        "sort_elevation": 0,
        "website": "",
        "description": "",
        "osm_id": 13519883876
      },
      "geometry": {
        "type": "Point",
        "coordinates": [
          8.4605722,
          45.9482578
        ]
      }
    },
    {
      "type": "Feature",
      "properties": {
        "id": 13630074515,
        "name": "Monte de' Coppi",
        "type": "peak",
        "elevation": "N/D",
        "sort_elevation": 0,
        "website": "",
        "description": "",
        "osm_id": 13630074515
      },
      "geometry": {
        "type": "Point",
        "coordinates": [
          8.6518769,
          45.9258594
        ]
      }
    },
    {
      "type": "Feature",
      "properties": {
        "id": 13727758248,
        "name": "La Barca",
        "type": "peak",
        "elevation": "N/D",
        "sort_elevation": 0,
        "website": "",
        "description": "",
        "osm_id": 13727758248
      },
      "geometry": {
        "type": "Point",
        "coordinates": [
          8.2234744,
          45.9956713
        ]
      }
    },
    {
      "type": "Feature",
      "properties": {
        "id": 13729844124,
        "name": "Turinell",
        "type": "peak",
        "elevation": "N/D",
        "sort_elevation": 0,
        "website": "",
        "description": "",
        "osm_id": 13729844124
      },
      "geometry": {
        "type": "Point",
        "coordinates": [
          8.4173271,
          46.0071525
        ]
      }
    },
    {
      "type": "Feature",
      "properties": {
        "id": 13729864528,
        "name": "Grünsee Mountain Lodge",
        "type": "hut",
        "elevation": 2296,
        "sort_elevation": 2296,
        "website": "https://gruenseemountainlodge.ch/",
        "description": "",
        "osm_id": 13729864528
      },
      "geometry": {
        "type": "Point",
        "coordinates": [
          7.7796972,
          46.0059923
        ]
      }
    },
    {
      "type": "Feature",
      "properties": {
        "id": 13801169111,
        "name": "Zmuttzähne",
        "type": "peak",
        "elevation": 3894,
        "sort_elevation": 3894,
        "website": "",
        "description": "",
        "osm_id": 13801169111
      },
      "geometry": {
        "type": "Point",
        "coordinates": [
          7.6538747,
          45.9804941
        ]
      }
    },
    {
      "type": "Feature",
      "properties": {
        "id": 13801169159,
        "name": "Picco Muzio",
        "type": "peak",
        "elevation": 4187,
        "sort_elevation": 4187,
        "website": "",
        "description": "",
        "osm_id": 13801169159
      },
      "geometry": {
        "type": "Point",
        "coordinates": [
          7.6610174,
          45.9754055
        ]
      }
    },
    {
      "type": "Feature",
      "properties": {
        "id": 13801169160,
        "name": "Épaule de Furggen",
        "type": "peak",
        "elevation": 4243,
        "sort_elevation": 4243,
        "website": "",
        "description": "",
        "osm_id": 13801169160
      },
      "geometry": {
        "type": "Point",
        "coordinates": [
          7.6603308,
          45.9756926
        ]
      }
    },
    {
      "type": "Feature",
      "properties": {
        "id": 39271752,
        "name": "Rifugio Casa dell'Alpino",
        "type": "hut",
        "elevation": 1260,
        "sort_elevation": 1260,
        "website": "",
        "description": "",
        "osm_id": 39271752
      },
      "geometry": {
        "type": "Point",
        "coordinates": [
          8.4816078,
          46.0081421
        ]
      }
    },
    {
      "type": "Feature",
      "properties": {
        "id": 60356684,
        "name": "Rifugio Guide del Cervino",
        "type": "hut",
        "elevation": 3480,
        "sort_elevation": 3480,
        "website": "https://www.rifugioguidedelcervino.com/",
        "description": "",
        "osm_id": 60356684
      },
      "geometry": {
        "type": "Point",
        "coordinates": [
          7.7081151,
          45.9338928
        ]
      }
    },
    {
      "type": "Feature",
      "properties": {
        "id": 64537436,
        "name": "Rifugio Rosazza",
        "type": "hut",
        "elevation": 1830,
        "sort_elevation": 1830,
        "website": "https://www.rifugio-rosazza.it",
        "description": "",
        "osm_id": 64537436
      },
      "geometry": {
        "type": "Point",
        "coordinates": [
          7.9505767,
          45.6340634
        ]
      }
    },
    {
      "type": "Feature",
      "properties": {
        "id": 77684438,
        "name": "Baita Bagneri - Cai Biella",
        "type": "hut",
        "elevation": "N/D",
        "sort_elevation": 0,
        "website": "https://caibiella.it",
        "description": "",
        "osm_id": 77684438
      },
      "geometry": {
        "type": "Point",
        "coordinates": [
          7.9479236,
          45.5779409
        ]
      }
    },
    {
      "type": "Feature",
      "properties": {
        "id": 83476110,
        "name": "Capanna Legnano",
        "type": "hut",
        "elevation": 1287,
        "sort_elevation": 1287,
        "website": "",
        "description": "",
        "osm_id": 83476110
      },
      "geometry": {
        "type": "Point",
        "coordinates": [
          8.3806664,
          45.9633518
        ]
      }
    },
    {
      "type": "Feature",
      "properties": {
        "id": 87432928,
        "name": "Turtmannhütte SAC",
        "type": "hut",
        "elevation": 2519,
        "sort_elevation": 2519,
        "website": "http://www.turtmannhuette.ch",
        "description": "",
        "osm_id": 87432928
      },
      "geometry": {
        "type": "Point",
        "coordinates": [
          7.6994842,
          46.1601325
        ]
      }
    },
    {
      "type": "Feature",
      "properties": {
        "id": 99614976,
        "name": "Rifugio De Grandi Adamoli",
        "type": "hut",
        "elevation": 977,
        "sort_elevation": 977,
        "website": "https://organizzazione.cai.it/sez-besozzo-superiore/strutture/rifugio-adamoli/",
        "description": "",
        "osm_id": 99614976
      },
      "geometry": {
        "type": "Point",
        "coordinates": [
          8.6723694,
          45.9307119
        ]
      }
    },
    {
      "type": "Feature",
      "properties": {
        "id": 101687080,
        "name": "Rifugio Alpe Cavanna",
        "type": "hut",
        "elevation": "N/D",
        "sort_elevation": 0,
        "website": "",
        "description": "",
        "osm_id": 101687080
      },
      "geometry": {
        "type": "Point",
        "coordinates": [
          7.9043566,
          45.5600063
        ]
      }
    },
    {
      "type": "Feature",
      "properties": {
        "id": 114853894,
        "name": "Rifugio Giovanni Bobba",
        "type": "bivouac",
        "elevation": 2770,
        "sort_elevation": 2770,
        "website": "",
        "description": "",
        "osm_id": 114853894
      },
      "geometry": {
        "type": "Point",
        "coordinates": [
          7.5989494,
          45.9338257
        ]
      }
    },
    {
      "type": "Feature",
      "properties": {
        "id": 115830106,
        "name": "Bivacco Tsan",
        "type": "bivouac",
        "elevation": 2489,
        "sort_elevation": 2489,
        "website": "",
        "description": "",
        "osm_id": 115830106
      },
      "geometry": {
        "type": "Point",
        "coordinates": [
          7.5492371,
          45.8613269
        ]
      }
    },
    {
      "type": "Feature",
      "properties": {
        "id": 120472224,
        "name": "Orestes Hütte",
        "type": "hut",
        "elevation": 2625,
        "sort_elevation": 2625,
        "website": "",
        "description": "",
        "osm_id": 120472224
      },
      "geometry": {
        "type": "Point",
        "coordinates": [
          7.8500561,
          45.8743924
        ]
      }
    },
    {
      "type": "Feature",
      "properties": {
        "id": 124392317,
        "name": "Topalihütte",
        "type": "hut",
        "elevation": 2674,
        "sort_elevation": 2674,
        "website": "https://www.topalihuette.ch/",
        "description": "",
        "osm_id": 124392317
      },
      "geometry": {
        "type": "Point",
        "coordinates": [
          7.7620233,
          46.1568846
        ]
      }
    },
    {
      "type": "Feature",
      "properties": {
        "id": 124915941,
        "name": "Alpage et buvette de La Louère",
        "type": "hut",
        "elevation": "N/D",
        "sort_elevation": 0,
        "website": "",
        "description": "",
        "osm_id": 124915941
      },
      "geometry": {
        "type": "Point",
        "coordinates": [
          7.4768299,
          46.1951299
        ]
      }
    },
    {
      "type": "Feature",
      "properties": {
        "id": 125447845,
        "name": "Rifugio Duca degli Abruzzi all'Oriondé",
        "type": "hut",
        "elevation": 2810,
        "sort_elevation": 2810,
        "website": "https://www.rifugiorionde.it",
        "description": "",
        "osm_id": 125447845
      },
      "geometry": {
        "type": "Point",
        "coordinates": [
          7.6437783,
          45.9590769
        ]
      }
    },
    {
      "type": "Feature",
      "properties": {
        "id": 125530393,
        "name": "Bivacco Duccio Manenti",
        "type": "bivouac",
        "elevation": 2806,
        "sort_elevation": 2806,
        "website": "",
        "description": "",
        "osm_id": 125530393
      },
      "geometry": {
        "type": "Point",
        "coordinates": [
          7.5689427,
          45.9001644
        ]
      }
    },
    {
      "type": "Feature",
      "properties": {
        "id": 125530402,
        "name": "Bivacco Rivolta",
        "type": "bivouac",
        "elevation": 2899,
        "sort_elevation": 2899,
        "website": "",
        "description": "",
        "osm_id": 125530402
      },
      "geometry": {
        "type": "Point",
        "coordinates": [
          7.5595731,
          45.8775798
        ]
      }
    },
    {
      "type": "Feature",
      "properties": {
        "id": 125530406,
        "name": "Rifugio Perucca-Vuillermoz",
        "type": "hut",
        "elevation": 2915,
        "sort_elevation": 2915,
        "website": "",
        "description": "",
        "osm_id": 125530406
      },
      "geometry": {
        "type": "Point",
        "coordinates": [
          7.5670721,
          45.9036413
        ]
      }
    },
    {
      "type": "Feature",
      "properties": {
        "id": 126278404,
        "name": "Rifugio Alpe Baranca",
        "type": "hut",
        "elevation": 1600,
        "sort_elevation": 1600,
        "website": "http://www.rifugioalpebaranca.com",
        "description": "",
        "osm_id": 126278404
      },
      "geometry": {
        "type": "Point",
        "coordinates": [
          8.1080903,
          45.9249753
        ]
      }
    },
    {
      "type": "Feature",
      "properties": {
        "id": 130545657,
        "name": "Bar Ristoro Lago Muffé",
        "type": "hut",
        "elevation": "N/D",
        "sort_elevation": 0,
        "website": "",
        "description": "",
        "osm_id": 130545657
      },
      "geometry": {
        "type": "Point",
        "coordinates": [
          7.6046292,
          45.6369856
        ]
      }
    },
    {
      "type": "Feature",
      "properties": {
        "id": 130668499,
        "name": "Alpeggio di Grauson Dessus",
        "type": "bivouac",
        "elevation": 2540,
        "sort_elevation": 2540,
        "website": "",
        "description": "Ex Bivacco Grauson - Tentori",
        "osm_id": 130668499
      },
      "geometry": {
        "type": "Point",
        "coordinates": [
          7.4102136,
          45.6435645
        ]
      }
    },
    {
      "type": "Feature",
      "properties": {
        "id": 130763339,
        "name": "Sogno di Berdzé al Péradzà",
        "type": "hut",
        "elevation": 2529,
        "sort_elevation": 2529,
        "website": "https://www.sognodiberze.it/fr/",
        "description": "",
        "osm_id": 130763339
      },
      "geometry": {
        "type": "Point",
        "coordinates": [
          7.487862,
          45.5961535
        ]
      }
    },
    {
      "type": "Feature",
      "properties": {
        "id": 131601693,
        "name": "Bivacco Rotary Val Clavalité - Egidio Borroz",
        "type": "bivouac",
        "elevation": 2156,
        "sort_elevation": 2156,
        "website": "https://www.comune.fenis.ao.it/cfe/index.cfm/il-bivacco-egidio-borroz.html",
        "description": "Coperte, fornello, stufa e legna da ardere, acqua e wc. Questi ultimi non sono disponibili nel periodo invernale per rischio gelo. Vi è anche un pannello fotovoltaico per la corrente elettrica che però nel periodo invernale non opera a pieno regime.",
        "osm_id": 131601693
      },
      "geometry": {
        "type": "Point",
        "coordinates": [
          7.4979573,
          45.6342128
        ]
      }
    },
    {
      "type": "Feature",
      "properties": {
        "id": 138118136,
        "name": "Bivacco La Lliée",
        "type": "bivouac",
        "elevation": 2422,
        "sort_elevation": 2422,
        "website": "https://www.lovevda.it/it/banca-dati/7/bivacchi/oyace/bivacco-la-lliee/2503",
        "description": "Presente cucina a gas",
        "osm_id": 138118136
      },
      "geometry": {
        "type": "Point",
        "coordinates": [
          7.4008093,
          45.8177683
        ]
      }
    },
    {
      "type": "Feature",
      "properties": {
        "id": 142208367,
        "name": "Rifugio Mombarone",
        "type": "hut",
        "elevation": 2312,
        "sort_elevation": 2312,
        "website": "",
        "description": "",
        "osm_id": 142208367
      },
      "geometry": {
        "type": "Point",
        "coordinates": [
          7.8941021,
          45.5850406
        ]
      }
    },
    {
      "type": "Feature",
      "properties": {
        "id": 144005498,
        "name": "Rifugio Chiaromonte",
        "type": "hut",
        "elevation": 2015,
        "sort_elevation": 2015,
        "website": "",
        "description": "",
        "osm_id": 144005498
      },
      "geometry": {
        "type": "Point",
        "coordinates": [
          7.7413743,
          45.5402571
        ]
      }
    },
    {
      "type": "Feature",
      "properties": {
        "id": 147187152,
        "name": "Bivacco Luca Reboulaz",
        "type": "bivouac",
        "elevation": 2575,
        "sort_elevation": 2575,
        "website": "http://bivaccolucareboulaz.weebly.com/",
        "description": "Struttura ad un piano con due locali distinti: una zona soggiorno-cucina attrezzata con tavoli e panche, 2 fuochi a gas, stufa e dispensa con pentolame e posate; una zona dormitorio con 24 posti letto attrezzati con cuscini e coperte",
        "osm_id": 147187152
      },
      "geometry": {
        "type": "Point",
        "coordinates": [
          7.5127797,
          45.8635849
        ]
      }
    },
    {
      "type": "Feature",
      "properties": {
        "id": 149862628,
        "name": "Rifugio Capanna Giovanni Gnifetti",
        "type": "hut",
        "elevation": 3625,
        "sort_elevation": 3625,
        "website": "http://www.rifugimonterosa.it/de/web/gnifetti-h%C3%BCtte-95",
        "description": "",
        "osm_id": 149862628
      },
      "geometry": {
        "type": "Point",
        "coordinates": [
          7.849956,
          45.8997373
        ]
      }
    },
    {
      "type": "Feature",
      "properties": {
        "id": 149862629,
        "name": "Rifugio Capanna Regina Margherita",
        "type": "hut",
        "elevation": 4554,
        "sort_elevation": 4554,
        "website": "https://www.rifugimonterosa.it/",
        "description": "",
        "osm_id": 149862629
      },
      "geometry": {
        "type": "Point",
        "coordinates": [
          7.8770157,
          45.9270706
        ]
      }
    },
    {
      "type": "Feature",
      "properties": {
        "id": 151947378,
        "name": "Rifugio Bruno Piazza",
        "type": "hut",
        "elevation": 1050,
        "sort_elevation": 1050,
        "website": "https://www.caicvl.eu/index.php/i-rifugi/valchiusella/rifugio-bruno-piazza",
        "description": "",
        "osm_id": 151947378
      },
      "geometry": {
        "type": "Point",
        "coordinates": [
          7.739736,
          45.5135826
        ]
      }
    },
    {
      "type": "Feature",
      "properties": {
        "id": 151999944,
        "name": "Rifugio Alpe il Laghetto",
        "type": "hut",
        "elevation": 2039,
        "sort_elevation": 2039,
        "website": "",
        "description": "",
        "osm_id": 151999944
      },
      "geometry": {
        "type": "Point",
        "coordinates": [
          8.1470168,
          46.1280871
        ]
      }
    },
    {
      "type": "Feature",
      "properties": {
        "id": 152000350,
        "name": "Bivacco Dino del Custode",
        "type": "bivouac",
        "elevation": "N/D",
        "sort_elevation": 0,
        "website": "",
        "description": "struttura in muratura inaugurata nell'ottobre del 2017: offre un piccolo locale con lavello e acqua corrente, piccola cucina a gas a 3 fuochi, piccola stufa a legna, luce tramite pannello solare, una presa usb per ricarica cellulari, wc interno",
        "osm_id": 152000350
      },
      "geometry": {
        "type": "Point",
        "coordinates": [
          8.1563405,
          46.1238537
        ]
      }
    },
    {
      "type": "Feature",
      "properties": {
        "id": 152000351,
        "name": "Bivacco Emilio Marigonda",
        "type": "bivouac",
        "elevation": 1823,
        "sort_elevation": 1823,
        "website": "",
        "description": "apertura dal 1° maggio al 31 ottobre",
        "osm_id": 152000351
      },
      "geometry": {
        "type": "Point",
        "coordinates": [
          8.1564115,
          46.1237791
        ]
      }
    },
    {
      "type": "Feature",
      "properties": {
        "id": 152004021,
        "name": "Rifugio CAI Fantoli",
        "type": "hut",
        "elevation": "N/D",
        "sort_elevation": 0,
        "website": "https://www.rifugiofantoli.it/",
        "description": "",
        "osm_id": 152004021
      },
      "geometry": {
        "type": "Point",
        "coordinates": [
          8.4620165,
          45.9851317
        ]
      }
    },
    {
      "type": "Feature",
      "properties": {
        "id": 152004978,
        "name": "Rifugio CAI Pian Cavallone",
        "type": "hut",
        "elevation": 1530,
        "sort_elevation": 1530,
        "website": "",
        "description": "",
        "osm_id": 152004978
      },
      "geometry": {
        "type": "Point",
        "coordinates": [
          8.5393326,
          46.0133423
        ]
      }
    },
    {
      "type": "Feature",
      "properties": {
        "id": 152017461,
        "name": "Rifugio Città di Novara",
        "type": "hut",
        "elevation": 1474,
        "sort_elevation": 1474,
        "website": "http://www.rifugionovara.com/",
        "description": "",
        "osm_id": 152017461
      },
      "geometry": {
        "type": "Point",
        "coordinates": [
          8.116807,
          46.0852206
        ]
      }
    },
    {
      "type": "Feature",
      "properties": {
        "id": 152017549,
        "name": "Rifugio Andolla",
        "type": "hut",
        "elevation": 2061,
        "sort_elevation": 2061,
        "website": "https://rifugidellossola.it/project/rifugio-andolla/",
        "description": "",
        "osm_id": 152017549
      },
      "geometry": {
        "type": "Point",
        "coordinates": [
          8.0705981,
          46.0950069
        ]
      }
    },
    {
      "type": "Feature",
      "properties": {
        "id": 152018541,
        "name": "Rifugio Gran Baita CAI Omegna",
        "type": "hut",
        "elevation": 1405,
        "sort_elevation": 1405,
        "website": "",
        "description": "",
        "osm_id": 152018541
      },
      "geometry": {
        "type": "Point",
        "coordinates": [
          8.4472511,
          45.880055
        ]
      }
    },
    {
      "type": "Feature",
      "properties": {
        "id": 152018543,
        "name": "Rifugio Genziana",
        "type": "hut",
        "elevation": "N/D",
        "sort_elevation": 0,
        "website": "",
        "description": "",
        "osm_id": 152018543
      },
      "geometry": {
        "type": "Point",
        "coordinates": [
          8.4496411,
          45.8799994
        ]
      }
    },
    {
      "type": "Feature",
      "properties": {
        "id": 152019843,
        "name": "Rifugio Crespi-Calderini",
        "type": "hut",
        "elevation": 1836,
        "sort_elevation": 1836,
        "website": "https://www.caivarallo.com/rifugi-cai-piemonte-valsesia/bors-rifugio-crespi-calderini/",
        "description": "Cellulare +39 349 6304570\nGestori: Francesca Chiarello e Davide Massaro\nApertura estiva: maggio fine settimana / Da giugno a settembre tutti i giorni / ottobre fine settimana (oppure su richiesta)",
        "osm_id": 152019843
      },
      "geometry": {
        "type": "Point",
        "coordinates": [
          7.9098925,
          45.8886586
        ]
      }
    },
    {
      "type": "Feature",
      "properties": {
        "id": 152020401,
        "name": "Rifugio Renato Brusa Perona",
        "type": "hut",
        "elevation": 1531,
        "sort_elevation": 1531,
        "website": "https://www.rifugiocortevecchio.it/",
        "description": "",
        "osm_id": 152020401
      },
      "geometry": {
        "type": "Point",
        "coordinates": [
          8.3617954,
          45.9505702
        ]
      }
    },
    {
      "type": "Feature",
      "properties": {
        "id": 152021994,
        "name": "Rifugio Pastore",
        "type": "hut",
        "elevation": 1575,
        "sort_elevation": 1575,
        "website": "http://www.rifugiopastore.it/",
        "description": "",
        "osm_id": 152021994
      },
      "geometry": {
        "type": "Point",
        "coordinates": [
          7.9281891,
          45.883802
        ]
      }
    },
    {
      "type": "Feature",
      "properties": {
        "id": 152022713,
        "name": "Rifugio Alfredo Rivetti",
        "type": "hut",
        "elevation": 2150,
        "sort_elevation": 2150,
        "website": "http://www.caibiella.it/wptemp/rifugi/",
        "description": "",
        "osm_id": 152022713
      },
      "geometry": {
        "type": "Point",
        "coordinates": [
          7.9358475,
          45.7191826
        ]
      }
    },
    {
      "type": "Feature",
      "properties": {
        "id": 154481659,
        "name": "Rifugio Alpe Bonze",
        "type": "hut",
        "elevation": 1861,
        "sort_elevation": 1861,
        "website": "https://rifugioalpebonze.com/",
        "description": "",
        "osm_id": 154481659
      },
      "geometry": {
        "type": "Point",
        "coordinates": [
          7.7355001,
          45.564075
        ]
      }
    },
    {
      "type": "Feature",
      "properties": {
        "id": 164512486,
        "name": "Rifugio Gilodi-Cà Mea",
        "type": "hut",
        "elevation": 1145,
        "sort_elevation": 1145,
        "website": "",
        "description": "",
        "osm_id": 164512486
      },
      "geometry": {
        "type": "Point",
        "coordinates": [
          8.2261817,
          45.7537365
        ]
      }
    },
    {
      "type": "Feature",
      "properties": {
        "id": 172668489,
        "name": "Rifugio Alpe Pianetti",
        "type": "hut",
        "elevation": 1321,
        "sort_elevation": 1321,
        "website": "",
        "description": "",
        "osm_id": 172668489
      },
      "geometry": {
        "type": "Point",
        "coordinates": [
          7.9173172,
          45.5776944
        ]
      }
    },
    {
      "type": "Feature",
      "properties": {
        "id": 203949197,
        "name": "Baita Santa Maria",
        "type": "hut",
        "elevation": "N/D",
        "sort_elevation": 0,
        "website": "",
        "description": "",
        "osm_id": 203949197
      },
      "geometry": {
        "type": "Point",
        "coordinates": [
          8.7483207,
          45.907177
        ]
      }
    },
    {
      "type": "Feature",
      "properties": {
        "id": 204983509,
        "name": "Rifugio Bausano (Rif. San Besso)",
        "type": "hut",
        "elevation": 2019,
        "sort_elevation": 2019,
        "website": "",
        "description": "",
        "osm_id": 204983509
      },
      "geometry": {
        "type": "Point",
        "coordinates": [
          7.5279144,
          45.5586081
        ]
      }
    },
    {
      "type": "Feature",
      "properties": {
        "id": 208112911,
        "name": "Cabane des Aiguilles Rouges",
        "type": "hut",
        "elevation": 2810,
        "sort_elevation": 2810,
        "website": "https://www.aiguillesrouges.ch/",
        "description": "",
        "osm_id": 208112911
      },
      "geometry": {
        "type": "Point",
        "coordinates": [
          7.4574594,
          46.0563746
        ]
      }
    },
    {
      "type": "Feature",
      "properties": {
        "id": 208112912,
        "name": "Cabane des Dix",
        "type": "hut",
        "elevation": 2928,
        "sort_elevation": 2928,
        "website": "http://www.cabanedesdix.ch",
        "description": "",
        "osm_id": 208112912
      },
      "geometry": {
        "type": "Point",
        "coordinates": [
          7.4175975,
          46.011092
        ]
      }
    },
    {
      "type": "Feature",
      "properties": {
        "id": 208115673,
        "name": "Cabane du Petit Mountet",
        "type": "hut",
        "elevation": 2142,
        "sort_elevation": 2142,
        "website": "https://www.petitmountet.ch/",
        "description": "",
        "osm_id": 208115673
      },
      "geometry": {
        "type": "Point",
        "coordinates": [
          7.633304,
          46.0922605
        ]
      }
    },
    {
      "type": "Feature",
      "properties": {
        "id": 208636182,
        "name": "Bivacco Don Luigi Ravelli",
        "type": "bivouac",
        "elevation": 2503,
        "sort_elevation": 2503,
        "website": "http://www.caivarallo.it/",
        "description": "",
        "osm_id": 208636182
      },
      "geometry": {
        "type": "Point",
        "coordinates": [
          7.8804701,
          45.8372612
        ]
      }
    },
    {
      "type": "Feature",
      "properties": {
        "id": 211458421,
        "name": "Punto Appoggio Alpe Cavaione",
        "type": "bivouac",
        "elevation": "N/D",
        "sort_elevation": 0,
        "website": "",
        "description": "",
        "osm_id": 211458421
      },
      "geometry": {
        "type": "Point",
        "coordinates": [
          8.1160756,
          45.8742125
        ]
      }
    },
    {
      "type": "Feature",
      "properties": {
        "id": 211458426,
        "name": "Punto di Appoggio Alpe Helo",
        "type": "bivouac",
        "elevation": 1744,
        "sort_elevation": 1744,
        "website": "http://www.caivarallo.it/rifugi_cai_varallo/punto_appoggio_alpe_helo.php",
        "description": "",
        "osm_id": 211458426
      },
      "geometry": {
        "type": "Point",
        "coordinates": [
          8.1557836,
          45.9322829
        ]
      }
    },
    {
      "type": "Feature",
      "properties": {
        "id": 213421159,
        "name": "Rifugio Camparient",
        "type": "hut",
        "elevation": "N/D",
        "sort_elevation": 0,
        "website": "https://www.rifugiocamparient.com/",
        "description": "",
        "osm_id": 213421159
      },
      "geometry": {
        "type": "Point",
        "coordinates": [
          8.0882056,
          45.7473015
        ]
      }
    },
    {
      "type": "Feature",
      "properties": {
        "id": 216422354,
        "name": "Posto tappa gta",
        "type": "hut",
        "elevation": 1411,
        "sort_elevation": 1411,
        "website": "",
        "description": "",
        "osm_id": 216422354
      },
      "geometry": {
        "type": "Point",
        "coordinates": [
          7.9991566,
          45.886375
        ]
      }
    },
    {
      "type": "Feature",
      "properties": {
        "id": 216479593,
        "name": "Rifugio Brusà",
        "type": "hut",
        "elevation": 1350,
        "sort_elevation": 1350,
        "website": "",
        "description": "",
        "osm_id": 216479593
      },
      "geometry": {
        "type": "Point",
        "coordinates": [
          8.0127209,
          45.8804647
        ]
      }
    },
    {
      "type": "Feature",
      "properties": {
        "id": 219530980,
        "name": "Rifugio Obru Huusch",
        "type": "hut",
        "elevation": "N/D",
        "sort_elevation": 0,
        "website": "",
        "description": "",
        "osm_id": 219530980
      },
      "geometry": {
        "type": "Point",
        "coordinates": [
          8.1746124,
          45.9104624
        ]
      }
    },
    {
      "type": "Feature",
      "properties": {
        "id": 219629221,
        "name": "Capanna Sociale Città di Borgomanero",
        "type": "hut",
        "elevation": "N/D",
        "sort_elevation": 0,
        "website": "",
        "description": "",
        "osm_id": 219629221
      },
      "geometry": {
        "type": "Point",
        "coordinates": [
          8.2240665,
          45.9166047
        ]
      }
    },
    {
      "type": "Feature",
      "properties": {
        "id": 219790214,
        "name": "Unknown (hut)",
        "type": "hut",
        "elevation": "N/D",
        "sort_elevation": 0,
        "website": "",
        "description": "",
        "osm_id": 219790214
      },
      "geometry": {
        "type": "Point",
        "coordinates": [
          8.1425742,
          45.8755903
        ]
      }
    },
    {
      "type": "Feature",
      "properties": {
        "id": 221584940,
        "name": "Rifugio Camosci",
        "type": "hut",
        "elevation": "N/D",
        "sort_elevation": 0,
        "website": "",
        "description": "",
        "osm_id": 221584940
      },
      "geometry": {
        "type": "Point",
        "coordinates": [
          8.2614866,
          45.8648187
        ]
      }
    },
    {
      "type": "Feature",
      "properties": {
        "id": 228005267,
        "name": "Bergrestaurant Kreuzboden",
        "type": "hut",
        "elevation": "N/D",
        "sort_elevation": 0,
        "website": "",
        "description": "",
        "osm_id": 228005267
      },
      "geometry": {
        "type": "Point",
        "coordinates": [
          7.9633263,
          46.1385981
        ]
      }
    },
    {
      "type": "Feature",
      "properties": {
        "id": 236741607,
        "name": "Bivacco Augusto Pala",
        "type": "bivouac",
        "elevation": 1910,
        "sort_elevation": 1910,
        "website": "https://www.caimacugnaga.org/rifugi/27-bivacco-hinderbalmo",
        "description": "",
        "osm_id": 236741607
      },
      "geometry": {
        "type": "Point",
        "coordinates": [
          7.9376246,
          45.9753729
        ]
      }
    },
    {
      "type": "Feature",
      "properties": {
        "id": 236845358,
        "name": "Bivacco Emiliano Lanti",
        "type": "bivouac",
        "elevation": 2115,
        "sort_elevation": 2115,
        "website": "https://caimacugnaga.org/rifugi/26-emiliano-lanti.html",
        "description": "",
        "osm_id": 236845358
      },
      "geometry": {
        "type": "Point",
        "coordinates": [
          7.9634892,
          45.9120014
        ]
      }
    },
    {
      "type": "Feature",
      "properties": {
        "id": 237576854,
        "name": "Bivacco Bartolomeo Longa",
        "type": "bivouac",
        "elevation": "N/D",
        "sort_elevation": 0,
        "website": "",
        "description": "",
        "osm_id": 237576854
      },
      "geometry": {
        "type": "Point",
        "coordinates": [
          8.0620263,
          45.9884329
        ]
      }
    },
    {
      "type": "Feature",
      "properties": {
        "id": 238581809,
        "name": "Bivacco Lamè",
        "type": "bivouac",
        "elevation": 2422,
        "sort_elevation": 2422,
        "website": "",
        "description": "",
        "osm_id": 238581809
      },
      "geometry": {
        "type": "Point",
        "coordinates": [
          8.0869827,
          46.0066019
        ]
      }
    },
    {
      "type": "Feature",
      "properties": {
        "id": 238695530,
        "name": "Bivacco Cingora m.1283",
        "type": "bivouac",
        "elevation": "N/D",
        "sort_elevation": 0,
        "website": "",
        "description": "Si fa presente che il bivacco è accessibile su richiesta delle chiavi, anche se nel sito vi è descritto che è sempre aperto. L'acqua è presente se non vi è un periodo siccitoso, eventualmente telefonare per informazioni.",
        "osm_id": 238695530
      },
      "geometry": {
        "type": "Point",
        "coordinates": [
          8.1354152,
          45.9977899
        ]
      }
    },
    {
      "type": "Feature",
      "properties": {
        "id": 239160357,
        "name": "Bivacco Rosaire et Clermont",
        "type": "bivouac",
        "elevation": 2699,
        "sort_elevation": 2699,
        "website": "https://www.lovevda.it/it/banca-dati/7/bivacchi/quart/bivacco-rosaire-clermont/3251",
        "description": "Presente cucina a gas. Acqua (da bollire/filtrare) al lago Vessona, ci sono taniche da riempire nel bivacco",
        "osm_id": 239160357
      },
      "geometry": {
        "type": "Point",
        "coordinates": [
          7.4580384,
          45.8263053
        ]
      }
    },
    {
      "type": "Feature",
      "properties": {
        "id": 239585227,
        "name": "Rifugio alpe Selle",
        "type": "hut",
        "elevation": "N/D",
        "sort_elevation": 0,
        "website": "http://rifugioalpeselle.weebly.com",
        "description": "",
        "osm_id": 239585227
      },
      "geometry": {
        "type": "Point",
        "coordinates": [
          8.1014621,
          45.928026
        ]
      }
    },
    {
      "type": "Feature",
      "properties": {
        "id": 240013389,
        "name": "bivacco Alpe Drocaccia m.1442",
        "type": "bivouac",
        "elevation": 1440,
        "sort_elevation": 1440,
        "website": "",
        "description": "",
        "osm_id": 240013389
      },
      "geometry": {
        "type": "Point",
        "coordinates": [
          8.1354268,
          45.9436415
        ]
      }
    },
    {
      "type": "Feature",
      "properties": {
        "id": 240013421,
        "name": "Bivacco Riale",
        "type": "bivouac",
        "elevation": "N/D",
        "sort_elevation": 0,
        "website": "",
        "description": "",
        "osm_id": 240013421
      },
      "geometry": {
        "type": "Point",
        "coordinates": [
          8.1887846,
          45.9561197
        ]
      }
    },
    {
      "type": "Feature",
      "properties": {
        "id": 240432026,
        "name": "Almagelleralp",
        "type": "hut",
        "elevation": 2194,
        "sort_elevation": 2194,
        "website": "",
        "description": "",
        "osm_id": 240432026
      },
      "geometry": {
        "type": "Point",
        "coordinates": [
          7.9847741,
          46.1011253
        ]
      }
    },
    {
      "type": "Feature",
      "properties": {
        "id": 241751678,
        "name": "Bivacco Col d'Egua",
        "type": "bivouac",
        "elevation": 2260,
        "sort_elevation": 2260,
        "website": "",
        "description": "",
        "osm_id": 241751678
      },
      "geometry": {
        "type": "Point",
        "coordinates": [
          8.0814227,
          45.9257923
        ]
      }
    },
    {
      "type": "Feature",
      "properties": {
        "id": 243581682,
        "name": "Cabane de la Dent Blanche CAS",
        "type": "hut",
        "elevation": 3507,
        "sort_elevation": 3507,
        "website": "https://www.cabane-dent-blanche.ch/",
        "description": "",
        "osm_id": 243581682
      },
      "geometry": {
        "type": "Point",
        "coordinates": [
          7.600884,
          46.0202573
        ]
      }
    },
    {
      "type": "Feature",
      "properties": {
        "id": 254529621,
        "name": "Rifugio Jean-Antoine Carrel",
        "type": "hut",
        "elevation": 3829,
        "sort_elevation": 3829,
        "website": "https://www.guidedelcervino.com/capanna-carrel/",
        "description": "",
        "osm_id": 254529621
      },
      "geometry": {
        "type": "Point",
        "coordinates": [
          7.6477525,
          45.9730484
        ]
      }
    },
    {
      "type": "Feature",
      "properties": {
        "id": 254760025,
        "name": "Bivacco Alpe Bondolo",
        "type": "bivouac",
        "elevation": 1594,
        "sort_elevation": 1594,
        "website": "",
        "description": "",
        "osm_id": 254760025
      },
      "geometry": {
        "type": "Point",
        "coordinates": [
          8.4502395,
          46.0839138
        ]
      }
    },
    {
      "type": "Feature",
      "properties": {
        "id": 254760036,
        "name": "Rifugio al Cedo",
        "type": "bivouac",
        "elevation": 1560,
        "sort_elevation": 1560,
        "website": "https://www.caivigezzo.org/rifugi/rifugio-d-castelnuovo-al-cedo/",
        "description": "Richiedere le chiavi al comune",
        "osm_id": 254760036
      },
      "geometry": {
        "type": "Point",
        "coordinates": [
          8.4392129,
          46.0965495
        ]
      }
    },
    {
      "type": "Feature",
      "properties": {
        "id": 264119416,
        "name": "Rifugio Militare del Forte di Orino",
        "type": "hut",
        "elevation": "N/D",
        "sort_elevation": 0,
        "website": "",
        "description": "",
        "osm_id": 264119416
      },
      "geometry": {
        "type": "Point",
        "coordinates": [
          8.7366881,
          45.8731907
        ]
      }
    },
    {
      "type": "Feature",
      "properties": {
        "id": 269560442,
        "name": "Bivacco in La Piana",
        "type": "bivouac",
        "elevation": 970,
        "sort_elevation": 970,
        "website": "",
        "description": "",
        "osm_id": 269560442
      },
      "geometry": {
        "type": "Point",
        "coordinates": [
          8.4193271,
          46.0564272
        ]
      }
    },
    {
      "type": "Feature",
      "properties": {
        "id": 274305272,
        "name": "Rifugio Gaspare Oberto - Paolo Maroli",
        "type": "hut",
        "elevation": 2796,
        "sort_elevation": 2796,
        "website": "http://www.caimacugnaga.org/rifugi/30-gaspare-oberto.html",
        "description": "",
        "osm_id": 274305272
      },
      "geometry": {
        "type": "Point",
        "coordinates": [
          7.9788401,
          45.9965492
        ]
      }
    },
    {
      "type": "Feature",
      "properties": {
        "id": 288513354,
        "name": "Bivacco Alpe Curgei",
        "type": "bivouac",
        "elevation": 1350,
        "sort_elevation": 1350,
        "website": "",
        "description": "",
        "osm_id": 288513354
      },
      "geometry": {
        "type": "Point",
        "coordinates": [
          8.5179369,
          46.0038048
        ]
      }
    },
    {
      "type": "Feature",
      "properties": {
        "id": 288513355,
        "name": "Ricovero invernale",
        "type": "bivouac",
        "elevation": "N/D",
        "sort_elevation": 0,
        "website": "",
        "description": "",
        "osm_id": 288513355
      },
      "geometry": {
        "type": "Point",
        "coordinates": [
          8.5345991,
          46.0087148
        ]
      }
    },
    {
      "type": "Feature",
      "properties": {
        "id": 289089100,
        "name": "Rifugio Primatesta",
        "type": "hut",
        "elevation": 970,
        "sort_elevation": 970,
        "website": "",
        "description": "",
        "osm_id": 289089100
      },
      "geometry": {
        "type": "Point",
        "coordinates": [
          8.3118966,
          45.7872555
        ]
      }
    },
    {
      "type": "Feature",
      "properties": {
        "id": 289728576,
        "name": "Rifugio GASB",
        "type": "hut",
        "elevation": 670,
        "sort_elevation": 670,
        "website": "",
        "description": "",
        "osm_id": 289728576
      },
      "geometry": {
        "type": "Point",
        "coordinates": [
          8.3107862,
          45.7099049
        ]
      }
    },
    {
      "type": "Feature",
      "properties": {
        "id": 295875967,
        "name": "Rifugio Teodulo",
        "type": "hut",
        "elevation": 3317,
        "sort_elevation": 3317,
        "website": "https://www.cervinia.it/",
        "description": "",
        "osm_id": 295875967
      },
      "geometry": {
        "type": "Point",
        "coordinates": [
          7.7085029,
          45.9440576
        ]
      }
    },
    {
      "type": "Feature",
      "properties": {
        "id": 296036027,
        "name": "Bivacco Ulrich Lateltin",
        "type": "bivouac",
        "elevation": 3113,
        "sort_elevation": 3113,
        "website": "",
        "description": "",
        "osm_id": 296036027
      },
      "geometry": {
        "type": "Point",
        "coordinates": [
          7.7910616,
          45.8228362
        ]
      }
    },
    {
      "type": "Feature",
      "properties": {
        "id": 296194839,
        "name": "Fluhalp",
        "type": "hut",
        "elevation": 2616,
        "sort_elevation": 2616,
        "website": "https://www.fluhalp.swiss/",
        "description": "",
        "osm_id": 296194839
      },
      "geometry": {
        "type": "Point",
        "coordinates": [
          7.8109183,
          46.0127444
        ]
      }
    },
    {
      "type": "Feature",
      "properties": {
        "id": 296802400,
        "name": "Europahütte",
        "type": "hut",
        "elevation": 2220,
        "sort_elevation": 2220,
        "website": "https://www.randa.ch/tourismus/berghuetten/europahuette/",
        "description": "",
        "osm_id": 296802400
      },
      "geometry": {
        "type": "Point",
        "coordinates": [
          7.8059531,
          46.1056547
        ]
      }
    },
    {
      "type": "Feature",
      "properties": {
        "id": 300604804,
        "name": "Bivacco Muggia-Glarey",
        "type": "bivouac",
        "elevation": 2850,
        "sort_elevation": 2850,
        "website": "",
        "description": "",
        "osm_id": 300604804
      },
      "geometry": {
        "type": "Point",
        "coordinates": [
          7.4524976,
          45.629739
        ]
      }
    },
    {
      "type": "Feature",
      "properties": {
        "id": 303244800,
        "name": "Domhütte SAC",
        "type": "hut",
        "elevation": 2940,
        "sort_elevation": 2940,
        "website": "https://domhuette.ch",
        "description": "",
        "osm_id": 303244800
      },
      "geometry": {
        "type": "Point",
        "coordinates": [
          7.8176645,
          46.1027954
        ]
      }
    },
    {
      "type": "Feature",
      "properties": {
        "id": 303518020,
        "name": "Rifugio Quintino Sella al Felik",
        "type": "hut",
        "elevation": 3585,
        "sort_elevation": 3585,
        "website": "https://www.rifugioquintinosella.com/index_d.asp",
        "description": "",
        "osm_id": 303518020
      },
      "geometry": {
        "type": "Point",
        "coordinates": [
          7.7927831,
          45.9011242
        ]
      }
    },
    {
      "type": "Feature",
      "properties": {
        "id": 306849261,
        "name": "Bivacco Amedeo Pirozzini",
        "type": "bivouac",
        "elevation": "N/D",
        "sort_elevation": 0,
        "website": "https://www.estmonterosa.it/bivacco-rifugio-amedeo-pirozzini.html",
        "description": "",
        "osm_id": 306849261
      },
      "geometry": {
        "type": "Point",
        "coordinates": [
          8.2303717,
          45.9678345
        ]
      }
    },
    {
      "type": "Feature",
      "properties": {
        "id": 314177232,
        "name": "bivacco Stefanetti all'Alpe Lorino",
        "type": "bivouac",
        "elevation": "N/D",
        "sort_elevation": 0,
        "website": "",
        "description": "",
        "osm_id": 314177232
      },
      "geometry": {
        "type": "Point",
        "coordinates": [
          8.2285719,
          46.1883746
        ]
      }
    },
    {
      "type": "Feature",
      "properties": {
        "id": 332878342,
        "name": "Rifugio Massero",
        "type": "hut",
        "elevation": 2082,
        "sort_elevation": 2082,
        "website": "http://www.alpinerunner.it/",
        "description": "",
        "osm_id": 332878342
      },
      "geometry": {
        "type": "Point",
        "coordinates": [
          8.0164503,
          45.9133941
        ]
      }
    },
    {
      "type": "Feature",
      "properties": {
        "id": 332895975,
        "name": "Gandegghütte",
        "type": "hut",
        "elevation": 3029,
        "sort_elevation": 3029,
        "website": "https://www.gandegg.ch/",
        "description": "",
        "osm_id": 332895975
      },
      "geometry": {
        "type": "Point",
        "coordinates": [
          7.7255863,
          45.9641387
        ]
      }
    },
    {
      "type": "Feature",
      "properties": {
        "id": 333351700,
        "name": "Rifugio Al Legn",
        "type": "hut",
        "elevation": 1785,
        "sort_elevation": 1785,
        "website": "http://www.legn.ch",
        "description": "",
        "osm_id": 333351700
      },
      "geometry": {
        "type": "Point",
        "coordinates": [
          8.667169,
          46.1223782
        ]
      }
    },
    {
      "type": "Feature",
      "properties": {
        "id": 333851988,
        "name": "Rifugio Vallè",
        "type": "hut",
        "elevation": 2180,
        "sort_elevation": 2180,
        "website": "",
        "description": "",
        "osm_id": 333851988
      },
      "geometry": {
        "type": "Point",
        "coordinates": [
          7.9939367,
          45.9044712
        ]
      }
    },
    {
      "type": "Feature",
      "properties": {
        "id": 334666078,
        "name": "Rifugio Spanna-Osella",
        "type": "hut",
        "elevation": 1623,
        "sort_elevation": 1623,
        "website": "",
        "description": "",
        "osm_id": 334666078
      },
      "geometry": {
        "type": "Point",
        "coordinates": [
          8.2167116,
          45.7937623
        ]
      }
    },
    {
      "type": "Feature",
      "properties": {
        "id": 341800667,
        "name": "Rifugio Cai Città di Casale Monferrato",
        "type": "hut",
        "elevation": 1615,
        "sort_elevation": 1615,
        "website": "",
        "description": "",
        "osm_id": 341800667
      },
      "geometry": {
        "type": "Point",
        "coordinates": [
          7.7319935,
          45.8578067
        ]
      }
    },
    {
      "type": "Feature",
      "properties": {
        "id": 348623121,
        "name": "Bivacco Usuelli",
        "type": "bivouac",
        "elevation": 1900,
        "sort_elevation": 1900,
        "website": "",
        "description": "Chiedere le chiavi al ristorante di Albogno",
        "osm_id": 348623121
      },
      "geometry": {
        "type": "Point",
        "coordinates": [
          8.4067304,
          46.1618961
        ]
      }
    },
    {
      "type": "Feature",
      "properties": {
        "id": 372980705,
        "name": "Ristoro \"San Martino\"",
        "type": "hut",
        "elevation": 1084,
        "sort_elevation": 1084,
        "website": "",
        "description": "",
        "osm_id": 372980705
      },
      "geometry": {
        "type": "Point",
        "coordinates": [
          8.7446526,
          45.9262782
        ]
      }
    },
    {
      "type": "Feature",
      "properties": {
        "id": 373734162,
        "name": "Rifugio Fondomonfracchio",
        "type": "bivouac",
        "elevation": 1072,
        "sort_elevation": 1072,
        "website": "",
        "description": "",
        "osm_id": 373734162
      },
      "geometry": {
        "type": "Point",
        "coordinates": [
          8.5157781,
          46.1998974
        ]
      }
    },
    {
      "type": "Feature",
      "properties": {
        "id": 378143350,
        "name": "Bivacco Scaredi",
        "type": "bivouac",
        "elevation": 1841,
        "sort_elevation": 1841,
        "website": "",
        "description": "",
        "osm_id": 378143350
      },
      "geometry": {
        "type": "Point",
        "coordinates": [
          8.4707792,
          46.0651069
        ]
      }
    },
    {
      "type": "Feature",
      "properties": {
        "id": 378143351,
        "name": "Bivacco Alpe Vald di Sopra",
        "type": "bivouac",
        "elevation": "N/D",
        "sort_elevation": 0,
        "website": "",
        "description": "",
        "osm_id": 378143351
      },
      "geometry": {
        "type": "Point",
        "coordinates": [
          8.4215295,
          46.07682
        ]
      }
    },
    {
      "type": "Feature",
      "properties": {
        "id": 378143358,
        "name": "Bivacco Alpe Mottac",
        "type": "bivouac",
        "elevation": 1690,
        "sort_elevation": 1690,
        "website": "",
        "description": "",
        "osm_id": 378143358
      },
      "geometry": {
        "type": "Point",
        "coordinates": [
          8.4042828,
          46.061124
        ]
      }
    },
    {
      "type": "Feature",
      "properties": {
        "id": 415094720,
        "name": "Alpe Nuovo",
        "type": "hut",
        "elevation": 1205,
        "sort_elevation": 1205,
        "website": "http://www.caibaveno.it/rifugio-alpe-nuovo.html",
        "description": "",
        "osm_id": 415094720
      },
      "geometry": {
        "type": "Point",
        "coordinates": [
          8.4561453,
          45.8941063
        ]
      }
    },
    {
      "type": "Feature",
      "properties": {
        "id": 416228332,
        "name": "Rifugio Alpino Giuseppe Sangiani",
        "type": "bivouac",
        "elevation": 713,
        "sort_elevation": 713,
        "website": "https://www.instagram.com/amicidelpiandellenoci/",
        "description": "",
        "osm_id": 416228332
      },
      "geometry": {
        "type": "Point",
        "coordinates": [
          8.7258807,
          45.8769919
        ]
      }
    },
    {
      "type": "Feature",
      "properties": {
        "id": 423462434,
        "name": "Bivacco Val Gabbio",
        "type": "bivouac",
        "elevation": 980,
        "sort_elevation": 980,
        "website": "",
        "description": "",
        "osm_id": 423462434
      },
      "geometry": {
        "type": "Point",
        "coordinates": [
          8.3968798,
          46.0489645
        ]
      }
    },
    {
      "type": "Feature",
      "properties": {
        "id": 427712538,
        "name": "Bivacco Alpe Rina",
        "type": "bivouac",
        "elevation": 1720,
        "sort_elevation": 1720,
        "website": "",
        "description": "",
        "osm_id": 427712538
      },
      "geometry": {
        "type": "Point",
        "coordinates": [
          8.3567558,
          46.0833832
        ]
      }
    },
    {
      "type": "Feature",
      "properties": {
        "id": 427779414,
        "name": "Bivacco Alpe Ragozzale",
        "type": "bivouac",
        "elevation": 1912,
        "sort_elevation": 1912,
        "website": "",
        "description": "Renovation in June 2016",
        "osm_id": 427779414
      },
      "geometry": {
        "type": "Point",
        "coordinates": [
          8.3646072,
          46.0696399
        ]
      }
    },
    {
      "type": "Feature",
      "properties": {
        "id": 427780396,
        "name": "Bivacco Cortechiuso",
        "type": "bivouac",
        "elevation": 1883,
        "sort_elevation": 1883,
        "website": "",
        "description": "chiedere la chiave a comune di Malesco",
        "osm_id": 427780396
      },
      "geometry": {
        "type": "Point",
        "coordinates": [
          8.4847673,
          46.0680292
        ]
      }
    },
    {
      "type": "Feature",
      "properties": {
        "id": 435039555,
        "name": "Bivacco Pozzolo",
        "type": "bivouac",
        "elevation": "N/D",
        "sort_elevation": 0,
        "website": "",
        "description": "",
        "osm_id": 435039555
      },
      "geometry": {
        "type": "Point",
        "coordinates": [
          8.3402509,
          46.0684368
        ]
      }
    },
    {
      "type": "Feature",
      "properties": {
        "id": 442266686,
        "name": "Schalijochbiwak",
        "type": "hut",
        "elevation": 3786,
        "sort_elevation": 3786,
        "website": "https://www.sac-basel.ch/",
        "description": "",
        "osm_id": 442266686
      },
      "geometry": {
        "type": "Point",
        "coordinates": [
          7.7095224,
          46.0933197
        ]
      }
    },
    {
      "type": "Feature",
      "properties": {
        "id": 448041843,
        "name": "Bivacco Alpe Vou - Rifugio du Francia",
        "type": "bivouac",
        "elevation": "N/D",
        "sort_elevation": 0,
        "website": "",
        "description": "",
        "osm_id": 448041843
      },
      "geometry": {
        "type": "Point",
        "coordinates": [
          8.4948466,
          46.0703058
        ]
      }
    },
    {
      "type": "Feature",
      "properties": {
        "id": 448808953,
        "name": "Unknown (bivouac)",
        "type": "bivouac",
        "elevation": "N/D",
        "sort_elevation": 0,
        "website": "",
        "description": "",
        "osm_id": 448808953
      },
      "geometry": {
        "type": "Point",
        "coordinates": [
          8.7380598,
          45.9104088
        ]
      }
    },
    {
      "type": "Feature",
      "properties": {
        "id": 455935466,
        "name": "Bivacco Emilio Greppi",
        "type": "bivouac",
        "elevation": 1915,
        "sort_elevation": 1915,
        "website": "",
        "description": "",
        "osm_id": 455935466
      },
      "geometry": {
        "type": "Point",
        "coordinates": [
          8.4929638,
          46.1816319
        ]
      }
    },
    {
      "type": "Feature",
      "properties": {
        "id": 473616354,
        "name": "Cappella-bivacco della Fulka",
        "type": "bivouac",
        "elevation": 1430,
        "sort_elevation": 1430,
        "website": "",
        "description": "",
        "osm_id": 473616354
      },
      "geometry": {
        "type": "Point",
        "coordinates": [
          8.55318,
          46.0725481
        ]
      }
    },
    {
      "type": "Feature",
      "properties": {
        "id": 490283346,
        "name": "Bivacco Serena",
        "type": "bivouac",
        "elevation": 888,
        "sort_elevation": 888,
        "website": "",
        "description": "",
        "osm_id": 490283346
      },
      "geometry": {
        "type": "Point",
        "coordinates": [
          8.4462288,
          45.9991362
        ]
      }
    },
    {
      "type": "Feature",
      "properties": {
        "id": 518897464,
        "name": "Unknown (bivouac)",
        "type": "bivouac",
        "elevation": "N/D",
        "sort_elevation": 0,
        "website": "",
        "description": "",
        "osm_id": 518897464
      },
      "geometry": {
        "type": "Point",
        "coordinates": [
          8.1409822,
          45.743184
        ]
      }
    },
    {
      "type": "Feature",
      "properties": {
        "id": 531224184,
        "name": "Rifugio Monte Barone",
        "type": "hut",
        "elevation": 1585,
        "sort_elevation": 1585,
        "website": "",
        "description": "",
        "osm_id": 531224184
      },
      "geometry": {
        "type": "Point",
        "coordinates": [
          8.1617144,
          45.7280586
        ]
      }
    },
    {
      "type": "Feature",
      "properties": {
        "id": 531224299,
        "name": "Baita Ranzola",
        "type": "bivouac",
        "elevation": "N/D",
        "sort_elevation": 0,
        "website": "",
        "description": "",
        "osm_id": 531224299
      },
      "geometry": {
        "type": "Point",
        "coordinates": [
          8.1608083,
          45.7195829
        ]
      }
    },
    {
      "type": "Feature",
      "properties": {
        "id": 531225410,
        "name": "Rifugio Moglietti",
        "type": "hut",
        "elevation": "N/D",
        "sort_elevation": 0,
        "website": "",
        "description": "",
        "osm_id": 531225410
      },
      "geometry": {
        "type": "Point",
        "coordinates": [
          8.1979938,
          45.6912004
        ]
      }
    },
    {
      "type": "Feature",
      "properties": {
        "id": 531225733,
        "name": "Bivacco Cascinetta",
        "type": "bivouac",
        "elevation": "N/D",
        "sort_elevation": 0,
        "website": "",
        "description": "",
        "osm_id": 531225733
      },
      "geometry": {
        "type": "Point",
        "coordinates": [
          8.15154,
          45.7207623
        ]
      }
    },
    {
      "type": "Feature",
      "properties": {
        "id": 544396494,
        "name": "Rifugio Lago della Vecchia",
        "type": "hut",
        "elevation": 1872,
        "sort_elevation": 1872,
        "website": "",
        "description": "",
        "osm_id": 544396494
      },
      "geometry": {
        "type": "Point",
        "coordinates": [
          7.9166807,
          45.6938874
        ]
      }
    },
    {
      "type": "Feature",
      "properties": {
        "id": 624735356,
        "name": "Unknown (bivouac)",
        "type": "bivouac",
        "elevation": "N/D",
        "sort_elevation": 0,
        "website": "",
        "description": "",
        "osm_id": 624735356
      },
      "geometry": {
        "type": "Point",
        "coordinates": [
          8.031696,
          45.6828617
        ]
      }
    },
    {
      "type": "Feature",
      "properties": {
        "id": 624736292,
        "name": "Alpe Artignaga",
        "type": "bivouac",
        "elevation": "N/D",
        "sort_elevation": 0,
        "website": "",
        "description": "",
        "osm_id": 624736292
      },
      "geometry": {
        "type": "Point",
        "coordinates": [
          8.0317435,
          45.682912
        ]
      }
    },
    {
      "type": "Feature",
      "properties": {
        "id": 708274428,
        "name": "Rifugio Città di Mantova",
        "type": "hut",
        "elevation": 3498,
        "sort_elevation": 3498,
        "website": "https://www.rifugiomantova.it/",
        "description": "",
        "osm_id": 708274428
      },
      "geometry": {
        "type": "Point",
        "coordinates": [
          7.8479735,
          45.8953499
        ]
      }
    },
    {
      "type": "Feature",
      "properties": {
        "id": 732768042,
        "name": "La Spelonca",
        "type": "bivouac",
        "elevation": "N/D",
        "sort_elevation": 0,
        "website": "",
        "description": "",
        "osm_id": 732768042
      },
      "geometry": {
        "type": "Point",
        "coordinates": [
          8.1567385,
          45.7218155
        ]
      }
    },
    {
      "type": "Feature",
      "properties": {
        "id": 810794662,
        "name": "Rifugio Grauson",
        "type": "hut",
        "elevation": 2510,
        "sort_elevation": 2510,
        "website": "https://www.rifugiograuson.it/",
        "description": "",
        "osm_id": 810794662
      },
      "geometry": {
        "type": "Point",
        "coordinates": [
          7.4120386,
          45.6412681
        ]
      }
    },
    {
      "type": "Feature",
      "properties": {
        "id": 916916667,
        "name": "Unknown (hut)",
        "type": "hut",
        "elevation": "N/D",
        "sort_elevation": 0,
        "website": "",
        "description": "",
        "osm_id": 916916667
      },
      "geometry": {
        "type": "Point",
        "coordinates": [
          8.1840658,
          46.1575378
        ]
      }
    },
    {
      "type": "Feature",
      "properties": {
        "id": 969841735,
        "name": "Rifugio Ciavanassa",
        "type": "hut",
        "elevation": 1874,
        "sort_elevation": 1874,
        "website": "",
        "description": "Il Rifugio Ciavanassa si trova sul versante piemontese del Parco Nazionale Gran Paradiso, in Valle Soana. Con una semplice camminata di circa 45/50 minuti si raggiunge la struttura, da dove si gode del paesaggio naturalistico del Parco.",
        "osm_id": 969841735
      },
      "geometry": {
        "type": "Point",
        "coordinates": [
          7.5697482,
          45.565501
        ]
      }
    },
    {
      "type": "Feature",
      "properties": {
        "id": 997014697,
        "name": "Cabane de la Rèche",
        "type": "bivouac",
        "elevation": 2377,
        "sort_elevation": 2377,
        "website": "",
        "description": "",
        "osm_id": 997014697
      },
      "geometry": {
        "type": "Point",
        "coordinates": [
          7.5042088,
          46.1901228
        ]
      }
    },
    {
      "type": "Feature",
      "properties": {
        "id": 1037853142,
        "name": "Unknown (bivouac)",
        "type": "bivouac",
        "elevation": "N/D",
        "sort_elevation": 0,
        "website": "",
        "description": "",
        "osm_id": 1037853142
      },
      "geometry": {
        "type": "Point",
        "coordinates": [
          8.2097402,
          45.6101721
        ]
      }
    },
    {
      "type": "Feature",
      "properties": {
        "id": 1194998845,
        "name": "Bivacco Tavernetta",
        "type": "bivouac",
        "elevation": "N/D",
        "sort_elevation": 0,
        "website": "",
        "description": "",
        "osm_id": 1194998845
      },
      "geometry": {
        "type": "Point",
        "coordinates": [
          8.1047684,
          46.0031452
        ]
      }
    },
    {
      "type": "Feature",
      "properties": {
        "id": 1200927814,
        "name": "bivacco Pian Pumper m.2361",
        "type": "bivouac",
        "elevation": "N/D",
        "sort_elevation": 0,
        "website": "",
        "description": "",
        "osm_id": 1200927814
      },
      "geometry": {
        "type": "Point",
        "coordinates": [
          8.2397805,
          46.1746474
        ]
      }
    },
    {
      "type": "Feature",
      "properties": {
        "id": 1202566252,
        "name": "Unknown (bivouac)",
        "type": "bivouac",
        "elevation": "N/D",
        "sort_elevation": 0,
        "website": "",
        "description": "",
        "osm_id": 1202566252
      },
      "geometry": {
        "type": "Point",
        "coordinates": [
          7.8894748,
          45.9443294
        ]
      }
    },
    {
      "type": "Feature",
      "properties": {
        "id": 1264490199,
        "name": "Colonia Eliot. ca",
        "type": "hut",
        "elevation": "N/D",
        "sort_elevation": 0,
        "website": "",
        "description": "",
        "osm_id": 1264490199
      },
      "geometry": {
        "type": "Point",
        "coordinates": [
          8.6710703,
          45.9298634
        ]
      }
    },
    {
      "type": "Feature",
      "properties": {
        "id": 1294080584,
        "name": "Rothornhütte",
        "type": "hut",
        "elevation": 3180,
        "sort_elevation": 3180,
        "website": "https://www.rothornhuette-sac.ch/",
        "description": "",
        "osm_id": 1294080584
      },
      "geometry": {
        "type": "Point",
        "coordinates": [
          7.6972872,
          46.0481738
        ]
      }
    },
    {
      "type": "Feature",
      "properties": {
        "id": 1334531084,
        "name": "Unknown (bivouac)",
        "type": "bivouac",
        "elevation": "N/D",
        "sort_elevation": 0,
        "website": "",
        "description": "",
        "osm_id": 1334531084
      },
      "geometry": {
        "type": "Point",
        "coordinates": [
          8.7582134,
          45.8833583
        ]
      }
    },
    {
      "type": "Feature",
      "properties": {
        "id": 1413821077,
        "name": "Bivacco Tête des Roses",
        "type": "bivouac",
        "elevation": 3215,
        "sort_elevation": 3215,
        "website": "https://www.clubalpinoaccademico.it/index.php/chi-siamo-2/bivacchi-2/item/155-bivacco-tete-del-roeses",
        "description": "",
        "osm_id": 1413821077
      },
      "geometry": {
        "type": "Point",
        "coordinates": [
          7.5758436,
          45.9493759
        ]
      }
    },
    {
      "type": "Feature",
      "properties": {
        "id": 1421422094,
        "name": "Baita San Francesco",
        "type": "bivouac",
        "elevation": "N/D",
        "sort_elevation": 0,
        "website": "",
        "description": "",
        "osm_id": 1421422094
      },
      "geometry": {
        "type": "Point",
        "coordinates": [
          8.6918344,
          45.9303786
        ]
      }
    },
    {
      "type": "Feature",
      "properties": {
        "id": 1421422096,
        "name": "Unknown (bivouac)",
        "type": "bivouac",
        "elevation": "N/D",
        "sort_elevation": 0,
        "website": "",
        "description": "",
        "osm_id": 1421422096
      },
      "geometry": {
        "type": "Point",
        "coordinates": [
          8.7039523,
          45.9276652
        ]
      }
    },
    {
      "type": "Feature",
      "properties": {
        "id": 1448704493,
        "name": "Bivacco Alpe Sui",
        "type": "bivouac",
        "elevation": "N/D",
        "sort_elevation": 0,
        "website": "",
        "description": "",
        "osm_id": 1448704493
      },
      "geometry": {
        "type": "Point",
        "coordinates": [
          8.3105807,
          46.0182707
        ]
      }
    },
    {
      "type": "Feature",
      "properties": {
        "id": 11105141,
        "name": "Bordierhütte",
        "type": "hut",
        "elevation": 2886,
        "sort_elevation": 2886,
        "website": "https://bordierhuette.com/",
        "description": "",
        "osm_id": 11105141
      },
      "geometry": {
        "type": "Point",
        "coordinates": [
          7.8498478,
          46.1446034
        ]
      }
    },
    {
      "type": "Feature",
      "properties": {
        "id": 19659191,
        "name": "Cabane de Tracuit CAS",
        "type": "hut",
        "elevation": 3256,
        "sort_elevation": 3256,
        "website": "https://www.cas-chaussy.ch/",
        "description": "",
        "osm_id": 19659191
      },
      "geometry": {
        "type": "Point",
        "coordinates": [
          7.6794152,
          46.1303111
        ]
      }
    }
  ]
}